Dataset_Name,Dataset_Type,K_Value,Q_Budget,Iteration,Exec_Time_Coreset,Cost_P_C_Baseline,Cost_Q_C_prime,Cost_P_C_prime,Cost_Random,Exec_Time_Random
birb,image,2,64,0,0.1357,43213.3984375,40866.48828125,44093.63,43985.094,0.0343
birb,image,2,64,1,0.1484,43213.3984375,43515.25390625,43817.96,44556.1,0.034
birb,image,2,64,2,0.1562,43213.3984375,43616.8515625,43333.18,44097.87,0.0465
birb,image,2,64,3,0.1404,43213.3984375,41814.984375,44249.71,54640.473,0.0331
birb,image,2,64,4,0.1524,43213.3984375,41927.2265625,43813.914,44815.6,0.0347
birb,image,2,64,5,0.139,43213.3984375,42346.6953125,43731.164,46290.902,0.0365
birb,image,2,64,6,0.1647,43213.3984375,42407.2109375,45062.58,46711.906,0.0699
birb,image,2,64,7,0.188,43213.3984375,39670.12890625,46885.297,44698.934,0.0327
birb,image,2,64,8,0.1795,43213.3984375,41064.8515625,46328.008,43540.492,0.0369
birb,image,2,64,9,0.1709,43213.3984375,42044.0859375,43915.723,44338.527,0.0439
birb,image,2,128,0,0.153,43213.3984375,43522.5625,43688.31,45281.54,0.0377
birb,image,2,128,1,0.158,43213.3984375,43352.078125,43331.93,44520.906,0.0361
birb,image,2,128,2,0.1682,43213.3984375,43188.9765625,43388.91,43495.113,0.0389
birb,image,2,128,3,0.1631,43213.3984375,41528.7890625,43529.6,45686.0,0.0373
birb,image,2,128,4,0.1427,43213.3984375,43190.6796875,44085.64,46477.457,0.0397
birb,image,2,128,5,0.1587,43213.3984375,44124.76171875,43619.797,43455.6,0.0324
birb,image,2,128,6,0.1408,43213.3984375,42173.83984375,43605.32,43878.664,0.0367
birb,image,2,128,7,0.1434,43213.3984375,42667.0703125,43273.75,45069.934,0.0329
birb,image,2,128,8,0.1406,43213.3984375,41752.734375,43884.02,43791.92,0.0346
birb,image,2,128,9,0.2301,43213.3984375,43486.7734375,44263.06,44394.867,0.0338
birb,image,2,256,0,0.184,43213.3984375,42059.49609375,44793.55,44548.492,0.0403
birb,image,2,256,1,0.1663,43213.3984375,43821.6640625,43277.168,43292.055,0.0366
birb,image,2,256,2,0.1801,43213.3984375,44273.4765625,43261.535,43262.133,0.037
birb,image,2,256,3,0.209,43213.3984375,43768.08203125,43237.03,44771.438,0.0393
birb,image,2,256,4,0.2082,43213.3984375,41800.4375,43599.31,43346.5,0.0347
birb,image,2,256,5,0.1909,43213.3984375,43671.08984375,43351.992,43336.66,0.0352
birb,image,2,256,6,0.1806,43213.3984375,42626.91015625,43890.633,43630.9,0.0362
birb,image,2,256,7,0.1548,43213.3984375,43836.73046875,43395.805,45159.043,0.034
birb,image,2,256,8,0.1655,43213.3984375,42323.5859375,43951.617,43620.582,0.0363
birb,image,2,256,9,0.1748,43213.3984375,43090.92578125,43772.383,43954.062,0.0342
birb,image,2,512,0,0.1638,43213.3984375,44083.69921875,43346.844,43627.984,0.0411
birb,image,2,512,1,0.1738,43213.3984375,43408.70703125,43527.74,43457.586,0.0344
birb,image,2,512,2,0.1434,43213.3984375,42933.48046875,43258.53,43324.64,0.0464
birb,image,2,512,3,0.1782,43213.3984375,42856.48046875,43254.14,43399.47,0.0344
birb,image,2,512,4,0.1618,43213.3984375,42941.23828125,43424.977,43270.76,0.0371
birb,image,2,512,5,0.1467,43213.3984375,43292.95703125,43263.234,43538.223,0.0469
birb,image,2,512,6,0.1562,43213.3984375,42857.09765625,43312.58,43368.273,0.0369
birb,image,2,512,7,0.1499,43213.3984375,43565.0703125,43268.562,43438.746,0.0576
birb,image,2,512,8,0.1879,43213.3984375,42322.21875,43485.742,43805.72,0.0386
birb,image,2,512,9,0.1414,43213.3984375,43010.2109375,43471.906,44015.375,0.0392
birb,image,2,1024,0,0.1507,43213.3984375,43585.1328125,43344.652,43271.133,0.0389
birb,image,2,1024,1,0.1921,43213.3984375,42991.56640625,43302.69,43276.12,0.0404
birb,image,2,1024,2,0.1713,43213.3984375,42961.03515625,43250.74,43390.836,0.0422
birb,image,2,1024,3,0.1565,43213.3984375,43142.265625,43394.594,43512.836,0.0467
birb,image,2,1024,4,0.1935,43213.3984375,42132.1640625,43864.383,43919.562,0.0409
birb,image,2,1024,5,0.1407,43213.3984375,42766.0625,43379.36,43235.438,0.0364
birb,image,2,1024,6,0.1764,43213.3984375,43614.4375,43220.523,43344.21,0.0363
birb,image,2,1024,7,0.1377,43213.3984375,43144.0703125,43295.664,43236.93,0.0374
birb,image,2,1024,8,0.1551,43213.3984375,42778.3671875,43226.68,43396.152,0.0348
birb,image,2,1024,9,0.1857,43213.3984375,42941.13671875,43257.47,43285.953,0.0405
birb,image,2,4096,0,0.1813,43213.3984375,43120.06640625,43220.836,43223.016,0.0501
birb,image,2,4096,1,0.1576,43213.3984375,43121.1171875,43214.406,43215.42,0.0527
birb,image,2,4096,2,0.1698,43213.3984375,43449.9921875,43237.58,43283.28,0.0639
birb,image,2,4096,3,0.1628,43213.3984375,43266.234375,43220.855,43316.566,0.0426
birb,image,2,4096,4,0.1551,43213.3984375,43280.8515625,43249.234,43376.15,0.068
birb,image,2,4096,5,0.2004,43213.3984375,43111.0546875,43221.91,43342.766,0.0526
birb,image,2,4096,6,0.1871,43213.3984375,43291.921875,43215.188,43233.57,0.0421
birb,image,2,4096,7,0.1948,43213.3984375,43086.01171875,43230.164,43222.273,0.0659
birb,image,2,4096,8,0.2097,43213.3984375,43109.11328125,43219.07,43225.363,0.0438
birb,image,2,4096,9,0.1572,43213.3984375,42879.96875,43224.164,43253.875,0.0403
birb,image,2,8192,0,0.176,43213.3984375,43371.73046875,43219.0,43222.242,0.051
birb,image,2,8192,1,0.1573,43213.3984375,43317.43359375,43215.906,43214.24,0.0538
birb,image,2,8192,2,0.152,43213.3984375,43080.65234375,43220.145,43216.086,0.0467
birb,image,2,8192,3,0.1602,43213.3984375,43246.78515625,43218.055,43218.805,0.0658
birb,image,2,8192,4,0.1543,43213.3984375,43171.53515625,43223.887,43221.555,0.0675
birb,image,2,8192,5,0.2416,43213.3984375,43179.79296875,43231.85,43216.85,0.0487
birb,image,2,8192,6,0.1688,43213.3984375,43085.1796875,43215.04,43218.73,0.0537
birb,image,2,8192,7,0.1672,43213.3984375,43190.203125,43227.17,43247.633,0.0507
birb,image,2,8192,8,0.1785,43213.3984375,43111.32421875,43237.367,43219.117,0.0678
birb,image,2,8192,9,0.1634,43213.3984375,43143.99609375,43237.46,43215.945,0.0532
birb,image,4,64,0,0.3776,16107.64453125,18618.923828125,18565.375,20812.9,0.0359
birb,image,4,64,1,0.3633,16107.64453125,14754.5810546875,17274.531,17198.21,0.0382
birb,image,4,64,2,0.3762,16107.64453125,14106.7158203125,18464.617,16714.238,0.0373
birb,image,4,64,3,0.3176,16107.64453125,16142.1376953125,16579.02,20439.152,0.0357
birb,image,4,64,4,0.3885,16107.64453125,16226.193359375,18556.146,19255.004,0.0505
birb,image,4,64,5,0.3328,16107.64453125,15468.185546875,16545.445,20420.166,0.0368
birb,image,4,64,6,0.3106,16107.64453125,14577.92578125,17253.328,20054.504,0.0441
birb,image,4,64,7,0.3709,16107.64453125,15746.5048828125,20859.453,17760.254,0.0391
birb,image,4,64,8,0.2674,16107.64453125,14380.6181640625,17363.459,18154.965,0.044
birb,image,4,64,9,0.3137,16107.64453125,15731.076171875,16615.06,19783.535,0.0342
birb,image,4,128,0,0.3404,16107.64453125,15772.611328125,16503.96,18019.516,0.0397
birb,image,4,128,1,0.3596,16107.64453125,15167.6796875,16966.281,16453.523,0.0376
birb,image,4,128,2,0.4198,16107.64453125,15571.57421875,16630.973,17487.117,0.0371
birb,image,4,128,3,0.3478,16107.64453125,15543.5458984375,16300.543,16384.977,0.0413
birb,image,4,128,4,0.3762,16107.64453125,15577.701171875,16470.547,19151.008,0.0378
birb,image,4,128,5,0.3601,16107.64453125,15368.6962890625,16446.844,18092.43,0.0369
birb,image,4,128,6,0.3715,16107.64453125,15811.14453125,16375.947,17278.828,0.0368
birb,image,4,128,7,0.2814,16107.64453125,16279.8369140625,16718.176,17777.602,0.0353
birb,image,4,128,8,0.3208,16107.64453125,14085.93359375,16936.895,16685.422,0.0374
birb,image,4,128,9,0.3612,16107.64453125,15659.037109375,16353.225,16830.938,0.0373
birb,image,4,256,0,0.4705,16107.64453125,15417.841796875,16577.627,19279.191,0.0389
birb,image,4,256,1,0.3181,16107.64453125,15877.837890625,16297.395,16569.713,0.0362
birb,image,4,256,2,0.3249,16107.64453125,16183.806640625,16343.746,17612.574,0.0396
birb,image,4,256,3,0.3478,16107.64453125,15587.1318359375,16474.623,18583.832,0.0362
birb,image,4,256,4,0.4368,16107.64453125,15661.759765625,16479.133,16981.855,0.0393
birb,image,4,256,5,0.3583,16107.64453125,16080.2666015625,16902.674,19701.217,0.0368
birb,image,4,256,6,0.3909,16107.64453125,15620.4072265625,16339.523,16292.457,0.0393
birb,image,4,256,7,0.3372,16107.64453125,16101.5126953125,16482.72,16352.533,0.0356
birb,image,4,256,8,0.4311,16107.64453125,15625.5341796875,16373.461,16212.739,0.0384
birb,image,4,256,9,0.3843,16107.64453125,15554.171875,16457.154,18537.576,0.0382
birb,image,4,512,0,0.4137,16107.64453125,15979.9541015625,16363.616,16273.603,0.0435
birb,image,4,512,1,0.3298,16107.64453125,16056.7373046875,16304.297,16288.094,0.0387
birb,image,4,512,2,0.3142,16107.64453125,15705.37890625,16207.511,16165.135,0.039
birb,image,4,512,3,0.4809,16107.64453125,15345.017578125,16777.33,16594.084,0.0417
birb,image,4,512,4,0.4169,16107.64453125,16119.171875,16243.064,16292.685,0.0391
birb,image,4,512,5,0.3203,16107.64453125,16855.35546875,17392.1,16340.613,0.0376
birb,image,4,512,6,0.3523,16107.64453125,16016.099609375,16188.096,16253.953,0.0403
birb,image,4,512,7,0.3616,16107.64453125,15943.3564453125,16235.352,16237.092,0.0384
birb,image,4,512,8,0.3908,16107.64453125,15572.8623046875,16292.46,17145.0,0.0447
birb,image,4,512,9,0.3365,16107.64453125,16123.005859375,16228.875,16202.619,0.0424
birb,image,4,1024,0,0.3695,16107.64453125,15981.3603515625,16292.424,16182.105,0.0392
birb,image,4,1024,1,0.4069,16107.64453125,15947.5751953125,16181.027,16383.258,0.0394
birb,image,4,1024,2,0.3993,16107.64453125,15992.099609375,16270.677,16244.755,0.0397
birb,image,4,1024,3,0.3396,16107.64453125,16028.916015625,16189.453,16156.769,0.0379
birb,image,4,1024,4,0.4083,16107.64453125,16062.685546875,16129.933,16239.883,0.0398
birb,image,4,1024,5,0.4229,16107.64453125,16185.1005859375,16233.11,16155.432,0.0377
birb,image,4,1024,6,0.3153,16107.64453125,15953.1240234375,16120.342,16232.605,0.0385
birb,image,4,1024,7,0.4438,16107.64453125,15960.3916015625,16264.682,16147.89,0.0383
birb,image,4,1024,8,0.3916,16107.64453125,15784.779296875,16295.741,16205.301,0.0401
birb,image,4,1024,9,0.3406,16107.64453125,16028.203125,16218.496,16160.579,0.0387
birb,image,4,4096,0,0.3669,16107.64453125,16125.8896484375,16110.934,16125.973,0.0458
birb,image,4,4096,1,0.3244,16107.64453125,16104.9453125,16148.885,16115.896,0.0435
birb,image,4,4096,2,0.3349,16107.64453125,16187.8798828125,16117.08,16122.527,0.0487
birb,image,4,4096,3,0.4333,16107.64453125,16099.13671875,16169.284,16123.001,0.0582
birb,image,4,4096,4,0.4015,16107.64453125,16152.5087890625,16118.359,16121.773,0.0458
birb,image,4,4096,5,0.5534,16107.64453125,16125.697265625,16208.035,16168.982,0.0509
birb,image,4,4096,6,0.3665,16107.64453125,16045.3056640625,16107.26,16134.104,0.0451
birb,image,4,4096,7,0.2821,16107.64453125,16093.271484375,16108.182,16130.221,0.0461
birb,image,4,4096,8,0.4249,16107.64453125,16059.21875,16114.189,16156.66,0.0463
birb,image,4,4096,9,0.4032,16107.64453125,16101.0361328125,16133.547,16120.437,0.0798
birb,image,4,8192,0,0.6251,16107.64453125,16089.1640625,16108.786,16166.641,0.1011
birb,image,4,8192,1,0.4009,16107.64453125,16094.55078125,16123.976,16119.865,0.0464
birb,image,4,8192,2,0.3003,16107.64453125,16161.2587890625,16112.209,16115.489,0.0491
birb,image,4,8192,3,0.4376,16107.64453125,16160.345703125,16117.389,16120.609,0.0434
birb,image,4,8192,4,0.4534,16107.64453125,16104.94921875,16118.633,16132.07,0.0657
birb,image,4,8192,5,0.5918,16107.64453125,16115.681640625,16130.305,16116.485,0.0506
birb,image,4,8192,6,0.344,16107.64453125,16115.89453125,16106.292,16114.676,0.0478
birb,image,4,8192,7,0.3251,16107.64453125,16165.01171875,16108.826,16118.811,0.0474
birb,image,4,8192,8,0.3641,16107.64453125,16059.42578125,16115.22,16127.044,0.0631
birb,image,4,8192,9,0.4591,16107.64453125,16116.697265625,16118.058,16110.321,0.0704
birb,image,8,64,0,0.5431,8191.28955078125,6067.9443359375,9828.938,9734.582,0.0371
birb,image,8,64,1,0.4724,8191.28955078125,7300.19775390625,9432.088,9384.764,0.0361
birb,image,8,64,2,0.4091,8191.28955078125,7295.85107421875,10711.833,10414.679,0.0497
birb,image,8,64,3,0.3292,8191.28955078125,6802.5234375,10192.536,10842.154,0.0327
birb,image,8,64,4,0.3968,8191.28955078125,7569.8369140625,9467.492,9583.283,0.0363
birb,image,8,64,5,0.3979,8191.28955078125,8437.9521484375,9556.268,9468.485,0.0329
birb,image,8,64,6,0.497,8191.28955078125,6412.6953125,10737.257,10278.443,0.042
birb,image,8,64,7,0.3766,8191.28955078125,7103.3564453125,10109.281,10847.045,0.0365
birb,image,8,64,8,0.4135,8191.28955078125,6476.611328125,9738.808,11934.705,0.0393
birb,image,8,64,9,0.3808,8191.28955078125,7176.90185546875,10415.283,9068.18,0.0366
birb,image,8,128,0,0.4087,8191.28955078125,7184.0419921875,9681.076,9548.971,0.0385
birb,image,8,128,1,0.3864,8191.28955078125,7725.77783203125,8959.133,8758.629,0.0363
birb,image,8,128,2,0.3447,8191.28955078125,9112.46875,9801.701,10423.1045,0.0398
birb,image,8,128,3,0.348,8191.28955078125,7351.63525390625,9161.74,10227.002,0.0364
birb,image,8,128,4,0.4132,8191.28955078125,8292.720703125,9872.215,9910.826,0.0449
birb,image,8,128,5,0.3677,8191.28955078125,8715.21484375,10256.174,9759.137,0.0336
birb,image,8,128,6,0.356,8191.28955078125,7574.3955078125,9100.467,9122.475,0.037
birb,image,8,128,7,0.3528,8191.28955078125,7632.3525390625,8699.386,9821.238,0.036
birb,image,8,128,8,0.4425,8191.28955078125,7915.865234375,9455.574,9754.037,0.0379
birb,image,8,128,9,0.3819,8191.28955078125,8346.689453125,9910.604,8936.459,0.034
birb,image,8,256,0,0.328,8191.28955078125,8587.169921875,9451.641,10126.367,0.0475
birb,image,8,256,1,0.2956,8191.28955078125,8400.8837890625,9209.192,9255.293,0.0365
birb,image,8,256,2,0.3533,8191.28955078125,8451.337890625,8991.031,8564.76,0.0399
birb,image,8,256,3,0.4069,8191.28955078125,7941.7470703125,9233.716,8486.951,0.0328
birb,image,8,256,4,0.3804,8191.28955078125,8266.384765625,9141.451,9397.113,0.0383
birb,image,8,256,5,0.4788,8191.28955078125,7369.7529296875,8603.96,8891.037,0.0353
birb,image,8,256,6,0.7273,8191.28955078125,7496.078125,8532.588,8909.77,0.0402
birb,image,8,256,7,0.536,8191.28955078125,8368.833984375,9086.73,8718.99,0.0375
birb,image,8,256,8,0.3815,8191.28955078125,8479.1953125,9308.666,8359.985,0.0492
birb,image,8,256,9,0.527,8191.28955078125,8685.60546875,9284.904,9163.36,0.038
birb,image,8,512,0,0.4736,8191.28955078125,7861.29736328125,8529.037,9013.8125,0.0496
birb,image,8,512,1,0.5957,8191.28955078125,8028.98779296875,8425.266,8933.193,0.0355
birb,image,8,512,2,0.3676,8191.28955078125,8094.166015625,8334.639,9424.181,0.0389
birb,image,8,512,3,0.4104,8191.28955078125,8121.41455078125,8252.389,8875.632,0.0354
birb,image,8,512,4,0.3429,8191.28955078125,8338.24609375,8751.214,8843.109,0.0392
birb,image,8,512,5,0.3696,8191.28955078125,8014.47802734375,8353.01,9247.944,0.0379
birb,image,8,512,6,0.3116,8191.28955078125,8492.966796875,8718.421,9086.087,0.0402
birb,image,8,512,7,0.3056,8191.28955078125,7723.01318359375,8308.961,9263.737,0.0365
birb,image,8,512,8,0.3792,8191.28955078125,7794.7802734375,8383.301,8764.047,0.0388
birb,image,8,512,9,0.3435,8191.28955078125,7550.3349609375,8357.18,8774.408,0.0361
birb,image,8,1024,0,0.4677,8191.28955078125,8902.330078125,9018.403,8352.16,0.0411
birb,image,8,1024,1,0.3986,8191.28955078125,7941.18115234375,8267.223,8468.578,0.0366
birb,image,8,1024,2,0.4746,8191.28955078125,8224.2080078125,8703.725,8732.177,0.0401
birb,image,8,1024,3,0.4467,8191.28955078125,8390.0048828125,8822.752,8298.338,0.0361
birb,image,8,1024,4,0.3372,8191.28955078125,8513.1435546875,8691.821,8299.064,0.0393
birb,image,8,1024,5,0.379,8191.28955078125,8809.07421875,9011.194,8273.268,0.0392
birb,image,8,1024,6,0.4037,8191.28955078125,9189.48828125,9130.955,9270.61,0.0437
birb,image,8,1024,7,0.3801,8191.28955078125,8030.2578125,8314.392,9111.887,0.036
birb,image,8,1024,8,0.7591,8191.28955078125,8457.5615234375,8741.131,9092.183,0.0398
birb,image,8,1024,9,0.4226,8191.28955078125,8140.00732421875,8336.084,8296.131,0.0355
birb,image,8,4096,0,0.3163,8191.28955078125,9135.5400390625,9250.568,8212.166,0.0433
birb,image,8,4096,1,0.3112,8191.28955078125,8159.33447265625,8244.715,8238.981,0.0387
birb,image,8,4096,2,0.3317,8191.28955078125,8728.7744140625,8847.53,8979.035,0.0419
birb,image,8,4096,3,0.4316,8191.28955078125,8226.6376953125,8233.496,8221.616,0.0894
birb,image,8,4096,4,0.5807,8191.28955078125,8146.59228515625,8213.25,8650.557,0.0767
birb,image,8,4096,5,0.3753,8191.28955078125,8453.8671875,8649.26,8235.33,0.0393
birb,image,8,4096,6,0.3453,8191.28955078125,8079.634765625,8219.914,8626.307,0.0431
birb,image,8,4096,7,0.3504,8191.28955078125,8171.01318359375,8214.491,8707.557,0.044
birb,image,8,4096,8,0.3637,8191.28955078125,8518.95703125,8559.57,8874.52,0.0425
birb,image,8,4096,9,0.3637,8191.28955078125,8208.984375,8216.972,8202.02,0.0432
birb,image,8,8192,0,0.3658,8191.28955078125,8542.939453125,8611.869,8199.518,0.0495
birb,image,8,8192,1,0.5952,8191.28955078125,8789.025390625,8850.871,8215.568,0.0423
birb,image,8,8192,2,0.8283,8191.28955078125,8457.2626953125,8571.568,9285.111,0.0564
birb,image,8,8192,3,0.4732,8191.28955078125,8204.2802734375,8198.814,8704.412,0.0484
birb,image,8,8192,4,0.3129,8191.28955078125,8275.45703125,8200.174,8844.213,0.0448
birb,image,8,8192,5,0.3467,8191.28955078125,8241.25,8200.637,8202.056,0.064
birb,image,8,8192,6,0.4352,8191.28955078125,8911.5537109375,8976.371,8198.777,0.049
birb,image,8,8192,7,0.704,8191.28955078125,8764.7568359375,8826.645,8608.083,0.059
birb,image,8,8192,8,0.5138,8191.28955078125,8595.64453125,8633.554,8616.314,0.0635
birb,image,8,8192,9,0.4429,8191.28955078125,8645.384765625,8638.871,8202.525,0.0547
birb,image,16,64,0,0.3068,4265.03564453125,3151.5703125,5752.452,5492.754,0.0356
birb,image,16,64,1,0.3823,4265.03564453125,3226.6845703125,4872.9346,5903.009,0.0378
birb,image,16,64,2,0.6803,4265.03564453125,2833.8681640625,5299.268,5822.083,0.0424
birb,image,16,64,3,0.4611,4265.03564453125,3311.66943359375,5342.9297,5918.451,0.0325
birb,image,16,64,4,0.5583,4265.03564453125,3342.08935546875,5394.5845,5752.3584,0.0414
birb,image,16,64,5,0.4164,4265.03564453125,2938.576171875,5364.24,6794.5586,0.0374
birb,image,16,64,6,0.3777,4265.03564453125,3353.440673828125,5131.2153,5498.6836,0.0419
birb,image,16,64,7,0.5554,4265.03564453125,2420.950927734375,5300.174,5889.528,0.0353
birb,image,16,64,8,0.5142,4265.03564453125,3267.654052734375,5288.8135,5297.658,0.0583
birb,image,16,64,9,0.7422,4265.03564453125,3164.009521484375,5366.3643,6527.85,0.0361
birb,image,16,128,0,0.454,4265.03564453125,3954.659423828125,4940.5874,4992.828,0.042
birb,image,16,128,1,0.3198,4265.03564453125,4292.55615234375,5257.5366,5201.8564,0.045
birb,image,16,128,2,0.6979,4265.03564453125,3884.16357421875,4997.2705,5319.291,0.0419
birb,image,16,128,3,0.9143,4265.03564453125,3497.921142578125,4729.1094,5275.7363,0.0371
birb,image,16,128,4,0.7119,4265.03564453125,3553.0810546875,5073.6797,4648.96,0.0349
birb,image,16,128,5,0.4673,4265.03564453125,3547.977294921875,4697.9375,5523.1553,0.0348
birb,image,16,128,6,0.3767,4265.03564453125,3558.308837890625,4679.54,5061.298,0.0384
birb,image,16,128,7,0.6311,4265.03564453125,3755.267822265625,4923.7305,5166.183,0.0376
birb,image,16,128,8,0.7065,4265.03564453125,4230.0654296875,5514.9995,5075.1885,0.0398
birb,image,16,128,9,0.3355,4265.03564453125,3354.541259765625,4997.923,5074.1797,0.0353
birb,image,16,256,0,0.3991,4265.03564453125,4460.32080078125,5063.95,4996.4307,0.0464
birb,image,16,256,1,0.6955,4265.03564453125,3826.995361328125,4728.4907,5217.1016,0.0323
birb,image,16,256,2,0.4044,4265.03564453125,3820.57568359375,4800.873,5453.174,0.0376
birb,image,16,256,3,0.3156,4265.03564453125,4020.16796875,4447.07,4908.9443,0.0378
birb,image,16,256,4,0.33,4265.03564453125,3884.0400390625,4828.897,4770.5312,0.0574
birb,image,16,256,5,0.4762,4265.03564453125,3945.99951171875,4810.2285,5233.329,0.0353
birb,image,16,256,6,0.5916,4265.03564453125,3782.934814453125,4623.4785,4723.6963,0.0565
birb,image,16,256,7,0.5827,4265.03564453125,3571.57177734375,4520.826,4881.3022,0.0358
birb,image,16,256,8,0.3025,4265.03564453125,3926.308349609375,4657.9624,4904.5405,0.0379
birb,image,16,256,9,0.4491,4265.03564453125,3855.641845703125,4849.7065,4809.4067,0.05
birb,image,16,512,0,0.6067,4265.03564453125,4050.5556640625,4620.6553,4686.955,0.0421
birb,image,16,512,1,0.495,4265.03564453125,4087.18701171875,4596.3022,4588.534,0.0371
birb,image,16,512,2,0.4187,4265.03564453125,3948.596923828125,4466.8926,4713.0747,0.0469
birb,image,16,512,3,0.2856,4265.03564453125,4317.31298828125,4527.1675,4554.789,0.0383
birb,image,16,512,4,0.3121,4265.03564453125,4193.6357421875,4471.5425,4863.45,0.046
birb,image,16,512,5,0.3529,4265.03564453125,4347.259765625,4636.303,4574.743,0.0402
birb,image,16,512,6,0.3953,4265.03564453125,4057.228759765625,4469.858,4725.361,0.0586
birb,image,16,512,7,0.7192,4265.03564453125,4239.42919921875,4721.4526,4769.785,0.0359
birb,image,16,512,8,0.3826,4265.03564453125,3964.366455078125,4535.751,4490.584,0.041
birb,image,16,512,9,0.4812,4265.03564453125,4085.03466796875,4567.403,4526.4424,0.0379
birb,image,16,1024,0,0.2507,4265.03564453125,4417.134765625,4536.913,4456.3096,0.0442
birb,image,16,1024,1,0.7947,4265.03564453125,4271.921875,4437.13,4622.4927,0.0426
birb,image,16,1024,2,0.5379,4265.03564453125,4221.1259765625,4348.337,4544.2617,0.0456
birb,image,16,1024,3,0.2992,4265.03564453125,4444.61865234375,4567.706,4483.7466,0.039
birb,image,16,1024,4,0.3608,4265.03564453125,4178.7099609375,4368.2715,4562.8916,0.0437
birb,image,16,1024,5,0.4311,4265.03564453125,4057.493896484375,4327.525,4351.716,0.0396
birb,image,16,1024,6,0.6749,4265.03564453125,4215.10595703125,4401.2964,4385.013,0.0443
birb,image,16,1024,7,0.769,4265.03564453125,4354.62158203125,4451.7114,4420.412,0.05
birb,image,16,1024,8,0.3991,4265.03564453125,4169.83984375,4483.1294,4398.92,0.0421
birb,image,16,1024,9,0.273,4265.03564453125,4332.66552734375,4604.286,4663.2275,0.0372
birb,image,16,4096,0,0.2965,4265.03564453125,4292.169921875,4359.251,4273.777,0.0619
birb,image,16,4096,1,0.5818,4265.03564453125,4331.54638671875,4450.9663,4385.343,0.0837
birb,image,16,4096,2,0.3578,4265.03564453125,4227.2861328125,4296.123,4459.966,0.055
birb,image,16,4096,3,0.6756,4265.03564453125,4245.95556640625,4337.0405,4399.2935,0.0514
birb,image,16,4096,4,0.6788,4265.03564453125,4238.28515625,4299.357,4332.416,0.0742
birb,image,16,4096,5,0.4787,4265.03564453125,4232.91943359375,4278.8276,4334.6113,0.0663
birb,image,16,4096,6,0.762,4265.03564453125,4295.8583984375,4302.206,4322.6826,0.0562
birb,image,16,4096,7,0.3949,4265.03564453125,4167.6962890625,4270.284,4318.6973,0.0511
birb,image,16,4096,8,0.3575,4265.03564453125,4241.39892578125,4295.308,4310.5786,0.0463
birb,image,16,4096,9,0.314,4265.03564453125,4182.56884765625,4284.9062,4297.0513,0.066
birb,image,16,8192,0,0.8104,4265.03564453125,4300.87255859375,4345.5713,4373.9736,0.0595
birb,image,16,8192,1,0.5936,4265.03564453125,4215.02490234375,4267.8203,4397.4385,0.0644
birb,image,16,8192,2,0.328,4265.03564453125,4237.7802734375,4272.0015,4347.2197,0.0805
birb,image,16,8192,3,0.3094,4265.03564453125,4247.09912109375,4288.243,4280.292,0.0465
birb,image,16,8192,4,0.3361,4265.03564453125,4237.68798828125,4291.933,4383.2817,0.0613
birb,image,16,8192,5,0.2812,4265.03564453125,4452.25,4491.1997,4287.239,0.0504
birb,image,16,8192,6,0.3253,4265.03564453125,4239.14599609375,4251.0225,4271.1436,0.052
birb,image,16,8192,7,0.2894,4265.03564453125,4242.7568359375,4273.7476,4371.0693,0.051
birb,image,16,8192,8,0.4019,4265.03564453125,4372.46142578125,4374.9375,4304.7065,0.0811
birb,image,16,8192,9,0.3275,4265.03564453125,4239.32080078125,4307.5273,4282.8667,0.0566
birb,image,32,64,0,0.8089,2333.56005859375,873.7527465820312,3138.3535,3870.8542,0.0447
birb,image,32,64,1,0.912,2333.56005859375,1011.244384765625,2993.1287,3790.5195,0.0416
birb,image,32,64,2,0.8045,2333.56005859375,806.1591796875,3086.9702,3719.0083,0.0507
birb,image,32,64,3,0.693,2333.56005859375,1096.405029296875,3049.0955,3639.0752,0.0402
birb,image,32,64,4,0.7429,2333.56005859375,1273.8458251953125,3195.4934,4041.9048,0.0517
birb,image,32,64,5,0.8622,2333.56005859375,859.6234130859375,3140.403,3902.5518,0.0391
birb,image,32,64,6,0.6765,2333.56005859375,1128.7564697265625,3091.5325,3762.8525,0.0476
birb,image,32,64,7,0.7235,2333.56005859375,1083.290771484375,3208.5352,3331.3599,0.0382
birb,image,32,64,8,0.7571,2333.56005859375,957.1195678710938,3268.9731,4481.372,0.0593
birb,image,32,64,9,0.9171,2333.56005859375,1042.18359375,3068.8188,3296.4463,0.0401
birb,image,32,128,0,0.8491,2333.56005859375,1657.7218017578125,2908.9094,2913.6567,0.0487
birb,image,32,128,1,0.8307,2333.56005859375,1702.7286376953125,2922.4248,3145.2717,0.056
birb,image,32,128,2,0.8509,2333.56005859375,1662.9473876953125,2886.7212,3382.016,0.0807
birb,image,32,128,3,0.8154,2333.56005859375,1576.2415771484375,2969.4902,3099.3997,0.042
birb,image,32,128,4,0.953,2333.56005859375,1691.5401611328125,2714.2476,3452.2947,0.0669
birb,image,32,128,5,0.7759,2333.56005859375,1760.3995361328125,2904.5986,3372.4297,0.0459
birb,image,32,128,6,0.763,2333.56005859375,1502.7322998046875,2801.6587,2991.4922,0.054
birb,image,32,128,7,0.6701,2333.56005859375,1711.4144287109375,2768.8833,3155.326,0.0405
birb,image,32,128,8,0.7446,2333.56005859375,1811.6829833984375,2814.3738,3078.3975,0.0438
birb,image,32,128,9,0.7733,2333.56005859375,1581.2572021484375,2808.7715,3462.5703,0.0513
birb,image,32,256,0,0.8927,2333.56005859375,2070.904296875,2800.7148,2817.0405,0.0527
birb,image,32,256,1,0.9273,2333.56005859375,2086.829833984375,2770.6128,2823.2021,0.0488
birb,image,32,256,2,0.7919,2333.56005859375,1927.960205078125,2632.0337,2850.5413,0.0772
birb,image,32,256,3,0.7499,2333.56005859375,1925.0732421875,2636.5469,2977.1094,0.0426
birb,image,32,256,4,0.8063,2333.56005859375,1871.9892578125,2627.407,2833.6292,0.0694
birb,image,32,256,5,0.6782,2333.56005859375,2063.10498046875,2639.7593,2716.415,0.0415
birb,image,32,256,6,0.5625,2333.56005859375,1819.33349609375,2575.4766,2762.3516,0.066
birb,image,32,256,7,0.8195,2333.56005859375,1989.6893310546875,2638.0693,2749.149,0.039
birb,image,32,256,8,0.8259,2333.56005859375,1803.2666015625,2645.8528,2710.7832,0.0448
birb,image,32,256,9,0.7554,2333.56005859375,1920.4698486328125,2707.0464,2819.4868,0.0523
birb,image,32,512,0,0.9156,2333.56005859375,2139.349853515625,2572.6787,2724.042,0.0509
birb,image,32,512,1,0.7925,2333.56005859375,2155.414794921875,2619.7236,2745.0942,0.0408
birb,image,32,512,2,0.9024,2333.56005859375,2159.630615234375,2547.0,2587.4346,0.056
birb,image,32,512,3,0.7838,2333.56005859375,2161.025390625,2587.7056,2666.7573,0.0425
birb,image,32,512,4,0.8038,2333.56005859375,2089.083251953125,2528.0618,2616.3403,0.0449
birb,image,32,512,5,0.6432,2333.56005859375,2207.43701171875,2532.892,2603.308,0.0425
birb,image,32,512,6,0.6716,2333.56005859375,2084.810546875,2522.02,2583.6177,0.0461
birb,image,32,512,7,0.832,2333.56005859375,2036.364990234375,2495.4724,2627.2866,0.0432
birb,image,32,512,8,0.8181,2333.56005859375,2143.20458984375,2589.9487,2589.3418,0.073
birb,image,32,512,9,0.9178,2333.56005859375,2133.310791015625,2554.0205,2678.4775,0.0393
birb,image,32,1024,0,0.9144,2333.56005859375,2216.98095703125,2480.4448,2543.0952,0.0495
birb,image,32,1024,1,0.9193,2333.56005859375,2270.734619140625,2489.6282,2419.3384,0.0446
birb,image,32,1024,2,0.854,2333.56005859375,2213.0732421875,2508.4019,2455.6313,0.0881
birb,image,32,1024,3,0.9199,2333.56005859375,2177.86083984375,2462.455,2587.7915,0.0417
birb,image,32,1024,4,0.889,2333.56005859375,2305.5322265625,2544.0962,2515.2603,0.0527
birb,image,32,1024,5,0.8316,2333.56005859375,2254.910888671875,2472.2854,2519.064,0.0412
birb,image,32,1024,6,0.8492,2333.56005859375,2241.58935546875,2472.6514,2559.3008,0.0523
birb,image,32,1024,7,0.7921,2333.56005859375,2280.06103515625,2527.8757,2465.749,0.0394
birb,image,32,1024,8,0.7823,2333.56005859375,2335.87890625,2552.4644,2626.495,0.0549
birb,image,32,1024,9,0.7597,2333.56005859375,2230.90771484375,2555.8335,2611.0852,0.0427
birb,image,32,4096,0,0.7875,2333.56005859375,2389.298095703125,2434.2915,2408.6145,0.0783
birb,image,32,4096,1,0.8081,2333.56005859375,2324.5322265625,2411.6606,2439.6318,0.0554
birb,image,32,4096,2,0.8306,2333.56005859375,2301.989990234375,2398.7588,2457.2651,0.0762
birb,image,32,4096,3,0.9394,2333.56005859375,2311.101806640625,2391.9653,2369.959,0.0569
birb,image,32,4096,4,0.8829,2333.56005859375,2303.585205078125,2378.321,2396.937,0.0691
birb,image,32,4096,5,1.0081,2333.56005859375,2244.528564453125,2363.5845,2400.7852,0.0666
birb,image,32,4096,6,0.7402,2333.56005859375,2316.47021484375,2356.424,2395.4185,0.0638
birb,image,32,4096,7,0.8052,2333.56005859375,2381.3369140625,2448.839,2464.6953,0.0603
birb,image,32,4096,8,1.1122,2333.56005859375,2297.997802734375,2416.1318,2382.7793,0.0677
birb,image,32,4096,9,0.9367,2333.56005859375,2281.284912109375,2357.5298,2382.3918,0.0731
birb,image,32,8192,0,0.9367,2333.56005859375,2341.83544921875,2385.6802,2373.5574,0.094
birb,image,32,8192,1,0.8769,2333.56005859375,2300.76708984375,2355.041,2374.9155,0.064
birb,image,32,8192,2,0.8689,2333.56005859375,2355.76513671875,2388.3818,2404.544,0.1042
birb,image,32,8192,3,0.8611,2333.56005859375,2365.515869140625,2399.1624,2336.646,0.0642
birb,image,32,8192,4,0.7891,2333.56005859375,2332.888916015625,2372.393,2347.928,0.0832
birb,image,32,8192,5,0.8804,2333.56005859375,2290.08544921875,2332.1853,2348.3782,0.0675
birb,image,32,8192,6,0.9541,2333.56005859375,2308.5927734375,2356.9634,2362.0176,0.0978
birb,image,32,8192,7,0.8436,2333.56005859375,2334.1298828125,2350.531,2391.6763,0.0729
birb,image,32,8192,8,0.9318,2333.56005859375,2294.883056640625,2351.142,2351.992,0.0824
birb,image,32,8192,9,0.7988,2333.56005859375,2315.97705078125,2355.1292,2391.4126,0.0712
birb,image,64,64,0,1.3957,1258.1444091796875,614.47509765625,1633.6925,2985.3223,0.0484
birb,image,64,64,1,1.2829,1258.1444091796875,565.1649780273438,1687.3862,2851.4019,0.0439
birb,image,64,64,2,1.2294,1258.1444091796875,433.2740173339844,1711.5973,2952.3916,0.05
birb,image,64,64,3,1.2811,1258.1444091796875,540.3573608398438,1689.175,3839.0046,0.0482
birb,image,64,64,4,1.1777,1258.1444091796875,527.1094360351562,1659.4502,3020.5962,0.0469
birb,image,64,64,5,1.2544,1258.1444091796875,631.1641235351562,1717.0231,3611.3264,0.0451
birb,image,64,64,6,1.3226,1258.1444091796875,539.5931396484375,1665.3386,2848.3525,0.047
birb,image,64,64,7,1.3568,1258.1444091796875,584.7540893554688,1725.8276,2464.1614,0.0518
birb,image,64,64,8,1.3992,1258.1444091796875,514.1644897460938,1666.0757,2699.9243,0.0539
birb,image,64,64,9,1.1872,1258.1444091796875,530.3816528320312,1683.4417,2845.9204,0.0529
birb,image,64,128,0,1.264,1258.1444091796875,461.52325439453125,1735.9828,1958.0734,0.0479
birb,image,64,128,1,1.1864,1258.1444091796875,565.1649169921875,1687.3862,2146.4858,0.0477
birb,image,64,128,2,1.2762,1258.1444091796875,433.2740783691406,1711.5973,2009.3983,0.062
birb,image,64,128,3,1.2625,1258.1444091796875,540.3573608398438,1689.175,2298.5027,0.0504
birb,image,64,128,4,1.3175,1258.1444091796875,527.1094360351562,1659.4502,1874.9666,0.042
birb,image,64,128,5,1.3064,1258.1444091796875,631.1641845703125,1717.0231,2138.5017,0.0459
birb,image,64,128,6,1.4736,1258.1444091796875,539.5931396484375,1665.3386,2240.8665,0.0503
birb,image,64,128,7,1.3497,1258.1444091796875,584.7540893554688,1725.8276,1969.334,0.0496
birb,image,64,128,8,1.3162,1258.1444091796875,514.1644897460938,1666.0757,1969.0685,0.0513
birb,image,64,128,9,1.3644,1258.1444091796875,530.3816528320312,1683.4417,2016.3501,0.057
birb,image,64,256,0,1.2127,1258.1444091796875,877.4453125,1563.6809,1820.1418,0.0528
birb,image,64,256,1,1.4086,1258.1444091796875,936.9644775390625,1562.9858,1804.7242,0.0524
birb,image,64,256,2,1.2396,1258.1444091796875,791.6925659179688,1613.7926,1678.8059,0.0463
birb,image,64,256,3,1.2142,1258.1444091796875,825.0408935546875,1585.1969,1697.0262,0.0492
birb,image,64,256,4,1.2715,1258.1444091796875,852.8584594726562,1573.2314,1832.0298,0.052
birb,image,64,256,5,1.1841,1258.1444091796875,818.4180908203125,1577.3882,1740.2097,0.0408
birb,image,64,256,6,1.3226,1258.1444091796875,866.1328735351562,1590.773,1762.1482,0.0492
birb,image,64,256,7,1.3467,1258.1444091796875,849.5531005859375,1589.7137,1726.856,0.051
birb,image,64,256,8,1.3273,1258.1444091796875,861.1246337890625,1568.202,1641.4912,0.0462
birb,image,64,256,9,1.2446,1258.1444091796875,878.1690063476562,1569.2422,1724.4441,0.0473
birb,image,64,512,0,1.2981,1258.1444091796875,1106.244140625,1453.6499,1525.6548,0.0497
birb,image,64,512,1,1.2637,1258.1444091796875,1084.905517578125,1474.5559,1565.8257,0.0508
birb,image,64,512,2,1.3449,1258.1444091796875,1052.2647705078125,1500.5721,1570.764,0.0477
birb,image,64,512,3,1.4704,1258.1444091796875,996.534423828125,1474.9934,1563.6699,0.0475
birb,image,64,512,4,1.5286,1258.1444091796875,1043.1358642578125,1439.3416,1603.2814,0.0523
birb,image,64,512,5,1.3542,1258.1444091796875,1075.6097412109375,1456.9913,1645.5635,0.0517
birb,image,64,512,6,1.3665,1258.1444091796875,1059.076171875,1473.0046,1546.5732,0.0484
birb,image,64,512,7,1.2242,1258.1444091796875,1043.8487548828125,1482.5344,1530.315,0.05
birb,image,64,512,8,1.2462,1258.1444091796875,1093.9918212890625,1497.022,1537.864,0.0528
birb,image,64,512,9,1.2094,1258.1444091796875,1069.34716796875,1440.9146,1542.2014,0.0532
birb,image,64,1024,0,1.2863,1258.1444091796875,1154.34375,1411.5725,1486.4404,0.0595
birb,image,64,1024,1,1.479,1258.1444091796875,1149.1866455078125,1373.9133,1471.0623,0.0521
birb,image,64,1024,2,1.3166,1258.1444091796875,1174.6107177734375,1408.2354,1439.2982,0.0559
birb,image,64,1024,3,1.3101,1258.1444091796875,1142.002197265625,1392.8533,1430.0768,0.0622
birb,image,64,1024,4,1.3142,1258.1444091796875,1216.2711181640625,1417.2053,1486.6494,0.0545
birb,image,64,1024,5,1.2403,1258.1444091796875,1126.4725341796875,1378.4996,1463.0605,0.0498
birb,image,64,1024,6,1.2672,1258.1444091796875,1174.9290771484375,1416.0205,1510.1626,0.0477
birb,image,64,1024,7,1.3949,1258.1444091796875,1128.4713134765625,1395.5623,1419.5371,0.0545
birb,image,64,1024,8,1.2638,1258.1444091796875,1116.56982421875,1365.6697,1451.6892,0.0519
birb,image,64,1024,9,1.2487,1258.1444091796875,1145.7581787109375,1392.0864,1441.6641,0.0517
birb,image,64,4096,0,1.2732,1258.1444091796875,1265.334716796875,1353.6986,1368.3479,0.067
birb,image,64,4096,1,1.3222,1258.1444091796875,1216.8717041015625,1313.2212,1337.9883,0.0668
birb,image,64,4096,2,1.2685,1258.1444091796875,1228.647705078125,1319.06,1344.9626,0.064
birb,image,64,4096,3,1.306,1258.1444091796875,1246.0706787109375,1326.2937,1350.6895,0.0713
birb,image,64,4096,4,1.2575,1258.1444091796875,1216.5167236328125,1325.6039,1358.5227,0.0702
birb,image,64,4096,5,1.2258,1258.1444091796875,1263.4561767578125,1339.683,1348.4717,0.0826
birb,image,64,4096,6,1.2726,1258.1444091796875,1264.0615234375,1317.351,1337.3921,0.0582
birb,image,64,4096,7,1.3134,1258.1444091796875,1269.171630859375,1325.6736,1359.5137,0.0749
birb,image,64,4096,8,1.2778,1258.1444091796875,1242.38720703125,1310.7368,1360.0737,0.0693
birb,image,64,4096,9,1.2684,1258.1444091796875,1245.80615234375,1329.592,1340.9866,0.1444
birb,image,64,8192,0,1.3507,1258.1444091796875,1243.279541015625,1295.153,1331.5444,0.0951
birb,image,64,8192,1,1.2382,1258.1444091796875,1267.677734375,1298.3772,1302.3472,0.0838
birb,image,64,8192,2,1.456,1258.1444091796875,1243.2734375,1295.6829,1312.3333,0.0782
birb,image,64,8192,3,1.3381,1258.1444091796875,1238.9576416015625,1283.6925,1316.4679,0.0755
birb,image,64,8192,4,1.4163,1258.1444091796875,1267.154052734375,1303.6835,1306.2512,0.0796
birb,image,64,8192,5,1.2783,1258.1444091796875,1228.1634521484375,1287.3586,1312.3641,0.0867
birb,image,64,8192,6,1.2772,1258.1444091796875,1255.560302734375,1297.1599,1332.9727,0.0744
birb,image,64,8192,7,1.3344,1258.1444091796875,1260.4638671875,1307.1625,1310.6008,0.0874
birb,image,64,8192,8,1.3289,1258.1444091796875,1253.41552734375,1300.0831,1307.4495,0.1042
birb,image,64,8192,9,1.5136,1258.1444091796875,1264.9471435546875,1309.2375,1298.7422,0.0711
donuts,tabular,2,64,0,0.6183,99270338.16536354,97433652.9016061,100128144.75862469,101280004.34243765,0.0399
donuts,tabular,2,64,1,0.6787,99270338.16536354,90922108.46693279,107430757.9165906,100873529.58271992,0.0503
donuts,tabular,2,64,2,0.8029,99270338.16536354,95096294.54685928,103923252.68747665,101374992.37924773,0.0409
donuts,tabular,2,64,3,0.6607,99270338.16536354,101444527.7199973,105030599.65878221,100151002.9298037,0.0406
donuts,tabular,2,64,4,0.8543,99270338.16536354,92265217.13641387,106101791.54724199,100239041.50869969,0.0453
donuts,tabular,2,64,5,0.6252,99270338.16536354,96330433.35684991,101762156.3663155,100741727.89436375,0.0601
donuts,tabular,2,64,6,0.8694,99270338.16536354,93322226.34372473,106787184.31572583,99569261.38720796,0.0562
donuts,tabular,2,64,7,0.7265,99270338.16536354,93709948.24395923,102444184.41133395,100189014.13503212,0.0447
donuts,tabular,2,64,8,0.6289,99270338.16536354,89644995.97654873,103234842.84305692,102140753.41125077,0.0446
donuts,tabular,2,64,9,0.653,99270338.16536354,95887127.56250538,101290449.95417559,107355474.88676782,0.047
donuts,tabular,2,128,0,0.6556,99270338.16536354,99057928.94245072,99589639.79701653,101663792.01868474,0.0483
donuts,tabular,2,128,1,0.7487,99270338.16536354,94427398.41431741,99904836.32591654,100636338.21023476,0.0423
donuts,tabular,2,128,2,0.7409,99270338.16536354,97819631.70071128,100277116.93189004,101954672.76484713,0.047
donuts,tabular,2,128,3,0.789,99270338.16536354,94831481.21702662,105455999.3078531,100236616.6679994,0.0497
donuts,tabular,2,128,4,0.6295,99270338.16536354,101097464.10488696,99917574.88949566,99631200.34229626,0.0448
donuts,tabular,2,128,5,0.7475,99270338.16536354,100228833.73770481,99671603.2116502,101487112.02303328,0.0475
donuts,tabular,2,128,6,0.8137,99270338.16536354,98328255.79282111,100207981.801913,99771993.42013568,0.0464
donuts,tabular,2,128,7,0.696,99270338.16536354,100857890.8941654,100657714.49466786,100819635.94101304,0.0447
donuts,tabular,2,128,8,0.679,99270338.16536354,99440632.38382798,101100169.28532873,101256137.00804386,0.0569
donuts,tabular,2,128,9,0.6035,99270338.16536354,96364330.58398591,102204866.7761646,103310557.26936704,0.048
donuts,tabular,2,256,0,0.7157,99270338.16536354,98619899.96419889,99881441.99676187,99836368.54705375,0.0475
donuts,tabular,2,256,1,0.6591,99270338.16536354,97590069.94890136,99771801.11171257,99663218.5328255,0.044
donuts,tabular,2,256,2,0.7159,99270338.16536354,99063177.18290156,99434862.92527345,100678758.82233648,0.0417
donuts,tabular,2,256,3,0.7315,99270338.16536354,98075120.38378319,100207579.46284133,100030218.01164314,0.0617
donuts,tabular,2,256,4,0.573,99270338.16536354,100008713.7873826,99583336.82181714,99957673.14347924,0.0463
donuts,tabular,2,256,5,0.7301,99270338.16536354,101912968.06809725,100729928.48480624,101018911.72117525,0.0453
donuts,tabular,2,256,6,0.5179,99270338.16536354,97608087.2629404,99627410.50668907,100399958.75278513,0.0404
donuts,tabular,2,256,7,0.785,99270338.16536354,97845505.68852636,99677962.98876868,99895133.08017911,0.0429
donuts,tabular,2,256,8,0.5576,99270338.16536354,97417349.40342468,99958379.7854653,100105402.1015575,0.0448
donuts,tabular,2,256,9,0.7889,99270338.16536354,98231126.12330666,99585443.93257175,99832154.82631922,0.0469
donuts,tabular,2,512,0,0.7795,99270338.16536354,99961051.1629098,99384518.29557899,100269186.56342798,0.0455
donuts,tabular,2,512,1,0.5645,99270338.16536354,97943681.06710106,100444995.54675657,99531749.93271424,0.0469
donuts,tabular,2,512,2,0.7643,99270338.16536354,97468257.52500524,100133788.59332344,101225806.41904238,0.0446
donuts,tabular,2,512,3,0.7893,99270338.16536354,99994219.79323581,99548977.16373377,99859383.4572493,0.0454
donuts,tabular,2,512,4,0.7153,99270338.16536354,96832579.41754067,101711800.04376881,99383437.11450425,0.0492
donuts,tabular,2,512,5,0.67,99270338.16536354,97995027.5504694,99604006.10143958,99290557.11708921,0.0451
donuts,tabular,2,512,6,0.6995,99270338.16536354,98398234.94160521,99875711.61189003,99552239.38741761,0.0442
donuts,tabular,2,512,7,0.6333,99270338.16536354,99823237.46430148,99426404.56079336,99721295.38948894,0.0488
donuts,tabular,2,512,8,0.7126,99270338.16536354,99051163.33584557,99452176.36636928,99746249.02267277,0.0457
donuts,tabular,2,512,9,0.6894,99270338.16536354,97424567.77837831,99470953.4047167,99343748.4074054,0.0434
donuts,tabular,2,1024,0,0.6749,99270338.16536354,99073145.34258746,99387339.67233878,100134437.91093779,0.0447
donuts,tabular,2,1024,1,0.6892,99270338.16536354,98866489.9050123,99371342.2211283,99372803.58647949,0.0499
donuts,tabular,2,1024,2,0.5714,99270338.16536354,99289220.39856987,99362130.6631361,99375581.17460757,0.044
donuts,tabular,2,1024,3,0.6835,99270338.16536354,99053516.70283481,100159760.57803413,99526546.69969629,0.0471
donuts,tabular,2,1024,4,0.6277,99270338.16536354,99326913.8460893,99698075.54611307,99454054.6816665,0.045
donuts,tabular,2,1024,5,0.7475,99270338.16536354,98527545.31211178,99352518.61444777,99369654.49410488,0.0483
donuts,tabular,2,1024,6,0.6953,99270338.16536354,98524106.70028634,99338271.9583436,99790784.01003234,0.047
donuts,tabular,2,1024,7,0.8906,99270338.16536354,99029664.85823193,99282413.43098788,99422271.25325046,0.0437
donuts,tabular,2,1024,8,0.8468,99270338.16536354,98878229.56681412,99525929.22648396,99416028.39702098,0.0478
donuts,tabular,2,1024,9,0.6255,99270338.16536354,98794600.77496047,99353375.19642475,99424811.33282024,0.0474
donuts,tabular,2,4096,0,0.6976,99270338.16536354,98815376.35958101,99286204.59350583,99309618.36980112,0.0526
donuts,tabular,2,4096,1,0.5864,99270338.16536354,98771206.99052414,99328167.37791261,99306963.15106039,0.0506
donuts,tabular,2,4096,2,0.7172,99270338.16536354,99141057.19406502,99355821.15413573,99299573.38077627,0.0575
donuts,tabular,2,4096,3,0.6563,99270338.16536354,99934665.76704293,99369036.09551041,99327917.07328194,0.0575
donuts,tabular,2,4096,4,0.79,99270338.16536354,99194763.90299118,99359825.97743468,99307395.0997785,0.0496
donuts,tabular,2,4096,5,0.7244,99270338.16536354,98787641.5789395,99342893.72149402,99363529.12907043,0.0607
donuts,tabular,2,4096,6,0.6834,99270338.16536354,98998400.30294462,99284841.60132569,99335955.30550328,0.0647
donuts,tabular,2,4096,7,0.7702,99270338.16536354,99067587.2786504,99414649.83875151,99305116.74542186,0.0576
donuts,tabular,2,4096,8,0.7581,99270338.16536354,99021862.68855684,99308593.25367156,99323436.6383505,0.072
donuts,tabular,2,4096,9,0.7056,99270338.16536354,99334254.88469845,99325952.77800839,99343551.2682427,0.0536
donuts,tabular,2,8192,0,0.7295,99270338.16536354,99171454.93697646,99303260.10741022,99340049.01555769,0.0555
donuts,tabular,2,8192,1,0.7094,99270338.16536354,99282168.12298931,99287645.70673239,99296370.14700359,0.0713
donuts,tabular,2,8192,2,0.832,99270338.16536354,99137382.38947801,99282044.73336974,99278100.98529893,0.0553
donuts,tabular,2,8192,3,0.8072,99270338.16536354,99512366.05411556,99292976.98696631,99328226.06012574,0.052
donuts,tabular,2,8192,4,0.625,99270338.16536354,99231830.02721347,99285134.85008991,99278684.78478613,0.0523
donuts,tabular,2,8192,5,0.6934,99270338.16536354,99147934.52583732,99279483.14118177,99325497.46771231,0.0536
donuts,tabular,2,8192,6,0.6868,99270338.16536354,99267607.10049419,99276029.58584249,99303465.69339749,0.0582
donuts,tabular,2,8192,7,0.7376,99270338.16536354,98908995.59969088,99376337.26886076,99294859.97302848,0.0629
donuts,tabular,2,8192,8,0.7478,99270338.16536354,99058344.03873347,99283123.49118754,99276348.84645501,0.0543
donuts,tabular,2,8192,9,0.6725,99270338.16536354,99414897.21049339,99305314.3514199,99309663.37803274,0.0508
donuts,tabular,4,64,0,0.7129,43950548.64908449,41481714.19722837,46093860.91024618,49948928.08896761,0.0492
donuts,tabular,4,64,1,0.7063,43950548.64908449,42946619.120435126,44707780.42886673,49058158.94213978,0.0478
donuts,tabular,4,64,2,0.6327,43950548.64908449,37376167.25964851,47762452.20870675,50249225.836073935,0.0456
donuts,tabular,4,64,3,0.5972,43950548.64908449,38597592.350993946,47443446.60932421,48671057.02244973,0.0453
donuts,tabular,4,64,4,0.7373,43950548.64908449,38826392.24526285,47752952.27595086,50041489.52065766,0.0458
donuts,tabular,4,64,5,0.7042,43950548.64908449,40285272.1984448,47960086.99863626,47561103.981146775,0.0437
donuts,tabular,4,64,6,0.8027,43950548.64908449,39225655.18496866,48198574.59339534,57554186.85473865,0.0464
donuts,tabular,4,64,7,0.92,43950548.64908449,47004014.78386629,50139847.05539103,50336638.25858365,0.0464
donuts,tabular,4,64,8,0.8332,43950548.64908449,40515177.42914056,45799836.59096173,50582910.801771924,0.0481
donuts,tabular,4,64,9,1.2187,43950548.64908449,40844319.08776633,49470350.96107519,47839217.66165264,0.052
donuts,tabular,4,128,0,0.8392,43950548.64908449,45763109.65972004,48007579.61071566,62906084.587591715,0.0423
donuts,tabular,4,128,1,1.2713,43950548.64908449,42016404.26846957,46730474.049705274,47368141.849463455,0.0461
donuts,tabular,4,128,2,0.6779,43950548.64908449,38998079.2922858,46219314.71997371,48142090.636369765,0.0405
donuts,tabular,4,128,3,0.9091,43950548.64908449,43669134.18388467,44432618.55695687,48498196.348625444,0.0475
donuts,tabular,4,128,4,0.7129,43950548.64908449,38938619.38568437,45266121.78194879,46702564.18659657,0.0603
donuts,tabular,4,128,5,0.8909,43950548.64908449,44107016.886803195,51126332.55635184,49890282.02673285,0.0478
donuts,tabular,4,128,6,0.9141,43950548.64908449,43010899.37676926,46303525.24165515,46062979.26100856,0.0419
donuts,tabular,4,128,7,0.7751,43950548.64908449,42108032.69306959,45622697.23076715,48655020.373346694,0.0444
donuts,tabular,4,128,8,0.9548,43950548.64908449,39110559.876403034,50107662.542612955,47392242.495453835,0.0448
donuts,tabular,4,128,9,0.6164,43950548.64908449,43021188.42951081,44727870.63218406,44144695.19917467,0.0467
donuts,tabular,4,256,0,0.9403,43950548.64908449,48039552.590193,48934306.418981194,44530046.78612308,0.0456
donuts,tabular,4,256,1,0.8825,43950548.64908449,48885294.619614325,48718328.337405056,49108346.36560804,0.0433
donuts,tabular,4,256,2,0.9287,43950548.64908449,43499004.905147985,46105591.015825525,46215685.24750101,0.046
donuts,tabular,4,256,3,0.8512,43950548.64908449,43206323.92648736,45000443.37588269,48621682.93686305,0.0491
donuts,tabular,4,256,4,0.6904,43950548.64908449,43534334.50677704,44583139.8353198,44768822.29885715,0.0451
donuts,tabular,4,256,5,0.6955,43950548.64908449,43781435.70332749,44439944.11603038,49353734.971295856,0.0414
donuts,tabular,4,256,6,0.841,43950548.64908449,41603984.81064193,46864062.411957726,45385230.100693464,0.0449
donuts,tabular,4,256,7,1.0032,43950548.64908449,41009838.23998213,45860734.07741656,49366174.15373719,0.0548
donuts,tabular,4,256,8,0.8073,43950548.64908449,42018847.41394268,44950745.789799005,44554034.41283397,0.0462
donuts,tabular,4,256,9,0.9144,43950548.64908449,48782222.130647674,48824376.40451904,46202683.58734776,0.0562
donuts,tabular,4,512,0,0.7317,43950548.64908449,43048080.79661054,44160521.76509602,48612561.437794104,0.0512
donuts,tabular,4,512,1,0.7699,43950548.64908449,42969057.980859615,44213667.872014254,49192039.170968644,0.0492
donuts,tabular,4,512,2,0.8842,43950548.64908449,43667418.68866757,44223155.449922286,44690169.469071805,0.0464
donuts,tabular,4,512,3,0.9223,43950548.64908449,50400007.07349963,49031022.87698178,44180270.22319551,0.0429
donuts,tabular,4,512,4,0.7152,43950548.64908449,43313800.09526331,44278236.04397459,45998500.292544864,0.0431
donuts,tabular,4,512,5,0.8421,43950548.64908449,44227475.916321084,44481806.08513571,46241662.8031791,0.0435
donuts,tabular,4,512,6,0.9616,43950548.64908449,43948036.41899321,44192684.758317515,44673564.64539943,0.0487
donuts,tabular,4,512,7,0.7283,43950548.64908449,43311712.637350574,44093663.60079652,44391524.701150306,0.0485
donuts,tabular,4,512,8,1.0171,43950548.64908449,43100266.51559514,44871922.455211766,44160836.52383147,0.0439
donuts,tabular,4,512,9,0.9959,43950548.64908449,47897139.849174306,49248190.7871145,44219513.81166818,0.0461
donuts,tabular,4,1024,0,0.8138,43950548.64908449,43773208.469243355,44100271.1212725,44204232.60965368,0.0469
donuts,tabular,4,1024,1,0.673,43950548.64908449,43065351.25007778,44508942.10128404,44231358.081818774,0.0458
donuts,tabular,4,1024,2,0.6901,43950548.64908449,43975775.39557371,44039947.44069769,44099419.008741684,0.0482
donuts,tabular,4,1024,3,0.7239,43950548.64908449,43685333.30427733,44216712.79673185,44122618.84037881,0.0422
donuts,tabular,4,1024,4,1.0001,43950548.64908449,43770599.48526801,44308645.40969491,44173844.99072361,0.0516
donuts,tabular,4,1024,5,0.6249,43950548.64908449,44286491.59978855,44428222.122386076,48894165.97558827,0.051
donuts,tabular,4,1024,6,1.3055,43950548.64908449,43978281.314119376,44241754.544364706,55818109.28969228,0.0486
donuts,tabular,4,1024,7,0.7546,43950548.64908449,44311456.19208343,44033918.56090273,55724564.88932156,0.0474
donuts,tabular,4,1024,8,0.6456,43950548.64908449,44183771.71898949,44121166.21191393,49026179.512067184,0.0569
donuts,tabular,4,1024,9,0.7243,43950548.64908449,43433546.07995254,44204467.77622407,44052007.81655976,0.0448
donuts,tabular,4,4096,0,0.5835,43950548.64908449,43903277.95093673,44100667.193273485,44147911.65816523,0.0468
donuts,tabular,4,4096,1,0.7315,43950548.64908449,44213705.45664645,44037740.165385865,44011527.54430824,0.0501
donuts,tabular,4,4096,2,0.603,43950548.64908449,43741868.98105544,43982226.66877638,44005111.178244114,0.0505
donuts,tabular,4,4096,3,0.6246,43950548.64908449,43605316.11411975,43958369.48488382,43985209.84960853,0.0534
donuts,tabular,4,4096,4,0.6704,43950548.64908449,44020822.150030084,43963649.48785894,44053843.41532737,0.0538
donuts,tabular,4,4096,5,0.8038,43950548.64908449,43778799.58387717,43959846.381768815,48710326.161792174,0.0584
donuts,tabular,4,4096,6,0.5533,43950548.64908449,44051675.85419443,44027290.9790885,44028826.46481899,0.0524
donuts,tabular,4,4096,7,0.6377,43950548.64908449,43980412.24545535,43967340.00502355,48987628.52854499,0.049
donuts,tabular,4,4096,8,0.5583,43950548.64908449,43992953.89969815,43970580.80367623,43954704.190586075,0.0526
donuts,tabular,4,4096,9,0.7268,43950548.64908449,44162550.03544142,43965056.13460606,44034760.60856947,0.0502
donuts,tabular,4,8192,0,0.6504,43950548.64908449,44072209.438913785,43983396.252863035,55828212.54283571,0.0575
donuts,tabular,4,8192,1,0.7824,43950548.64908449,43846249.166437596,43949168.35906174,43966222.39829413,0.048
donuts,tabular,4,8192,2,0.7293,43950548.64908449,48485608.405305214,48970716.566182554,43959668.57489246,0.0601
donuts,tabular,4,8192,3,0.7816,43950548.64908449,43516250.712614015,43982067.414813,43957157.99824256,0.0482
donuts,tabular,4,8192,4,0.8185,43950548.64908449,43862125.209102325,44035751.1814727,43989682.74028072,0.0592
donuts,tabular,4,8192,5,1.0583,43950548.64908449,44034756.55185514,43994793.564166464,43966916.5337693,0.0608
donuts,tabular,4,8192,6,0.6924,43950548.64908449,48943588.385105774,48601423.41855928,43978268.17181276,0.0456
donuts,tabular,4,8192,7,0.9208,43950548.64908449,44150125.03136261,44007868.388484,44027027.169338204,0.0603
donuts,tabular,4,8192,8,0.827,43950548.64908449,44149821.841263354,43991449.95690117,43993777.474692896,0.0523
donuts,tabular,4,8192,9,0.6376,43950548.64908449,43876936.27997639,43971533.56261285,43953098.43679857,0.0551
donuts,tabular,8,64,0,0.6583,15906032.25036961,12118609.650871573,16695401.974302616,18460651.41561477,0.0569
donuts,tabular,8,64,1,0.7614,15906032.25036961,13860339.690508896,16890144.881938852,17492089.677296743,0.0458
donuts,tabular,8,64,2,0.891,15906032.25036961,13274312.151009582,17439740.42664983,18053342.85160117,0.0489
donuts,tabular,8,64,3,0.5758,15906032.25036961,14162862.812874548,18196234.066636585,20019519.989613134,0.0497
donuts,tabular,8,64,4,0.744,15906032.25036961,13280770.728457134,17434901.506635536,18559884.680471376,0.0484
donuts,tabular,8,64,5,0.6135,15906032.25036961,11845646.343969537,18179727.322841607,18511212.536366902,0.0487
donuts,tabular,8,64,6,0.5096,15906032.25036961,14341396.485609809,16367875.259425115,17679401.148962434,0.06
donuts,tabular,8,64,7,1.3427,15906032.25036961,15459727.8727655,17408146.0954681,17998069.097243927,0.0496
donuts,tabular,8,64,8,0.5913,15906032.25036961,12938790.867787983,17358628.975099698,19078640.75210703,0.0507
donuts,tabular,8,64,9,1.4327,15906032.25036961,13509903.744570758,18988546.962207574,18180610.23356618,0.0459
donuts,tabular,8,128,0,1.0581,15906032.25036961,15557184.44569819,18644608.172427226,18680640.736142565,0.0459
donuts,tabular,8,128,1,1.1231,15906032.25036961,13214092.534811035,16763958.677333787,17627812.155407406,0.0432
donuts,tabular,8,128,2,0.4947,15906032.25036961,13879376.595708769,16517428.38326272,16298330.520155165,0.0438
donuts,tabular,8,128,3,0.7457,15906032.25036961,14784634.9378048,16401773.408755785,16716927.674231943,0.051
donuts,tabular,8,128,4,0.7657,15906032.25036961,14566543.256095897,18134704.974600554,16338371.417511526,0.048
donuts,tabular,8,128,5,0.8823,15906032.25036961,16466117.922090169,17166957.22246618,17017061.622647766,0.0495
donuts,tabular,8,128,6,0.6404,15906032.25036961,14131814.452842578,17429559.665359188,16685958.313490968,0.0482
donuts,tabular,8,128,7,0.724,15906032.25036961,14607696.934064686,16760537.775679193,16865721.208779555,0.0465
donuts,tabular,8,128,8,0.7374,15906032.25036961,13803821.478404393,16847400.34658154,18582599.782090694,0.0463
donuts,tabular,8,128,9,0.5298,15906032.25036961,14383841.619618818,16770553.49024478,17865624.875704706,0.0514
donuts,tabular,8,256,0,1.3391,15906032.25036961,15463183.283430222,15986611.985307459,16325737.853228163,0.0422
donuts,tabular,8,256,1,0.7048,15906032.25036961,14906694.653514732,16038565.957525134,18855260.82862387,0.0668
donuts,tabular,8,256,2,0.8044,15906032.25036961,15283998.130153794,16451930.724826997,16684470.643884307,0.0454
donuts,tabular,8,256,3,1.0942,15906032.25036961,15195990.494570995,16293616.596589461,16709907.923757942,0.0462
donuts,tabular,8,256,4,0.6449,15906032.25036961,15203345.906171015,16802368.073748708,16463954.96728549,0.0478
donuts,tabular,8,256,5,1.424,15906032.25036961,14451527.889365373,16523250.510613788,16779295.743590735,0.0465
donuts,tabular,8,256,6,0.6347,15906032.25036961,15250287.772702463,16683303.952975282,16491699.453905191,0.0484
donuts,tabular,8,256,7,0.5761,15906032.25036961,16169136.743360532,16354441.847731486,16591242.301888887,0.0572
donuts,tabular,8,256,8,0.775,15906032.25036961,16277140.363006089,16988182.07680014,19037084.878045075,0.0488
donuts,tabular,8,256,9,0.6208,15906032.25036961,15754333.22570292,16387137.475596325,16478703.724889452,0.0443
donuts,tabular,8,512,0,0.5781,15906032.25036961,14688819.505412742,16284922.101422604,16303387.190478897,0.0499
donuts,tabular,8,512,1,0.5895,15906032.25036961,14853272.667834962,16068079.639385793,16189594.327716406,0.047
donuts,tabular,8,512,2,0.707,15906032.25036961,15067795.554950854,16066543.515349826,16364253.294595193,0.062
donuts,tabular,8,512,3,0.6574,15906032.25036961,15296496.732210543,16118600.15249748,18718100.243866455,0.0509
donuts,tabular,8,512,4,0.5209,15906032.25036961,15185175.93068997,16249250.345298728,16584086.092311293,0.0422
donuts,tabular,8,512,5,1.3273,15906032.25036961,14878261.785193905,16117764.60850731,16050015.087055681,0.0456
donuts,tabular,8,512,6,1.1338,15906032.25036961,15371060.220109852,16070434.553155327,16198910.786548369,0.0437
donuts,tabular,8,512,7,0.7906,15906032.25036961,14608151.776419075,16079889.51166654,16296500.804580353,0.044
donuts,tabular,8,512,8,0.6813,15906032.25036961,15533423.712897627,16392832.220708515,16556166.970466333,0.0581
donuts,tabular,8,512,9,1.3592,15906032.25036961,16460763.838960305,18527195.28703103,16240496.420574335,0.0493
donuts,tabular,8,1024,0,0.8855,15906032.25036961,15441980.804237343,16001792.738630623,16002436.218210796,0.0491
donuts,tabular,8,1024,1,0.9378,15906032.25036961,14722326.898543626,16063314.930974517,16128540.274828339,0.0477
donuts,tabular,8,1024,2,0.5059,15906032.25036961,15245041.402377982,16000072.600821562,16121995.208631635,0.048
donuts,tabular,8,1024,3,0.794,15906032.25036961,15354774.425676994,15954915.823268894,15980322.40495129,0.0526
donuts,tabular,8,1024,4,0.9143,15906032.25036961,15316600.066473052,15963808.513405174,16005190.37933829,0.0589
donuts,tabular,8,1024,5,0.9733,15906032.25036961,15233495.571635231,15949110.107571162,16115358.682932325,0.0526
donuts,tabular,8,1024,6,0.676,15906032.25036961,15698284.430623403,16076418.113685925,16109593.889201716,0.0495
donuts,tabular,8,1024,7,0.8146,15906032.25036961,15485991.347321032,16037800.956277343,16033018.85788276,0.0489
donuts,tabular,8,1024,8,1.2291,15906032.25036961,15008023.232735137,16051269.665386243,15970257.51689737,0.0447
donuts,tabular,8,1024,9,0.6621,15906032.25036961,15804404.33452876,15966110.481087577,15996695.461547866,0.0516
donuts,tabular,8,4096,0,0.8208,15906032.25036961,16014202.255144795,15957692.65701105,15935522.870464958,0.06
donuts,tabular,8,4096,1,0.5905,15906032.25036961,15605821.752739131,15974191.6109077,18376921.734934896,0.0589
donuts,tabular,8,4096,2,1.3886,15906032.25036961,15588210.636099841,15949427.02183796,15930429.22408446,0.0792
donuts,tabular,8,4096,3,1.3714,15906032.25036961,15639424.590787893,15939155.80935105,15931166.11156459,0.0611
donuts,tabular,8,4096,4,0.9495,15906032.25036961,15574117.706993526,15949274.702137213,15921107.16708725,0.0539
donuts,tabular,8,4096,5,1.0556,15906032.25036961,15967184.005316293,15980682.958250308,15908611.027660895,0.0558
donuts,tabular,8,4096,6,0.6828,15906032.25036961,15778896.17427424,15942741.456510648,16031205.069323987,0.0628
donuts,tabular,8,4096,7,1.2529,15906032.25036961,15718409.850646019,15917377.791484099,15958502.488060195,0.1607
donuts,tabular,8,4096,8,0.797,15906032.25036961,15889163.050550604,15942228.40732637,15986545.781282708,0.0573
donuts,tabular,8,4096,9,0.5242,15906032.25036961,15675345.222589163,15945873.143316079,15933656.760727294,0.0568
donuts,tabular,8,8192,0,1.0174,15906032.25036961,15816822.602807503,15924142.73122762,15918156.669641891,0.0627
donuts,tabular,8,8192,1,1.2814,15906032.25036961,16002502.891715562,15907094.324613016,15935484.909308683,0.0643
donuts,tabular,8,8192,2,0.7171,15906032.25036961,15914347.273378706,15921146.484336283,15948526.450417615,0.0516
donuts,tabular,8,8192,3,1.1198,15906032.25036961,16176965.647405742,16093936.367280465,15911372.774855182,0.0681
donuts,tabular,8,8192,4,0.6282,15906032.25036961,15834835.62178474,15923591.342902621,15914969.098906275,0.0709
donuts,tabular,8,8192,5,0.6811,15906032.25036961,15840298.70120102,15913461.350191113,15917950.042999746,0.0562
donuts,tabular,8,8192,6,1.2089,15906032.25036961,15732650.85107431,15918230.894486409,15918395.962313293,0.0599
donuts,tabular,8,8192,7,1.2662,15906032.25036961,15998742.142815432,15923299.550400607,15934612.337793913,0.0599
donuts,tabular,8,8192,8,0.5219,15906032.25036961,15837460.546047803,15936698.888447782,15930210.857521357,0.0605
donuts,tabular,8,8192,9,1.1015,15906032.25036961,15828064.391121807,15903573.810195114,15921175.282310378,0.0577
donuts,tabular,16,64,0,0.9547,7016603.885696024,5390473.324330561,8720029.298772728,8036851.825742428,0.05
donuts,tabular,16,64,1,0.9699,7016603.885696024,5137496.566100516,8705573.796232743,11259369.79822094,0.0475
donuts,tabular,16,64,2,0.9614,7016603.885696024,5071176.34907052,8817631.909971235,9127212.764964743,0.0751
donuts,tabular,16,64,3,0.9595,7016603.885696024,5643495.89200654,8242239.874789873,8961979.643989593,0.0503
donuts,tabular,16,64,4,0.9212,7016603.885696024,6363105.163803509,8572053.672534958,9096011.405206975,0.0456
donuts,tabular,16,64,5,1.004,7016603.885696024,4980914.813389828,8734984.964191683,11980601.56102657,0.0571
donuts,tabular,16,64,6,1.0559,7016603.885696024,4308924.6036197655,8243487.412316767,9631029.783716245,0.0435
donuts,tabular,16,64,7,1.0279,7016603.885696024,4531393.179551883,8531450.422106553,9437665.337653687,0.0471
donuts,tabular,16,64,8,0.8175,7016603.885696024,4823064.14888994,9183207.097354956,9079344.935863651,0.0437
donuts,tabular,16,64,9,0.9572,7016603.885696024,6602073.2910001,9364173.205651043,9712872.831011254,0.0443
donuts,tabular,16,128,0,0.9646,7016603.885696024,6296450.967068917,8049272.30982423,8442296.264451716,0.0459
donuts,tabular,16,128,1,0.9712,7016603.885696024,6668422.457331993,7832741.979687686,8177226.024727155,0.0538
donuts,tabular,16,128,2,0.8607,7016603.885696024,6296815.930267577,7681184.227380684,8772763.703372423,0.047
donuts,tabular,16,128,3,1.0146,7016603.885696024,5125605.7573622195,7768817.715097864,8224198.314622825,0.051
donuts,tabular,16,128,4,0.863,7016603.885696024,5679164.145307007,8074780.840983458,8531636.70533384,0.0469
donuts,tabular,16,128,5,0.8355,7016603.885696024,7110566.268130097,8541211.257941106,8988224.629015144,0.0483
donuts,tabular,16,128,6,0.9048,7016603.885696024,5763489.520379096,7971987.517815894,8651443.758513043,0.0542
donuts,tabular,16,128,7,0.8977,7016603.885696024,6477409.450456551,8196245.324749931,8043544.9261358045,0.0488
donuts,tabular,16,128,8,0.8732,7016603.885696024,5473273.998570342,7826502.981267385,8383501.020895996,0.0503
donuts,tabular,16,128,9,1.0097,7016603.885696024,6267647.685031566,7665774.84775978,8134814.637545478,0.0585
donuts,tabular,16,256,0,0.8474,7016603.885696024,6617398.806416467,7301071.522822403,7888076.529701607,0.0491
donuts,tabular,16,256,1,1.0181,7016603.885696024,6406715.734412179,8146626.93590003,8451834.144291062,0.0563
donuts,tabular,16,256,2,0.7729,7016603.885696024,6755166.425812612,8023494.266090838,7707150.362830115,0.0534
donuts,tabular,16,256,3,0.8611,7016603.885696024,6451122.054087778,7898574.135311934,7606647.666943314,0.0471
donuts,tabular,16,256,4,1.008,7016603.885696024,6304254.01763121,8121297.411758656,7608707.631225701,0.0543
donuts,tabular,16,256,5,0.9655,7016603.885696024,6669358.217397583,7480921.085859166,8048239.714175233,0.0474
donuts,tabular,16,256,6,0.8902,7016603.885696024,6234978.87586958,7734570.454468911,8055617.302857777,0.0597
donuts,tabular,16,256,7,0.9105,7016603.885696024,6918389.554830533,8011788.972674553,7664452.068360574,0.0482
donuts,tabular,16,256,8,0.8924,7016603.885696024,6694115.478951633,7926692.408111503,8052275.982172291,0.0433
donuts,tabular,16,256,9,0.9007,7016603.885696024,6208707.70267329,7282024.848006375,7751776.687546875,0.0515
donuts,tabular,16,512,0,0.8569,7016603.885696024,6839007.175998701,7365937.814386416,7515188.488862773,0.0515
donuts,tabular,16,512,1,1.0812,7016603.885696024,6908605.787280565,7435696.193670014,7895385.15078597,0.0493
donuts,tabular,16,512,2,0.981,7016603.885696024,6896471.482640804,7498602.732713778,7317920.997909064,0.0515
donuts,tabular,16,512,3,0.9753,7016603.885696024,6945453.877942821,7378938.250997228,8170885.601286052,0.0452
donuts,tabular,16,512,4,1.0099,7016603.885696024,6794502.592132788,7232523.627993364,7439542.78479631,0.0455
donuts,tabular,16,512,5,0.8576,7016603.885696024,6705861.681309202,7297003.34696779,7907843.1804838935,0.0729
donuts,tabular,16,512,6,0.9428,7016603.885696024,7359594.611211244,7897618.596104583,7201945.796523168,0.047
donuts,tabular,16,512,7,0.9476,7016603.885696024,6596059.04589048,7227890.631017312,7385864.03147652,0.0467
donuts,tabular,16,512,8,0.9912,7016603.885696024,6870869.212453581,7730828.377682313,7274975.669964388,0.051
donuts,tabular,16,512,9,0.956,7016603.885696024,7154296.381544506,7749070.68366731,7307208.394707052,0.0528
donuts,tabular,16,1024,0,0.7978,7016603.885696024,6766118.482289386,7111140.9036342595,7151041.619943308,0.0472
donuts,tabular,16,1024,1,0.9739,7016603.885696024,7088520.755818643,7401558.6016359795,7504352.830103226,0.0494
donuts,tabular,16,1024,2,0.9436,7016603.885696024,7065935.18622813,7550321.512835044,7171746.875414096,0.0524
donuts,tabular,16,1024,3,0.9697,7016603.885696024,6496942.043449724,7125270.573049389,7276992.37392226,0.0498
donuts,tabular,16,1024,4,1.0548,7016603.885696024,6954661.84377083,7281263.433380315,7237257.8533641845,0.0545
donuts,tabular,16,1024,5,0.7976,7016603.885696024,6919822.97739502,7328745.81136231,7401446.094633374,0.0532
donuts,tabular,16,1024,6,0.8646,7016603.885696024,7298565.222682563,7671027.055548403,7115779.863025254,0.0578
donuts,tabular,16,1024,7,0.9022,7016603.885696024,6767221.596025538,7217484.383594684,7198493.707291057,0.0484
donuts,tabular,16,1024,8,0.8627,7016603.885696024,6905771.7008910375,7294182.154070015,7525809.589773567,0.0603
donuts,tabular,16,1024,9,0.8973,7016603.885696024,7380009.552456757,7596068.892879676,7668060.76467081,0.0466
donuts,tabular,16,4096,0,0.8513,7016603.885696024,6954509.701049113,7070695.631486367,7163679.775742834,0.0609
donuts,tabular,16,4096,1,0.4997,7016603.885696024,7495966.77181833,7608796.396276512,7700055.300911067,0.0674
donuts,tabular,16,4096,2,0.9289,7016603.885696024,6939852.493218537,7051434.802958,7253685.793193361,0.0705
donuts,tabular,16,4096,3,0.8809,7016603.885696024,6901431.120743311,7043185.890405966,7112618.683977267,0.0553
donuts,tabular,16,4096,4,0.771,7016603.885696024,6876749.9040447865,7069177.102910534,7052898.553514335,0.0748
donuts,tabular,16,4096,5,0.9523,7016603.885696024,6896762.440466415,7043779.808438772,7085332.448931906,0.0646
donuts,tabular,16,4096,6,0.5356,7016603.885696024,7121611.814489355,7163971.342009269,7045984.029121297,0.0649
donuts,tabular,16,4096,7,0.9525,7016603.885696024,6928352.402917229,7000869.518309749,7116965.507697469,0.06
donuts,tabular,16,4096,8,0.7784,7016603.885696024,6891677.959026325,7038502.8016261775,7062485.322379686,0.0933
donuts,tabular,16,4096,9,0.7984,7016603.885696024,7060894.224381529,7046158.6788014155,7298355.387015688,0.0685
donuts,tabular,16,8192,0,0.9407,7016603.885696024,7008526.278302847,7112239.94582187,7113823.127937996,0.062
donuts,tabular,16,8192,1,0.9427,7016603.885696024,7421242.51343309,7472468.033865135,7032404.671339119,0.1522
donuts,tabular,16,8192,2,0.8953,7016603.885696024,6985198.151399416,7031436.081428504,7556631.563832324,0.0649
donuts,tabular,16,8192,3,0.9481,7016603.885696024,7008977.737008868,6998825.224461806,7019195.176697336,0.069
donuts,tabular,16,8192,4,1.1102,7016603.885696024,7025763.775551074,7106895.982331462,7089654.400631984,0.0543
donuts,tabular,16,8192,5,1.0942,7016603.885696024,7078598.8894965425,7031209.181429803,7034401.410751241,0.0936
donuts,tabular,16,8192,6,1.0304,7016603.885696024,6940386.018207554,6976881.595801584,7114980.042773619,0.071
donuts,tabular,16,8192,7,1.026,7016603.885696024,6995238.001023629,7018571.984627301,7067233.219880775,0.0717
donuts,tabular,16,8192,8,0.8526,7016603.885696024,6916512.617541822,7001989.565460684,7031525.610066501,0.0701
donuts,tabular,16,8192,9,0.9981,7016603.885696024,7075776.208648514,7128036.351839682,7033527.333087151,0.0607
donuts,tabular,32,64,0,0.7992,3818453.282211436,1689004.6276913923,4803526.940745386,6114986.287659997,0.0551
donuts,tabular,32,64,1,0.8553,3818453.282211436,1421515.3741630847,5214230.917314019,6902824.174956478,0.0493
donuts,tabular,32,64,2,0.8701,3818453.282211436,1557591.1516505787,5265265.4685710985,5709866.169964302,0.0643
donuts,tabular,32,64,3,0.8554,3818453.282211436,1796870.3440403787,5211086.632470223,6308591.172552649,0.0575
donuts,tabular,32,64,4,0.8384,3818453.282211436,1563267.3551836067,4939070.769489685,5603800.003300369,0.0517
donuts,tabular,32,64,5,0.8496,3818453.282211436,1741236.8612198369,4786429.731521625,5344707.568562575,0.0517
donuts,tabular,32,64,6,0.8519,3818453.282211436,1871726.1450017476,4791231.250442073,5527626.370453895,0.0621
donuts,tabular,32,64,7,0.8689,3818453.282211436,1481004.0444946985,5243167.36964123,5567721.376860445,0.0513
donuts,tabular,32,64,8,0.9127,3818453.282211436,1485034.200346727,4811485.4818468895,5936411.343535005,0.0624
donuts,tabular,32,64,9,0.8995,3818453.282211436,1550878.2757729187,4817871.00837888,5282786.745013657,0.0518
donuts,tabular,32,128,0,0.8988,3818453.282211436,2623354.546260963,4734413.221007974,5258384.0753488,0.0519
donuts,tabular,32,128,1,0.9215,3818453.282211436,2516861.4847300523,4544587.640901819,5102611.993788626,0.0499
donuts,tabular,32,128,2,0.9365,3818453.282211436,2563414.0274490714,4648120.616643914,5362710.88976942,0.0511
donuts,tabular,32,128,3,0.8511,3818453.282211436,2462505.019068705,4493751.842348936,4657364.6504391115,0.047
donuts,tabular,32,128,4,0.7981,3818453.282211436,2655870.383794406,4737650.145291783,5013047.188190959,0.0508
donuts,tabular,32,128,5,0.7967,3818453.282211436,2547025.8373116716,4551088.288297144,4869848.751552312,0.0542
donuts,tabular,32,128,6,0.7855,3818453.282211436,2409268.1035120925,4488172.740269082,4863003.970562982,0.0519
donuts,tabular,32,128,7,0.9491,3818453.282211436,2398960.100546805,4494220.040382352,5178507.377704359,0.0796
donuts,tabular,32,128,8,0.9622,3818453.282211436,2637945.214524462,4574242.25505143,4869248.908921495,0.0656
donuts,tabular,32,128,9,0.9802,3818453.282211436,2694185.1432788824,4338905.849316401,4644496.015420578,0.0534
donuts,tabular,32,256,0,0.8838,3818453.282211436,3074136.7844049064,4167467.7641885644,4473769.984714691,0.0554
donuts,tabular,32,256,1,1.0348,3818453.282211436,3132354.6766715003,4349911.838128204,4569018.674863868,0.055
donuts,tabular,32,256,2,0.9825,3818453.282211436,2999744.0796397678,4324965.805222146,4858322.582664313,0.0521
donuts,tabular,32,256,3,0.8182,3818453.282211436,2888583.894583878,4358284.515770417,4629499.94761499,0.0544
donuts,tabular,32,256,4,0.9064,3818453.282211436,3224366.5641067782,4313949.435955914,4599816.78031352,0.0508
donuts,tabular,32,256,5,0.8309,3818453.282211436,3009824.5380988917,4241636.546759227,4644111.071133473,0.0522
donuts,tabular,32,256,6,0.901,3818453.282211436,2910683.3751845495,4316491.869586006,4366170.687467316,0.0504
donuts,tabular,32,256,7,0.9209,3818453.282211436,3168478.986374153,4295987.976126468,4361408.619064508,0.0544
donuts,tabular,32,256,8,0.9574,3818453.282211436,3141445.5804562503,4192784.495204338,4453202.972816444,0.0583
donuts,tabular,32,256,9,0.9042,3818453.282211436,2923250.9906754345,4285141.731567718,4502202.795999692,0.0507
donuts,tabular,32,512,0,0.9389,3818453.282211436,3210816.5993495346,4047926.683602315,4224408.727874416,0.0523
donuts,tabular,32,512,1,1.0073,3818453.282211436,3521922.1712347055,4216547.932449633,4164948.5228409152,0.0543
donuts,tabular,32,512,2,1.0258,3818453.282211436,3544423.348334579,4182695.378014002,4151008.532220605,0.0699
donuts,tabular,32,512,3,0.8479,3818453.282211436,3240689.6677526375,4269147.177015416,4222866.096300829,0.0523
donuts,tabular,32,512,4,0.8874,3818453.282211436,3492921.0034862887,4125169.053184413,4345892.654948453,0.054
donuts,tabular,32,512,5,0.8174,3818453.282211436,3311366.185683418,4125434.1079223263,4187449.104845563,0.0599
donuts,tabular,32,512,6,0.8979,3818453.282211436,3353940.123068842,4085594.0828432795,4297527.502478307,0.0579
donuts,tabular,32,512,7,0.91,3818453.282211436,3462269.0308857756,4264513.9905274175,4346695.610528024,0.055
donuts,tabular,32,512,8,0.8049,3818453.282211436,3265896.8975592717,4085049.2384650386,4220654.610922559,0.0596
donuts,tabular,32,512,9,0.8175,3818453.282211436,3394526.5490297237,4239023.121819229,4108741.0141042485,0.0595
donuts,tabular,32,1024,0,0.8308,3818453.282211436,3551753.3826316865,4035747.1476567,4174586.955398449,0.0539
donuts,tabular,32,1024,1,0.9719,3818453.282211436,3759591.72437971,4042354.7760382593,3940128.5747221517,0.0495
donuts,tabular,32,1024,2,0.9239,3818453.282211436,3747050.702722114,4079381.289263035,4152234.668932262,0.0498
donuts,tabular,32,1024,3,0.888,3818453.282211436,3602529.817205767,4077268.33546172,4115232.8635499384,0.0701
donuts,tabular,32,1024,4,0.8789,3818453.282211436,3591962.5116834124,3908497.3357867887,3970667.268318139,0.053
donuts,tabular,32,1024,5,0.8348,3818453.282211436,3512421.1682936433,3913661.461610339,4062069.9810145823,0.0515
donuts,tabular,32,1024,6,0.9023,3818453.282211436,3577332.495658842,3954221.654054245,4021572.639834183,0.0655
donuts,tabular,32,1024,7,0.9266,3818453.282211436,3540509.0805439088,4005495.999038006,4202209.542746613,0.0557
donuts,tabular,32,1024,8,0.9277,3818453.282211436,3539104.40289623,3930519.520652815,4015692.198461904,0.0493
donuts,tabular,32,1024,9,1.0301,3818453.282211436,3505773.4975231136,3932050.704116615,4050149.392771896,0.0529
donuts,tabular,32,4096,0,0.9325,3818453.282211436,3639739.239390493,3851460.2493655393,3838435.101415225,0.0877
donuts,tabular,32,4096,1,1.0789,3818453.282211436,3778625.3372949325,3909016.641833461,3863300.4648542413,0.077
donuts,tabular,32,4096,2,0.9919,3818453.282211436,3674508.7740009963,3862215.6602655826,3824425.893883966,0.0559
donuts,tabular,32,4096,3,0.9035,3818453.282211436,3782938.646807635,4020653.3526226594,4021836.089717906,0.0749
donuts,tabular,32,4096,4,0.9071,3818453.282211436,3725476.6730488557,3848369.3991639083,3819943.0813342966,0.0846
donuts,tabular,32,4096,5,0.9318,3818453.282211436,3753374.623077551,3944837.8469091617,3937823.863963452,0.0642
donuts,tabular,32,4096,6,0.911,3818453.282211436,3656912.1238567983,3836302.8890594654,3877258.973797514,0.0717
donuts,tabular,32,4096,7,1.0079,3818453.282211436,3763115.516174905,3982742.625228924,3841296.715919478,0.0664
donuts,tabular,32,4096,8,1.0995,3818453.282211436,3782134.5137459924,3927378.359559337,3873565.3247246263,0.0651
donuts,tabular,32,4096,9,0.9641,3818453.282211436,3728129.701156713,3881054.00253108,4089417.4900433663,0.0735
donuts,tabular,32,8192,0,0.9886,3818453.282211436,3781877.501276668,3877080.8932587374,3875689.600408288,0.0742
donuts,tabular,32,8192,1,0.989,3818453.282211436,3737407.4382877517,3836133.753205037,3826760.774694577,0.0726
donuts,tabular,32,8192,2,1.0063,3818453.282211436,3762507.337889903,3871852.0259519788,3862127.2830036506,0.0899
donuts,tabular,32,8192,3,1.2232,3818453.282211436,3707292.8672746294,3789414.4661340453,3827759.1687031817,0.0752
donuts,tabular,32,8192,4,1.0685,3818453.282211436,3763408.2079217974,3801087.476360404,3861395.9641165943,0.1852
donuts,tabular,32,8192,5,0.9226,3818453.282211436,3711185.367721742,3822048.7451218166,3791504.664761147,0.1384
donuts,tabular,32,8192,6,0.9462,3818453.282211436,3704428.976612577,3805818.3813701533,3870231.5594073487,0.0904
donuts,tabular,32,8192,7,1.0696,3818453.282211436,3758280.9313793276,3891005.9994832426,3873383.0526395105,0.0798
donuts,tabular,32,8192,8,0.975,3818453.282211436,3708379.1189890993,3828706.5737753953,3898596.3061791435,0.1034
donuts,tabular,32,8192,9,0.9116,3818453.282211436,3711981.1000615763,3836350.1941033048,3886934.9706669645,0.1168
donuts,tabular,64,64,0,1.828,2005270.4140569994,774304.2147376093,2617011.9379496137,3435405.3640989913,0.0694
donuts,tabular,64,64,1,1.6422,2005270.4140569994,780149.2549469923,2585419.5268903635,4419512.026858389,0.0667
donuts,tabular,64,64,2,1.7407,2005270.4140569994,858399.8726094754,2477304.3312747567,4106734.4712405964,0.0621
donuts,tabular,64,64,3,1.8204,2005270.4140569994,740760.3185087322,2611846.9603676666,4344057.017034676,0.0662
donuts,tabular,64,64,4,1.8536,2005270.4140569994,780443.1680003081,2551840.125904276,3610030.0460020145,0.0716
donuts,tabular,64,64,5,1.7984,2005270.4140569994,821711.2458269207,2465351.1212800303,3804189.2964542797,0.0704
donuts,tabular,64,64,6,1.8268,2005270.4140569994,792245.809469781,2521411.5535381893,4688962.1256548995,0.0783
donuts,tabular,64,64,7,1.7755,2005270.4140569994,784584.7090947054,2409649.8885530373,5010173.816594033,0.0746
donuts,tabular,64,64,8,1.7174,2005270.4140569994,901580.3857406662,2477179.7131441813,4430825.177432286,0.0687
donuts,tabular,64,64,9,1.7432,2005270.4140569994,937099.8682948644,2484113.1970385266,4715299.8255364215,0.0668
donuts,tabular,64,128,0,1.7833,2005270.4140569994,795016.9393146925,2526756.14946327,2766449.0392693654,0.0723
donuts,tabular,64,128,1,1.8267,2005270.4140569994,878026.544659446,2575926.141141947,2831562.6894136323,0.0619
donuts,tabular,64,128,2,1.7165,2005270.4140569994,691795.3532971959,2636268.370726931,3097859.2771547064,0.0707
donuts,tabular,64,128,3,1.8113,2005270.4140569994,842602.7000933312,2474601.3709455924,2706759.8275294895,0.0686
donuts,tabular,64,128,4,1.7271,2005270.4140569994,702350.2570444258,2553465.676807457,2880340.0932547227,0.0666
donuts,tabular,64,128,5,1.8178,2005270.4140569994,757276.699921212,2555120.927135595,2991862.9359172983,0.0581
donuts,tabular,64,128,6,1.6871,2005270.4140569994,787323.1422809088,2427702.513061757,2688585.517853152,0.0594
donuts,tabular,64,128,7,1.6139,2005270.4140569994,809461.2245112149,2503724.7576680547,2935186.8621814367,0.0648
donuts,tabular,64,128,8,1.5404,2005270.4140569994,687625.4611415329,2653230.3916407125,2737728.891367043,0.0642
donuts,tabular,64,128,9,1.5308,2005270.4140569994,766030.3544562242,2717414.3198311995,2767285.514435713,0.0647
donuts,tabular,64,256,0,1.5628,2005270.4140569994,1249862.6086259363,2318995.5926558804,2653743.631155953,0.0654
donuts,tabular,64,256,1,1.6646,2005270.4140569994,1294458.1675252547,2406372.3012570944,2620308.6460147826,0.0641
donuts,tabular,64,256,2,1.663,2005270.4140569994,1295918.8938254425,2374191.2515047872,2803996.6718824324,0.0586
donuts,tabular,64,256,3,1.5667,2005270.4140569994,1229447.233345708,2310738.713448833,2560583.529215114,0.0686
donuts,tabular,64,256,4,1.7937,2005270.4140569994,1197931.913340179,2356758.6130489837,2602014.3080747193,0.0527
donuts,tabular,64,256,5,1.98,2005270.4140569994,1240646.8484117403,2432040.528209895,2694259.7950581093,0.063
donuts,tabular,64,256,6,1.7927,2005270.4140569994,1450679.679353377,2471435.3104888084,2658976.140464114,0.0634
donuts,tabular,64,256,7,1.9153,2005270.4140569994,1304258.00640963,2331998.8133733,2518016.0892435545,0.0641
donuts,tabular,64,256,8,1.5482,2005270.4140569994,1197016.479701987,2335063.9200313846,2611962.0028196834,0.0772
donuts,tabular,64,256,9,1.8344,2005270.4140569994,1416348.5750807996,2434446.202868312,2349602.7721648724,0.07
donuts,tabular,64,512,0,1.936,2005270.4140569994,1555210.5916518858,2270124.2528893063,2339396.3057759376,0.0742
donuts,tabular,64,512,1,1.6638,2005270.4140569994,1440926.055008004,2249909.377938575,2360099.8581873258,0.0605
donuts,tabular,64,512,2,1.6192,2005270.4140569994,1547500.660171422,2232813.8099391963,2307870.477401336,0.0598
donuts,tabular,64,512,3,1.6399,2005270.4140569994,1613415.0764331173,2260660.187833613,2275652.2779397666,0.0601
donuts,tabular,64,512,4,1.7718,2005270.4140569994,1603554.7128435874,2257877.668985506,2295072.1163446,0.0736
donuts,tabular,64,512,5,1.6602,2005270.4140569994,1630718.47438723,2258988.4373151343,2356324.523359685,0.0588
donuts,tabular,64,512,6,1.9563,2005270.4140569994,1456868.213682337,2178113.085947829,2338575.265012431,0.0711
donuts,tabular,64,512,7,1.8311,2005270.4140569994,1602658.6272416103,2269325.021052148,2393331.945036256,0.071
donuts,tabular,64,512,8,1.7616,2005270.4140569994,1649104.0700486838,2274565.6993757105,2391696.838826028,0.0713
donuts,tabular,64,512,9,1.6403,2005270.4140569994,1543360.2803638554,2242726.3817920503,2447680.103536637,0.0733
donuts,tabular,64,1024,0,1.72,2005270.4140569994,1786224.2112484055,2134113.8840589067,2239231.7983162734,0.0637
donuts,tabular,64,1024,1,1.5664,2005270.4140569994,1703975.7754421728,2155416.676280402,2163252.5314980634,0.0665
donuts,tabular,64,1024,2,1.6774,2005270.4140569994,1716242.213516698,2146561.5979790385,2201417.647418538,0.0723
donuts,tabular,64,1024,3,1.5905,2005270.4140569994,1841214.5895033043,2183622.089908416,2216593.38756676,0.0593
donuts,tabular,64,1024,4,1.6729,2005270.4140569994,1729458.4407112002,2134716.379331229,2222360.5622186093,0.0699
donuts,tabular,64,1024,5,1.6562,2005270.4140569994,1799299.9358637366,2181033.4362851703,2256123.9601311823,0.0752
donuts,tabular,64,1024,6,1.7024,2005270.4140569994,1706940.9942760943,2157746.5029138415,2187496.190782319,0.0687
donuts,tabular,64,1024,7,1.8154,2005270.4140569994,1761647.613898912,2168816.2235528203,2183057.714656811,0.0626
donuts,tabular,64,1024,8,1.8038,2005270.4140569994,1816602.198568215,2168722.0743209682,2235052.338762676,0.0641
donuts,tabular,64,1024,9,1.9176,2005270.4140569994,1688931.5948106903,2139503.4590882254,2210752.457980889,0.066
donuts,tabular,64,4096,0,1.9943,2005270.4140569994,1981051.4193228371,2098294.436788413,2074605.2348101807,0.0916
donuts,tabular,64,4096,1,2.0469,2005270.4140569994,1924565.06375772,2072034.6101676659,2056949.4142433866,0.1797
donuts,tabular,64,4096,2,1.9775,2005270.4140569994,1909045.8626633778,2058046.6680582794,2110010.269818004,0.0988
donuts,tabular,64,4096,3,1.7613,2005270.4140569994,1896983.3750393698,2061139.756161288,2095074.148841053,0.097
donuts,tabular,64,4096,4,1.8472,2005270.4140569994,1901234.8832887483,2068770.3951850152,2086712.6501435474,0.1488
donuts,tabular,64,4096,5,1.9228,2005270.4140569994,1894134.0405440438,2048790.428067369,2081617.693707971,0.077
donuts,tabular,64,4096,6,1.6341,2005270.4140569994,1944718.394189699,2095454.9543404551,2107123.9916545665,0.0882
donuts,tabular,64,4096,7,1.9915,2005270.4140569994,1951360.9381528979,2107741.7701625233,2112223.701721334,0.1213
donuts,tabular,64,4096,8,2.0407,2005270.4140569994,1876623.9281648332,2058954.6930215016,2105365.9609025484,0.0763
donuts,tabular,64,4096,9,1.9177,2005270.4140569994,1924779.2152538463,2061550.4710336193,2073606.489038458,0.0856
donuts,tabular,64,8192,0,1.8516,2005270.4140569994,1976320.9329289144,2039943.368819905,2049446.3907690728,0.0958
donuts,tabular,64,8192,1,1.9427,2005270.4140569994,1922270.296135891,2038162.8376376943,2077388.5784358107,0.0868
donuts,tabular,64,8192,2,1.8018,2005270.4140569994,1932886.7066752734,2054763.512720149,2044462.8755044518,0.1068
donuts,tabular,64,8192,3,1.6529,2005270.4140569994,1932859.5534388493,2041866.9557506645,2084685.1391493245,0.121
donuts,tabular,64,8192,4,1.8605,2005270.4140569994,1970339.9307516094,2051660.3753066668,2052720.5872612388,0.1089
donuts,tabular,64,8192,5,1.9119,2005270.4140569994,1957543.6811556544,2044217.9859165945,2044008.596598642,0.0996
donuts,tabular,64,8192,6,2.0125,2005270.4140569994,1953434.450838559,2040725.5435693893,2042683.8047780592,0.0958
donuts,tabular,64,8192,7,1.8517,2005270.4140569994,1915146.946408876,2019142.6530218357,2055676.4805797497,0.0989
donuts,tabular,64,8192,8,1.694,2005270.4140569994,1955909.652191364,2030842.411864657,2039298.9555076966,0.09
donuts,tabular,64,8192,9,1.7819,2005270.4140569994,1923012.3314530896,2032624.5869679288,2062927.275406052,0.1097
uber,tabular,2,64,0,0.3936,732.6674198391597,726.2478853442929,777.8728488119754,834.2140577777286,0.0427
uber,tabular,2,64,1,0.3431,732.6674198391597,737.2897486127749,757.6333243230808,745.4268184848773,0.0391
uber,tabular,2,64,2,0.3682,732.6674198391597,727.7077816509409,853.7248478394819,863.9738676816061,0.0423
uber,tabular,2,64,3,0.3581,732.6674198391597,760.2246304315871,785.2877641360897,882.6461001294279,0.0374
uber,tabular,2,64,4,0.4507,732.6674198391597,672.3719201058618,761.694078726781,743.7678903930255,0.038
uber,tabular,2,64,5,0.2929,732.6674198391597,787.971508215626,856.6158751599495,791.7816224609801,0.0404
uber,tabular,2,64,6,0.3179,732.6674198391597,874.2911341809316,860.3274978057407,762.931072200292,0.0357
uber,tabular,2,64,7,0.3483,732.6674198391597,685.887176933092,739.2025509319355,737.4135222260101,0.0462
uber,tabular,2,64,8,0.317,732.6674198391597,796.2948878727619,871.7030180329291,811.4950241050185,0.0458
uber,tabular,2,64,9,0.3921,732.6674198391597,725.2873502065132,733.9004819209063,783.4783191304826,0.0419
uber,tabular,2,128,0,0.3599,732.6674198391597,781.1263085383329,789.0148272306815,896.0276899866358,0.0386
uber,tabular,2,128,1,0.3578,732.6674198391597,704.6913624472875,742.0384568585828,759.1305923938469,0.04
uber,tabular,2,128,2,0.3705,732.6674198391597,837.4119444014171,854.6506424593603,760.4382832236872,0.0343
uber,tabular,2,128,3,0.3795,732.6674198391597,718.6797171719726,760.7732599658066,738.0203542490194,0.0354
uber,tabular,2,128,4,0.4237,732.6674198391597,761.6561358731469,848.3837670692328,751.7306775093637,0.0415
uber,tabular,2,128,5,0.3506,732.6674198391597,725.697895594826,744.4176222700203,779.5044343380201,0.0384
uber,tabular,2,128,6,0.3852,732.6674198391597,754.3969211675977,765.0632653387624,742.0385762733786,0.0393
uber,tabular,2,128,7,0.4032,732.6674198391597,728.3639132628512,799.7615310123871,905.5224780186404,0.0421
uber,tabular,2,128,8,0.4193,732.6674198391597,712.0966515432447,806.6438520561305,894.2880292025095,0.0398
uber,tabular,2,128,9,0.4107,732.6674198391597,784.4360240124795,865.2666934725588,754.7504408375682,0.0434
uber,tabular,2,256,0,0.4457,732.6674198391597,706.8710381857965,738.0309235305978,758.6931316411169,0.0465
uber,tabular,2,256,1,0.3572,732.6674198391597,737.7351554395102,743.0761803207263,791.900150878097,0.0692
uber,tabular,2,256,2,0.3537,732.6674198391597,728.5719176935444,733.1705054234719,740.8555584933135,0.0368
uber,tabular,2,256,3,0.3375,732.6674198391597,739.421337164754,756.7398943701388,736.2974898711973,0.0375
uber,tabular,2,256,4,0.34,732.6674198391597,732.6794505315625,733.9258939487493,820.3721114388634,0.0379
uber,tabular,2,256,5,0.454,732.6674198391597,699.7557562986674,734.9080190931468,874.3346720338823,0.0431
uber,tabular,2,256,6,0.3981,732.6674198391597,751.6874711541516,809.1858459255159,751.2588326755069,0.0371
uber,tabular,2,256,7,0.3566,732.6674198391597,711.8453887984518,733.5335463984302,762.0853885665169,0.0424
uber,tabular,2,256,8,0.3823,732.6674198391597,806.819571747975,851.3903581975685,869.6238719354587,0.039
uber,tabular,2,256,9,0.3839,732.6674198391597,765.0715792888857,802.5666515473765,745.2260136619168,0.0421
uber,tabular,2,512,0,0.374,732.6674198391597,761.7342497392798,771.839623766929,734.9557546374419,0.0429
uber,tabular,2,512,1,0.4011,732.6674198391597,729.872914796081,735.3966609749393,736.3065061340176,0.0416
uber,tabular,2,512,2,0.3919,732.6674198391597,742.9269065318789,734.2187905214162,797.9262445350446,0.0415
uber,tabular,2,512,3,0.3519,732.6674198391597,747.0712446630176,734.5106458829267,733.9304952827367,0.036
uber,tabular,2,512,4,0.3501,732.6674198391597,725.2920776152038,733.4791437592843,733.3531752770838,0.0401
uber,tabular,2,512,5,0.3232,732.6674198391597,725.8407084379467,732.9280063790652,740.1032796621942,0.039
uber,tabular,2,512,6,0.3664,732.6674198391597,728.2742605385411,733.048948349404,732.9060877930985,0.0404
uber,tabular,2,512,7,0.4465,732.6674198391597,741.2282372359049,735.1179160176491,737.0519867214991,0.0364
uber,tabular,2,512,8,0.3127,732.6674198391597,731.3532045146085,735.4936679259205,762.4398760309375,0.0397
uber,tabular,2,512,9,0.3608,732.6674198391597,732.771410747015,734.1010370718428,739.8445166590075,0.0404
uber,tabular,2,1024,0,0.3366,732.6674198391597,727.0212393398591,733.0538147688005,737.686815845243,0.0409
uber,tabular,2,1024,1,0.3553,732.6674198391597,741.1219230560763,732.9451390179694,737.5608529095299,0.0432
uber,tabular,2,1024,2,0.3594,732.6674198391597,733.5690214859468,733.0074899161992,733.4835731141839,0.035
uber,tabular,2,1024,3,0.292,732.6674198391597,730.0635402140381,737.8211454183572,734.2176857355636,0.0339
uber,tabular,2,1024,4,0.4092,732.6674198391597,736.5103067130644,734.3381737390558,885.4495999216947,0.0503
uber,tabular,2,1024,5,0.4008,732.6674198391597,730.78096862238,732.8143099061297,742.4933888699381,0.0351
uber,tabular,2,1024,6,0.4224,732.6674198391597,737.950570231774,733.1790919450577,735.5768083428397,0.035
uber,tabular,2,1024,7,0.3329,732.6674198391597,786.1975118225341,808.2442688446674,736.715114282991,0.0369
uber,tabular,2,1024,8,0.3156,732.6674198391597,725.5067165503965,734.0376374003174,745.0437579603446,0.0413
uber,tabular,2,1024,9,0.3599,732.6674198391597,715.4226049174584,735.5289323598693,733.8037538706842,0.0359
uber,tabular,2,4096,0,0.3736,732.6674198391597,727.3981105687201,732.8319484119636,732.8801644571661,0.0463
uber,tabular,2,4096,1,0.3337,732.6674198391597,731.5659788491679,732.8920985369598,732.9392261335565,0.0659
uber,tabular,2,4096,2,0.3436,732.6674198391597,733.7916572487798,732.7397253321217,732.9065789230021,0.0628
uber,tabular,2,4096,3,0.4023,732.6674198391597,731.5108318777282,732.8368236987108,732.853248500461,0.0433
uber,tabular,2,4096,4,0.3211,732.6674198391597,734.187800617982,732.7623470619016,732.8652147141584,0.0364
uber,tabular,2,4096,5,0.3931,732.6674198391597,726.2860328369791,732.8241167735989,881.3621007118672,0.0531
uber,tabular,2,4096,6,0.4349,732.6674198391597,724.9027263156604,732.9097646019268,732.7820159449243,0.0589
uber,tabular,2,4096,7,0.3689,732.6674198391597,731.4920022824596,733.4162949669987,733.1051490282921,0.052
uber,tabular,2,4096,8,0.3467,732.6674198391597,732.4024042098638,732.74788074563,732.8809746295375,0.038
uber,tabular,2,4096,9,0.4214,732.6674198391597,734.8371892826563,732.7566788865589,733.2793454167045,0.0482
uber,tabular,2,8192,0,0.363,732.6674198391597,733.0723645866335,732.8427466949731,732.7172110672009,0.0558
uber,tabular,2,8192,1,0.3572,732.6674198391597,732.02817686137,732.8355717072809,733.6911924904443,0.0491
uber,tabular,2,8192,2,0.34,732.6674198391597,732.0053207057317,733.3064585356315,732.7145908196392,0.0449
uber,tabular,2,8192,3,0.3468,732.6674198391597,732.6976651316525,732.704817919541,732.9633928601061,0.0453
uber,tabular,2,8192,4,0.3827,732.6674198391597,731.909148292569,732.9542093070152,734.5799203073398,0.0489
uber,tabular,2,8192,5,0.3786,732.6674198391597,730.3867240334021,732.723087762973,732.7017506196988,0.0635
uber,tabular,2,8192,6,0.3196,732.6674198391597,730.9965083111163,732.9035432107132,732.9493423129543,0.0481
uber,tabular,2,8192,7,0.3864,732.6674198391597,733.9067025262897,732.831015567179,733.2269098899052,0.0479
uber,tabular,2,8192,8,0.364,732.6674198391597,733.0647762186728,733.3826487691673,733.1393738954289,0.0417
uber,tabular,2,8192,9,0.3042,732.6674198391597,728.3942901551885,732.7056027046195,732.8912531034557,0.0492
uber,tabular,4,64,0,0.5696,334.5880512492961,307.630133021304,346.63743948512735,415.88859663832403,0.0491
uber,tabular,4,64,1,0.7801,334.5880512492961,340.3956688162511,341.08017174819145,348.72810346988854,0.0392
uber,tabular,4,64,2,0.6168,334.5880512492961,326.8462180352476,382.44338912065916,367.58105109487167,0.0422
uber,tabular,4,64,3,0.6376,334.5880512492961,341.236803641795,363.1807758850673,438.89332992346965,0.0333
uber,tabular,4,64,4,0.6352,334.5880512492961,273.9879616186479,369.03182387699604,571.9748413543787,0.0375
uber,tabular,4,64,5,0.6246,334.5880512492961,261.1833379497854,347.8065768587128,359.3183241856858,0.036
uber,tabular,4,64,6,0.8441,334.5880512492961,340.21330944309074,398.4449957003639,440.38328688979266,0.0383
uber,tabular,4,64,7,0.537,334.5880512492961,317.7756731828614,372.5169740086216,509.21827064865363,0.0366
uber,tabular,4,64,8,0.4402,334.5880512492961,348.8499511252964,375.4611009844705,423.4362685974696,0.0424
uber,tabular,4,64,9,0.4508,334.5880512492961,382.9356955233724,391.9667634938547,493.7775475470692,0.0308
uber,tabular,4,128,0,0.4992,334.5880512492961,311.9971186792026,339.42892054456007,368.40697896931175,0.0354
uber,tabular,4,128,1,0.6837,334.5880512492961,267.0815933400351,346.7861149230995,352.68813682855773,0.0443
uber,tabular,4,128,2,0.462,334.5880512492961,363.0700836216399,387.54325299358226,350.89769098103204,0.0357
uber,tabular,4,128,3,0.4611,334.5880512492961,389.0741689511509,378.5751339169616,411.63334918969986,0.0399
uber,tabular,4,128,4,0.4473,334.5880512492961,323.03205222482694,348.53940270367565,413.7167978719357,0.0338
uber,tabular,4,128,5,0.5686,334.5880512492961,371.8448971885837,361.4693561299375,343.3019146483902,0.0237
uber,tabular,4,128,6,0.4492,334.5880512492961,320.21242459477736,345.57054618485614,353.6200553264304,0.0276
uber,tabular,4,128,7,0.739,334.5880512492961,327.75438052498856,336.69250156834187,338.1172430857713,0.0404
uber,tabular,4,128,8,0.6834,334.5880512492961,317.7296276142681,344.75571697371356,491.55502246705896,0.0263
uber,tabular,4,128,9,0.5277,334.5880512492961,323.5369192087157,358.45284691787054,362.6488375941525,0.0327
uber,tabular,4,256,0,0.6255,334.5880512492961,312.97395632879045,337.8701349252203,407.1785553002672,0.0274
uber,tabular,4,256,1,0.5858,334.5880512492961,318.43468636051364,339.3125036418856,342.6170620946769,0.0304
uber,tabular,4,256,2,0.4083,334.5880512492961,338.1938215635987,337.27929684271237,338.1709793772493,0.0251
uber,tabular,4,256,3,0.984,334.5880512492961,324.59366704120885,344.67043589653326,339.2356447448423,0.0244
uber,tabular,4,256,4,0.4316,334.5880512492961,349.1965258496812,339.81259467934603,344.2470845568507,0.0388
uber,tabular,4,256,5,0.499,334.5880512492961,389.4506142868672,394.91315225337473,396.2130425763904,0.0286
uber,tabular,4,256,6,0.3646,334.5880512492961,328.03886477664383,343.7973905234138,344.4068304591474,0.028
uber,tabular,4,256,7,0.3587,334.5880512492961,311.2404230375047,341.8353018168087,406.02741783338246,0.0255
uber,tabular,4,256,8,0.4763,334.5880512492961,323.25540363112873,340.64614166890186,423.01273689839894,0.0341
uber,tabular,4,256,9,0.5003,334.5880512492961,329.09304122108273,337.0065327256044,419.09103486864865,0.0515
uber,tabular,4,512,0,0.427,334.5880512492961,326.1187269357562,336.2442715908544,403.55179569796167,0.0345
uber,tabular,4,512,1,0.4929,334.5880512492961,329.1488539487191,338.8125553247394,362.37645014900124,0.0284
uber,tabular,4,512,2,0.6725,334.5880512492961,328.1322586067686,335.65319005394616,337.2638711151135,0.0284
uber,tabular,4,512,3,0.3941,334.5880512492961,339.00765899485464,344.51417919006735,339.41931199650423,0.0483
uber,tabular,4,512,4,0.4767,334.5880512492961,326.1855034696657,341.2271716133413,341.8173420784771,0.0242
uber,tabular,4,512,5,0.6948,334.5880512492961,329.65240405469336,338.24020298791925,339.3114985539746,0.0297
uber,tabular,4,512,6,0.3849,334.5880512492961,328.7647777584695,337.7006756160424,339.1793453802023,0.0279
uber,tabular,4,512,7,0.4805,334.5880512492961,345.19387469155055,337.9218776130915,339.8656104188601,0.0259
uber,tabular,4,512,8,0.3971,334.5880512492961,327.2861895548712,337.9065229853331,340.1006708432528,0.0269
uber,tabular,4,512,9,0.3948,334.5880512492961,332.1810151260095,337.8290343963461,337.3863103327908,0.0342
uber,tabular,4,1024,0,0.5458,334.5880512492961,332.48625268152665,336.28090022270925,343.3218617150437,0.03
uber,tabular,4,1024,1,0.4527,334.5880512492961,332.34538994225375,339.0558981778455,336.27240093451303,0.0348
uber,tabular,4,1024,2,0.5414,334.5880512492961,330.4509734704762,337.19443387762186,337.4164550115197,0.0254
uber,tabular,4,1024,3,0.3927,334.5880512492961,332.7785523689174,335.5774150702823,339.5399937423456,0.0278
uber,tabular,4,1024,4,0.4225,334.5880512492961,335.005019501265,336.7313255850616,337.4539334405815,0.0277
uber,tabular,4,1024,5,0.4228,334.5880512492961,322.39757334643735,337.8779084065113,335.5551765480552,0.0274
uber,tabular,4,1024,6,0.3976,334.5880512492961,330.0731406583803,336.90049670234066,395.56682281719566,0.0295
uber,tabular,4,1024,7,0.4506,334.5880512492961,337.0583732864617,339.0144328390453,337.5124467709684,0.0297
uber,tabular,4,1024,8,0.4365,334.5880512492961,328.1576715834212,335.9328457156056,398.92291972984657,0.0273
uber,tabular,4,1024,9,0.5499,334.5880512492961,332.6550955052264,335.0510283521362,336.0777170565425,0.0274
uber,tabular,4,4096,0,0.6761,334.5880512492961,330.93925259982166,334.8937754841909,335.4945027591348,0.047
uber,tabular,4,4096,1,0.5313,334.5880512492961,334.71179418733703,335.0712643154103,335.84523079214057,0.0297
uber,tabular,4,4096,2,0.6133,334.5880512492961,337.32329076910423,334.7123535403241,335.98791562788836,0.0423
uber,tabular,4,4096,3,0.6611,334.5880512492961,340.32203058678834,335.1478589917195,334.799262412582,0.0319
uber,tabular,4,4096,4,1.1699,334.5880512492961,337.93177037283186,334.66142364267034,334.8987743299366,0.0872
uber,tabular,4,4096,5,0.5198,334.5880512492961,332.84533841796866,335.62187518683515,334.88987383444953,0.0488
uber,tabular,4,4096,6,0.6687,334.5880512492961,337.0901452877407,335.49367476484736,393.7961861712468,0.0567
uber,tabular,4,4096,7,0.4219,334.5880512492961,337.67706757892597,335.0429968234092,335.012017979644,0.0321
uber,tabular,4,4096,8,0.369,334.5880512492961,329.7176601133409,335.45330292515723,335.73138771937784,0.0336
uber,tabular,4,4096,9,0.5198,334.5880512492961,331.11774321372997,335.1126936564109,335.8450220256968,0.0353
uber,tabular,4,8192,0,0.5278,334.5880512492961,335.05711820421266,334.8019466714477,334.91313607248037,0.0408
uber,tabular,4,8192,1,0.4727,334.5880512492961,337.2477226747501,335.0168958595326,334.6911810581491,0.0438
uber,tabular,4,8192,2,0.5508,334.5880512492961,335.3215089972933,334.7910454516061,334.92251027960197,0.0309
uber,tabular,4,8192,3,0.5438,334.5880512492961,337.18589214127417,334.743593164991,334.76056978313704,0.0597
uber,tabular,4,8192,4,0.6122,334.5880512492961,336.6681036321314,334.84368911135925,335.1281144647853,0.0434
uber,tabular,4,8192,5,0.5428,334.5880512492961,328.8711622502477,334.6429557691707,334.76341769981633,0.0436
uber,tabular,4,8192,6,0.5811,334.5880512492961,329.79730771079915,334.82459438852834,334.8383236416171,0.0628
uber,tabular,4,8192,7,0.5181,334.5880512492961,340.7972993931768,334.74746561756706,334.6731498680452,0.0411
uber,tabular,4,8192,8,0.5484,334.5880512492961,330.95456075922215,334.7203780199312,334.69324004869634,0.0509
uber,tabular,4,8192,9,0.4577,334.5880512492961,333.14951185590786,334.750733329426,334.74858080342744,0.045
uber,tabular,8,64,0,0.8517,165.0445862342811,140.82383509917912,211.3589560567571,264.49035507129,0.0306
uber,tabular,8,64,1,0.7425,165.0445862342811,123.8162217933906,202.80306407651074,227.44931382518945,0.0296
uber,tabular,8,64,2,0.7224,165.0445862342811,143.8986336363461,189.52597233573303,242.0977552001317,0.03
uber,tabular,8,64,3,0.5724,165.0445862342811,142.91737041162787,199.1607905141476,198.19492708755882,0.0383
uber,tabular,8,64,4,0.6075,165.0445862342811,134.4884784314815,180.14214739147923,224.25844932215298,0.0278
uber,tabular,8,64,5,0.6927,165.0445862342811,126.7955489571579,173.968208351185,194.21143898544864,0.026
uber,tabular,8,64,6,0.7316,165.0445862342811,170.04903462117286,205.54283303495123,184.13932025209436,0.0281
uber,tabular,8,64,7,0.5794,165.0445862342811,140.9717176577281,182.66893723743908,244.56212347642906,0.0292
uber,tabular,8,64,8,1.0179,165.0445862342811,127.89986711479621,179.27156382657847,196.54919195344377,0.0334
uber,tabular,8,64,9,0.3656,165.0445862342811,146.12341982446938,181.360168703175,255.14916408628972,0.0294
uber,tabular,8,128,0,0.6589,165.0445862342811,159.01391797546006,189.5410178965905,180.28192349733013,0.0331
uber,tabular,8,128,1,0.9542,165.0445862342811,151.29075962743255,175.33406334099885,288.46370863037873,0.0294
uber,tabular,8,128,2,0.5858,165.0445862342811,171.5968306587766,181.87394643903139,199.43308348586095,0.0408
uber,tabular,8,128,3,0.6759,165.0445862342811,153.33138816482614,170.67586763414596,217.30664726928043,0.033
uber,tabular,8,128,4,0.667,165.0445862342811,167.7643707186632,183.322243348822,231.0228661497749,0.038
uber,tabular,8,128,5,0.4916,165.0445862342811,153.3538454671397,166.46555476685052,189.96590662384827,0.0332
uber,tabular,8,128,6,0.457,165.0445862342811,150.10401584841887,189.93908444688026,183.3945647713063,0.0313
uber,tabular,8,128,7,1.0543,165.0445862342811,151.22714088707278,184.46960542510226,180.9090451598791,0.0377
uber,tabular,8,128,8,0.5478,165.0445862342811,145.43068836521016,184.52516842357394,192.73922002280713,0.0316
uber,tabular,8,128,9,0.8941,165.0445862342811,167.96748859434388,185.4192576134747,196.45455869095542,0.0337
uber,tabular,8,256,0,0.5959,165.0445862342811,151.1147744090028,168.03834336244014,188.37916989890857,0.032
uber,tabular,8,256,1,0.9471,165.0445862342811,155.38605064221318,170.00350767923405,175.1729572981038,0.0437
uber,tabular,8,256,2,0.8212,165.0445862342811,163.63827454133778,176.99884034719125,197.04372399655654,0.0335
uber,tabular,8,256,3,1.0159,165.0445862342811,165.9388360821569,177.16832246165802,166.9113732502537,0.0327
uber,tabular,8,256,4,1.3733,165.0445862342811,164.19271139201095,180.20789168390178,169.5650873372684,0.0296
uber,tabular,8,256,5,0.7674,165.0445862342811,165.96662646469431,185.58449015702888,172.27065427841757,0.0353
uber,tabular,8,256,6,1.0309,165.0445862342811,164.9706033189065,178.83778173746646,170.42345073642835,0.0366
uber,tabular,8,256,7,0.7812,165.0445862342811,166.79714077795805,171.48058119580315,198.52432966224188,0.0357
uber,tabular,8,256,8,0.5327,165.0445862342811,170.7347733499071,190.17578437619807,173.71423575629478,0.032
uber,tabular,8,256,9,1.1273,165.0445862342811,157.19505494771343,172.00217712649854,178.50514794383662,0.0359
uber,tabular,8,512,0,0.8892,165.0445862342811,161.7377139322797,169.48283173281806,170.07025842125637,0.0346
uber,tabular,8,512,1,1.0228,165.0445862342811,148.57931460876677,164.22270930641253,178.83764429684084,0.0377
uber,tabular,8,512,2,0.7358,165.0445862342811,167.3720410251067,168.1798708029143,171.06566461191113,0.0316
uber,tabular,8,512,3,0.596,165.0445862342811,164.30011877726554,171.2119889579767,173.78253090521991,0.0358
uber,tabular,8,512,4,0.5461,165.0445862342811,159.12305254003132,164.61579175828535,170.59194820736639,0.0356
uber,tabular,8,512,5,0.6372,165.0445862342811,162.04534491681318,167.9599562097463,177.97348965459116,0.0334
uber,tabular,8,512,6,0.6168,165.0445862342811,153.4390069300916,163.64090649323327,174.90835410788202,0.0389
uber,tabular,8,512,7,0.5895,165.0445862342811,169.49296208289618,173.7782895560349,190.24042128433777,0.036
uber,tabular,8,512,8,0.7635,165.0445862342811,162.8378576863865,169.62243974859786,175.26966847113042,0.0399
uber,tabular,8,512,9,1.2968,165.0445862342811,163.34408627991118,164.08663873252578,196.1562339322291,0.0382
uber,tabular,8,1024,0,1.6078,165.0445862342811,161.81696346710814,167.18451191288153,171.18211523398884,0.0364
uber,tabular,8,1024,1,1.1682,165.0445862342811,158.0546847905216,161.22495316518638,163.51744791854227,0.0351
uber,tabular,8,1024,2,0.8729,165.0445862342811,159.46902717281685,162.29575333943262,162.63285729239254,0.0375
uber,tabular,8,1024,3,0.4338,165.0445862342811,174.03606774820165,176.75266603755705,162.13459071077258,0.0341
uber,tabular,8,1024,4,1.3737,165.0445862342811,158.77005110435516,167.35517090017083,168.74551075036283,0.0374
uber,tabular,8,1024,5,0.5626,165.0445862342811,157.42814362479365,162.18782210572272,166.76060605796778,0.0363
uber,tabular,8,1024,6,1.4138,165.0445862342811,160.11429977527985,167.9596429374218,169.3962591461504,0.0363
uber,tabular,8,1024,7,0.6805,165.0445862342811,166.72804877598446,167.07974079718576,170.94912740872542,0.0349
uber,tabular,8,1024,8,0.558,165.0445862342811,157.9542898845711,164.40279445143932,170.42202341066758,0.0314
uber,tabular,8,1024,9,0.7113,165.0445862342811,168.87333288321878,176.2348178147812,168.053268663473,0.0334
uber,tabular,8,4096,0,0.8774,165.0445862342811,183.656212424546,186.82855834552825,169.3417820528879,0.0391
uber,tabular,8,4096,1,0.6741,165.0445862342811,167.03198294394915,165.46608456237198,162.05945926114026,0.053
uber,tabular,8,4096,2,0.6686,165.0445862342811,161.95455057314086,160.86385247112682,168.6132912686026,0.068
uber,tabular,8,4096,3,0.6457,165.0445862342811,169.57386580593615,169.69767947665252,166.647671703146,0.0551
uber,tabular,8,4096,4,0.9622,165.0445862342811,162.00236670669054,160.94597619384632,165.42636487099534,0.0495
uber,tabular,8,4096,5,0.828,165.0445862342811,169.85023748311377,168.3602529447005,168.69881019589445,0.0897
uber,tabular,8,4096,6,0.9977,165.0445862342811,161.82448396435652,160.99220810791496,167.56569098702454,0.0608
uber,tabular,8,4096,7,0.6294,165.0445862342811,163.74005820422366,165.89164088410695,167.03460684066755,0.069
uber,tabular,8,4096,8,0.8431,165.0445862342811,159.01867760207222,161.22265652903306,163.7552142645934,0.0422
uber,tabular,8,4096,9,0.9945,165.0445862342811,164.52231912142707,166.2258697806914,166.2669376376464,0.0486
uber,tabular,8,8192,0,0.5701,165.0445862342811,167.1335310211599,165.24393023556507,161.00107021189984,0.1005
uber,tabular,8,8192,1,0.6634,165.0445862342811,165.10080070066707,165.57779622009912,161.08749120726566,0.0483
uber,tabular,8,8192,2,0.4885,165.0445862342811,182.7655233566248,183.56088499565809,166.24170279904973,0.0373
uber,tabular,8,8192,3,0.6218,165.0445862342811,161.12231473665312,160.98465510267488,161.62188655630513,0.0477
uber,tabular,8,8192,4,0.4551,165.0445862342811,159.31543380010973,161.0088202860172,168.70605268070545,0.034
uber,tabular,8,8192,5,0.709,165.0445862342811,160.33170167988237,160.82171337903753,166.60089001078083,0.0535
uber,tabular,8,8192,6,0.4792,165.0445862342811,158.52334112642097,161.01658251084427,165.5789965488595,0.0662
uber,tabular,8,8192,7,0.9477,165.0445862342811,167.8893971352094,166.21630767234262,173.12226952718936,0.0828
uber,tabular,8,8192,8,0.6826,165.0445862342811,159.8379615298436,161.02383498458587,161.07110021587295,0.0483
uber,tabular,8,8192,9,0.5786,165.0445862342811,166.35027583695378,166.15855403944812,160.9949351184881,0.042
uber,tabular,16,64,0,1.0244,76.7834656477454,69.37740887067822,98.2709818978319,116.33154784315732,0.0318
uber,tabular,16,64,1,0.7931,76.7834656477454,51.847501581528846,98.84177960569517,108.60289721755487,0.0326
uber,tabular,16,64,2,1.1542,76.7834656477454,64.9940232992823,92.4715047166518,133.9130351959319,0.0342
uber,tabular,16,64,3,0.8798,76.7834656477454,60.362306998804215,95.03834218965974,112.10749537362676,0.0327
uber,tabular,16,64,4,0.8428,76.7834656477454,62.55441725742357,88.35097695432373,97.17908072151693,0.0396
uber,tabular,16,64,5,0.9065,76.7834656477454,57.868327123061874,94.524432391732,110.51852132027797,0.0329
uber,tabular,16,64,6,0.6403,76.7834656477454,60.34004265913007,111.9020632868046,110.98793678803446,0.0377
uber,tabular,16,64,7,0.8797,76.7834656477454,62.585963640955455,102.62297532642452,256.0911032209201,0.0356
uber,tabular,16,64,8,0.8783,76.7834656477454,54.43360070224007,96.71640206764236,100.09897975694288,0.0363
uber,tabular,16,64,9,0.5357,76.7834656477454,63.90590538136542,99.2458409548532,111.04475410200924,0.0339
uber,tabular,16,128,0,0.8271,76.7834656477454,71.10677015075562,91.73701421322968,96.78526270740407,0.0438
uber,tabular,16,128,1,0.4534,76.7834656477454,71.47096157188689,93.28203552134103,101.52986897834356,0.0352
uber,tabular,16,128,2,0.6354,76.7834656477454,78.54106352232125,93.52316603227652,113.8978382563225,0.0306
uber,tabular,16,128,3,0.9301,76.7834656477454,64.85485684534095,93.19370957182971,114.53276309751351,0.0327
uber,tabular,16,128,4,0.6593,76.7834656477454,69.11785596031605,96.65417649438761,103.0569962482832,0.0326
uber,tabular,16,128,5,0.5637,76.7834656477454,72.42026197116166,101.19973912055386,109.73301743816117,0.0364
uber,tabular,16,128,6,0.698,76.7834656477454,66.63503914273116,91.56043709299848,126.19563042054318,0.0306
uber,tabular,16,128,7,0.9057,76.7834656477454,69.7175835100364,96.12372154395702,106.88591946338641,0.0684
uber,tabular,16,128,8,0.7984,76.7834656477454,74.37905975654004,94.3776085107168,116.93229116879505,0.0348
uber,tabular,16,128,9,0.558,76.7834656477454,75.87996281822886,91.93548757253177,119.96722258634969,0.0328
uber,tabular,16,256,0,0.9841,76.7834656477454,72.90000801458822,88.14685515579272,87.69870833127348,0.0311
uber,tabular,16,256,1,0.5589,76.7834656477454,76.53686258907067,83.34602175765662,97.35387309260106,0.0364
uber,tabular,16,256,2,0.9622,76.7834656477454,72.76536821851784,88.04368063295558,91.19148945865356,0.0464
uber,tabular,16,256,3,0.6362,76.7834656477454,69.94276215453057,84.97489427448502,99.71564791261095,0.0322
uber,tabular,16,256,4,0.8767,76.7834656477454,78.81834057325356,91.27607358050366,90.32552953775345,0.0349
uber,tabular,16,256,5,0.7811,76.7834656477454,77.7057712584907,100.4103184739484,92.93668626433669,0.0441
uber,tabular,16,256,6,0.5594,76.7834656477454,79.19737390882347,88.68714508866924,88.02736197399578,0.0363
uber,tabular,16,256,7,0.8744,76.7834656477454,69.21684611645392,84.03205076233807,97.82658916947905,0.0402
uber,tabular,16,256,8,0.6396,76.7834656477454,71.1174882598577,85.23219563491536,101.43334239004494,0.0358
uber,tabular,16,256,9,0.8692,76.7834656477454,71.75338819724155,80.56980995751807,114.98467024900913,0.0346
uber,tabular,16,512,0,0.7196,76.7834656477454,87.30333650210154,92.0168040679857,82.0619706558985,0.0351
uber,tabular,16,512,1,0.8829,76.7834656477454,74.88620068286355,79.62721272952201,90.27373218804485,0.0397
uber,tabular,16,512,2,0.7932,76.7834656477454,76.37777659479902,85.18936558473405,97.45750311452161,0.0329
uber,tabular,16,512,3,0.8147,76.7834656477454,68.87899347393665,79.75726527372314,88.15345118446209,0.0457
uber,tabular,16,512,4,0.901,76.7834656477454,78.76003193426209,85.43619230277736,88.14265406399667,0.0343
uber,tabular,16,512,5,0.9851,76.7834656477454,77.85394564350597,83.1260736268816,87.34179551396095,0.0376
uber,tabular,16,512,6,0.7289,76.7834656477454,76.64878354786353,86.24688647492343,83.04701066043778,0.0356
uber,tabular,16,512,7,0.9963,76.7834656477454,80.90025596494354,85.36172861256713,94.51833884817724,0.0412
uber,tabular,16,512,8,1.0784,76.7834656477454,84.86712536559666,91.81668943211488,88.7671681684345,0.0341
uber,tabular,16,512,9,1.1477,76.7834656477454,75.27362247052628,81.92500247524987,89.7659415137035,0.0387
uber,tabular,16,1024,0,1.0807,76.7834656477454,79.64400266067558,82.65567844773636,83.47226601523761,0.0338
uber,tabular,16,1024,1,1.0852,76.7834656477454,73.96400600351146,80.22851495863355,80.89810226477903,0.0361
uber,tabular,16,1024,2,0.8773,76.7834656477454,78.10090691813839,80.16869474504644,86.13807030887486,0.0385
uber,tabular,16,1024,3,0.8406,76.7834656477454,73.12741134193341,78.60518818877449,81.10153538614237,0.0375
uber,tabular,16,1024,4,0.8129,76.7834656477454,77.68066532216696,81.25936640307577,92.91794363125487,0.0365
uber,tabular,16,1024,5,1.0023,76.7834656477454,83.92298990657878,87.12789111420165,80.60921157792303,0.0367
uber,tabular,16,1024,6,0.9226,76.7834656477454,75.00085165083834,77.51959712370419,85.14569702689434,0.0435
uber,tabular,16,1024,7,0.83,76.7834656477454,76.37945081108808,80.38547040644355,91.1199356393275,0.037
uber,tabular,16,1024,8,0.9523,76.7834656477454,80.60160762492953,83.6889768382218,92.36394974227665,0.0321
uber,tabular,16,1024,9,0.9913,76.7834656477454,80.31857222977078,84.55627898663269,80.74853441341236,0.0345
uber,tabular,16,4096,0,0.5412,76.7834656477454,76.72554271023216,77.37241324316916,83.5299678203636,0.0498
uber,tabular,16,4096,1,0.6756,76.7834656477454,81.50111296130798,82.14796770357559,78.42386063541645,0.0429
uber,tabular,16,4096,2,0.5657,76.7834656477454,80.82679482445067,81.9191502540751,79.31517044665962,0.0548
uber,tabular,16,4096,3,0.8465,76.7834656477454,77.57293322725654,78.39203424162663,82.52385674263765,0.0671
uber,tabular,16,4096,4,1.0363,76.7834656477454,76.69484977076166,78.01436279318587,78.94740186863794,0.0759
uber,tabular,16,4096,5,0.8276,76.7834656477454,75.65818484143433,77.25631015541087,78.27544928458268,0.0546
uber,tabular,16,4096,6,0.9476,76.7834656477454,81.02103337046867,82.56442241779055,78.3390990138198,0.0585
uber,tabular,16,4096,7,0.6213,76.7834656477454,76.59356125803346,78.67286817232839,80.39568163657606,0.0603
uber,tabular,16,4096,8,0.6075,76.7834656477454,77.58896710438677,78.178809249019,76.9130795355448,0.0737
uber,tabular,16,4096,9,0.6123,76.7834656477454,76.99297051153906,79.08315494377564,79.12993205476783,0.0626
uber,tabular,16,8192,0,0.8014,76.7834656477454,76.26339365258258,77.18483639597831,77.42537018647708,0.1028
uber,tabular,16,8192,1,0.9547,76.7834656477454,78.56559440507137,78.62590970786083,78.24138553139949,0.0939
uber,tabular,16,8192,2,0.6566,76.7834656477454,76.57234950810513,77.94816237195782,84.85129829940958,0.0754
uber,tabular,16,8192,3,1.0114,76.7834656477454,81.74755706121633,81.90356650915379,88.09355501382716,0.0615
uber,tabular,16,8192,4,0.8602,76.7834656477454,77.32135902922231,77.99051212434826,81.26002946243949,0.0852
uber,tabular,16,8192,5,0.6729,76.7834656477454,80.25439892444149,81.16899153177712,77.25966149623636,0.0679
uber,tabular,16,8192,6,0.5462,76.7834656477454,81.71586065929175,82.69244978238598,76.29116311895538,0.0543
uber,tabular,16,8192,7,0.8264,76.7834656477454,76.28638431635314,76.17121762992431,77.39668096759266,0.0478
uber,tabular,16,8192,8,0.6939,76.7834656477454,85.18322486908653,85.00847010542562,80.85221487284625,0.074
uber,tabular,16,8192,9,0.5931,76.7834656477454,82.74010821630557,82.47701635122563,82.818047703649,0.0542
uber,tabular,32,64,0,0.5131,38.04709783994303,17.161380642365117,53.78766584419408,65.49893310070986,0.0435
uber,tabular,32,64,1,0.5349,38.04709783994303,17.56010633430526,49.482100912272756,85.55283460562936,0.039
uber,tabular,32,64,2,0.5322,38.04709783994303,17.201747464600537,51.68158093094772,81.07746404125984,0.0403
uber,tabular,32,64,3,0.5027,38.04709783994303,14.886985120721103,54.233733336855224,84.27883464628871,0.0363
uber,tabular,32,64,4,0.5492,38.04709783994303,18.004340643150115,55.47947253137484,88.39200460085887,0.0396
uber,tabular,32,64,5,0.541,38.04709783994303,12.439860748403177,52.51462103143888,63.91370336858055,0.0355
uber,tabular,32,64,6,0.5455,38.04709783994303,18.92472515757329,51.67038215317794,69.30971804275174,0.0617
uber,tabular,32,64,7,0.5677,38.04709783994303,18.31769254163725,50.182007853443444,79.39125409395521,0.0405
uber,tabular,32,64,8,0.5307,38.04709783994303,16.67125004000263,55.22069482659005,100.33114653390682,0.0382
uber,tabular,32,64,9,0.5899,38.04709783994303,15.107734280172334,53.24586264574988,213.1089683616609,0.042
uber,tabular,32,128,0,0.5584,38.04709783994303,26.73018859480061,48.960223307371045,52.69066325785562,0.034
uber,tabular,32,128,1,0.5238,38.04709783994303,29.804429519777635,48.19609984374905,66.21869929394302,0.036
uber,tabular,32,128,2,0.5554,38.04709783994303,28.14809690069324,48.01242515717301,54.49746047610633,0.0368
uber,tabular,32,128,3,0.5884,38.04709783994303,31.73813677727361,47.96774901477228,149.65831775860414,0.0437
uber,tabular,32,128,4,0.6065,38.04709783994303,25.238869477985812,51.48031414949051,59.51216819161781,0.0362
uber,tabular,32,128,5,0.5698,38.04709783994303,26.267344969833502,49.05229330692211,54.77294905833692,0.034
uber,tabular,32,128,6,0.5543,38.04709783994303,29.84215913308725,49.514736445431815,52.917011361043095,0.039
uber,tabular,32,128,7,0.5159,38.04709783994303,25.40677770234513,48.680033473356,56.604210338224995,0.0357
uber,tabular,32,128,8,0.4864,38.04709783994303,29.40840063234398,50.8438392384713,60.64041505927037,0.0382
uber,tabular,32,128,9,0.4767,38.04709783994303,27.859503819331316,49.97418780243834,60.228176176235806,0.0345
uber,tabular,32,256,0,0.556,38.04709783994303,36.80377442687704,47.26274970856532,53.56481907347286,0.0555
uber,tabular,32,256,1,0.5468,38.04709783994303,33.61801319562629,45.390829700326236,48.89503469898456,0.0417
uber,tabular,32,256,2,0.6124,38.04709783994303,33.50834590575575,46.536176020360344,55.49813244831338,0.039
uber,tabular,32,256,3,0.5326,38.04709783994303,33.796766241212964,47.63711754007228,50.58782299905528,0.0364
uber,tabular,32,256,4,0.519,38.04709783994303,35.12528777789407,45.91958077874117,49.16056238672955,0.039
uber,tabular,32,256,5,0.51,38.04709783994303,35.48655935428279,47.1426983298932,52.97294218401396,0.037
uber,tabular,32,256,6,0.4958,38.04709783994303,31.401743155405036,45.93900081733946,52.798729030291206,0.0397
uber,tabular,32,256,7,0.5174,38.04709783994303,30.26123995321076,43.59688698019696,48.475033094275794,0.0408
uber,tabular,32,256,8,0.6174,38.04709783994303,34.268214542710574,46.902901476812005,54.33460038177151,0.0348
uber,tabular,32,256,9,0.5647,38.04709783994303,32.964713852473814,46.57360112313913,48.697576316092785,0.0452
uber,tabular,32,512,0,0.543,38.04709783994303,36.787136097699054,44.482733984887695,44.572247207626695,0.0372
uber,tabular,32,512,1,0.5056,38.04709783994303,38.87383461765722,45.917453129290294,48.937922739543495,0.0426
uber,tabular,32,512,2,0.5436,38.04709783994303,37.40746116748907,46.16012597384001,50.03961901216391,0.0381
uber,tabular,32,512,3,0.5158,38.04709783994303,36.9296887885673,46.141197370429936,46.4288718052655,0.0394
uber,tabular,32,512,4,0.5429,38.04709783994303,35.603983018669766,42.871109359439544,49.50520318722078,0.0409
uber,tabular,32,512,5,0.537,38.04709783994303,35.21653480650365,42.50010901129525,49.08152892884368,0.0362
uber,tabular,32,512,6,0.5493,38.04709783994303,35.43199207266021,43.271085390011315,46.09971472649173,0.04
uber,tabular,32,512,7,0.6213,38.04709783994303,38.318131466880374,42.33284279005021,46.41078194256957,0.0473
uber,tabular,32,512,8,0.5763,38.04709783994303,37.43578678239461,45.462026787721136,48.65331997447892,0.0381
uber,tabular,32,512,9,0.5463,38.04709783994303,37.46630462210607,43.81137790552866,48.87612645838058,0.0438
uber,tabular,32,1024,0,0.5845,38.04709783994303,36.82688477006473,40.79529869842557,43.31666730990468,0.0407
uber,tabular,32,1024,1,0.5456,38.04709783994303,37.861660314640645,42.18896489985948,43.550890764218764,0.0431
uber,tabular,32,1024,2,0.5341,38.04709783994303,36.88165565296287,40.979829830011354,43.71887420007229,0.0366
uber,tabular,32,1024,3,0.5101,38.04709783994303,37.51562840794452,42.42888542999235,44.92574389444678,0.039
uber,tabular,32,1024,4,0.5456,38.04709783994303,37.67329242479985,41.725886940982,44.82663043599324,0.0383
uber,tabular,32,1024,5,0.5064,38.04709783994303,37.022348018869785,41.010326283028576,44.751374662905604,0.0403
uber,tabular,32,1024,6,0.5214,38.04709783994303,39.555406147039534,43.569319209848196,45.11057288832342,0.0376
uber,tabular,32,1024,7,0.5271,38.04709783994303,37.6053055993423,41.950004934564184,45.19792325411717,0.0441
uber,tabular,32,1024,8,0.4924,38.04709783994303,38.2073569508191,42.50192277024624,46.62104803484563,0.0384
uber,tabular,32,1024,9,0.5079,38.04709783994303,37.613526090566765,43.660286251407015,44.385263573578115,0.0381
uber,tabular,32,4096,0,0.6021,38.04709783994303,39.49717869083896,40.33110288974311,39.74465080462173,0.06
uber,tabular,32,4096,1,0.5775,38.04709783994303,38.81118247418238,40.1979837799864,41.82408950256571,0.1176
uber,tabular,32,4096,2,0.5487,38.04709783994303,38.13325787331203,38.77720761305834,40.161199726120024,0.0624
uber,tabular,32,4096,3,0.7424,38.04709783994303,38.948016941321,39.618537150100224,43.1769947808486,0.1392
uber,tabular,32,4096,4,0.5899,38.04709783994303,38.165555854785055,39.93875625143915,40.33996386299251,0.0963
uber,tabular,32,4096,5,0.5978,38.04709783994303,40.700320708876504,42.1438318589854,42.120965030619836,0.1263
uber,tabular,32,4096,6,0.5643,38.04709783994303,39.29393551422894,39.924521604362795,39.312296033217166,0.0686
uber,tabular,32,4096,7,0.5705,38.04709783994303,38.56690026411304,39.85387165310789,41.517469275086654,0.0654
uber,tabular,32,4096,8,0.5566,38.04709783994303,38.19224627082877,39.618732942595045,40.88639876255951,0.0529
uber,tabular,32,4096,9,0.6213,38.04709783994303,39.957908414508154,40.747745320259554,38.60922840563794,0.0882
uber,tabular,32,8192,0,0.5845,38.04709783994303,40.559637826045844,41.4878875684077,39.4544902619168,0.0569
uber,tabular,32,8192,1,0.579,38.04709783994303,38.86285058563567,39.55442733483735,39.36234463463806,0.0848
uber,tabular,32,8192,2,0.5578,38.04709783994303,37.71050256611101,38.317473401765014,39.32422349120775,0.0553
uber,tabular,32,8192,3,0.6081,38.04709783994303,37.73639277468208,38.537076303809656,39.941255315559054,0.107
uber,tabular,32,8192,4,0.6037,38.04709783994303,39.45175505788623,39.89602951651257,39.59008949624872,0.0594
uber,tabular,32,8192,5,0.6124,38.04709783994303,38.272433266567226,38.949157226175736,39.926180952859845,0.0789
uber,tabular,32,8192,6,0.6508,38.04709783994303,38.17797505526041,38.87203613267833,40.44671124433281,0.055
uber,tabular,32,8192,7,0.591,38.04709783994303,40.70416782252662,40.898066246150634,39.24263924712079,0.0914
uber,tabular,32,8192,8,0.5707,38.04709783994303,38.89313622356204,38.801753542660194,39.44209278374193,0.1216
uber,tabular,32,8192,9,0.5691,38.04709783994303,37.84742640544933,38.837313002863,40.38307663119066,0.052
uber,tabular,64,64,0,1.0124,18.52439689392206,6.8316887344338895,25.020341978743637,62.53846922999915,0.0519
uber,tabular,64,64,1,1.0405,18.52439689392206,7.7149604378624685,24.408490988761407,68.88337404999919,0.0485
uber,tabular,64,64,2,1.1521,18.52439689392206,7.50224786658644,24.818347820218158,62.80935027000048,0.0424
uber,tabular,64,64,3,0.9933,18.52439689392206,9.097812511264596,24.97079161560573,163.160732289986,0.0543
uber,tabular,64,64,4,1.0662,18.52439689392206,7.45639991644476,25.075638749291073,41.17937359000403,0.0486
uber,tabular,64,64,5,1.1918,18.52439689392206,8.65120988021137,26.227117708999767,79.70476042000051,0.0502
uber,tabular,64,64,6,1.012,18.52439689392206,9.74429089305973,24.99179497674318,206.86222360000266,0.0512
uber,tabular,64,64,7,1.1588,18.52439689392206,8.131446392785161,25.172797551361935,82.18293919999952,0.0473
uber,tabular,64,64,8,1.0316,18.52439689392206,7.695689127621663,24.889155364394803,72.77828529000445,0.0586
uber,tabular,64,64,9,1.1378,18.52439689392206,8.009626545560696,25.161277716390835,48.22052537000062,0.0451
uber,tabular,64,128,0,1.1049,18.52439689392206,8.480186232511983,25.84717665025576,42.265490644989065,0.0582
uber,tabular,64,128,1,0.9848,18.52439689392206,8.428200011340648,24.923573978727212,37.2817966004812,0.0563
uber,tabular,64,128,2,1.0497,18.52439689392206,7.602770041306885,24.535706139556567,42.18774513389286,0.0569
uber,tabular,64,128,3,1.2195,18.52439689392206,7.34915296681626,26.08383490700377,44.37636282806558,0.0541
uber,tabular,64,128,4,1.2019,18.52439689392206,7.117801391009014,25.946598171513905,39.91208391255695,0.0623
uber,tabular,64,128,5,1.1799,18.52439689392206,9.21401280047125,25.812057436508532,56.03068699753099,0.0569
uber,tabular,64,128,6,0.9992,18.52439689392206,9.14906936629615,25.65750692491559,33.863908771157995,0.0588
uber,tabular,64,128,7,1.0258,18.52439689392206,7.317440868057249,24.864141089967568,41.60325288875923,0.0552
uber,tabular,64,128,8,1.0317,18.52439689392206,8.463728706579493,24.250899683487564,37.54290206776835,0.0474
uber,tabular,64,128,9,1.2522,18.52439689392206,7.391543484065918,25.80233357345387,41.91372790465234,0.0506
uber,tabular,64,256,0,1.046,18.52439689392206,13.545586942402162,24.092601458032583,28.75382659371824,0.0565
uber,tabular,64,256,1,1.0981,18.52439689392206,12.261589248454046,21.792817111343716,33.85604002181736,0.0478
uber,tabular,64,256,2,1.0991,18.52439689392206,13.70455680945943,23.56391707642303,34.25853573067964,0.048
uber,tabular,64,256,3,1.1536,18.52439689392206,13.617525266357966,22.48371771699157,30.266997940362305,0.0474
uber,tabular,64,256,4,1.1356,18.52439689392206,13.548704150349087,23.976358712800398,34.1762510273621,0.0543
uber,tabular,64,256,5,1.2256,18.52439689392206,12.519745051517615,23.086457080071455,36.00573824528644,0.0644
uber,tabular,64,256,6,1.2127,18.52439689392206,12.294283152155753,22.613111454184637,31.0288878275852,0.0566
uber,tabular,64,256,7,1.2074,18.52439689392206,13.617334140946834,22.07568112624569,36.3998485419275,0.0742
uber,tabular,64,256,8,1.2072,18.52439689392206,13.343633943737494,23.005646980559433,27.920618855743577,0.066
uber,tabular,64,256,9,1.3513,18.52439689392206,13.293870234076541,23.36424033942825,28.927607799578382,0.0585
uber,tabular,64,512,0,1.173,18.52439689392206,16.03784068961882,21.045202613956082,26.78742688385684,0.0606
uber,tabular,64,512,1,1.1905,18.52439689392206,15.576370575840443,21.30632577797593,27.488035477422976,0.0498
uber,tabular,64,512,2,1.1429,18.52439689392206,15.703467340312445,21.623486675210533,24.332005279008122,0.0497
uber,tabular,64,512,3,1.0942,18.52439689392206,15.125943225130676,21.59428216425882,26.295364116149006,0.0554
uber,tabular,64,512,4,1.1988,18.52439689392206,15.804320309933443,21.702436065776986,26.70635826875389,0.0562
uber,tabular,64,512,5,1.2427,18.52439689392206,15.269804876516778,21.929254665504118,25.809269969145987,0.0657
uber,tabular,64,512,6,1.1783,18.52439689392206,15.380158459302239,21.706366687670965,25.899569298068663,0.0477
uber,tabular,64,512,7,1.2233,18.52439689392206,15.334288518158893,21.542565970177552,26.429288209932118,0.0505
uber,tabular,64,512,8,1.2071,18.52439689392206,15.393995482381762,21.54142657420946,26.470238337414017,0.0468
uber,tabular,64,512,9,1.1325,18.52439689392206,14.676737810935265,20.880262162556917,25.166372906206426,0.0566
uber,tabular,64,1024,0,0.99,18.52439689392206,16.604947241614905,20.564360822080925,22.69887453300074,0.0564
uber,tabular,64,1024,1,1.1501,18.52439689392206,17.44396324332651,20.76619837431533,24.0012063773544,0.051
uber,tabular,64,1024,2,1.1307,18.52439689392206,17.859518859769416,20.33162982585374,22.622771029303255,0.0571
uber,tabular,64,1024,3,1.1221,18.52439689392206,17.699111871509643,21.01283083387355,23.42973055999932,0.0639
uber,tabular,64,1024,4,1.1823,18.52439689392206,16.972059741962337,21.141229265075797,23.75945289742803,0.0506
uber,tabular,64,1024,5,1.1885,18.52439689392206,17.217717864528183,20.78065360642605,21.918487165146253,0.0502
uber,tabular,64,1024,6,1.1332,18.52439689392206,16.91344316080467,21.00376632870004,23.000597997605176,0.0557
uber,tabular,64,1024,7,1.2272,18.52439689392206,16.40910877093178,20.49198880883747,22.767853346437064,0.0566
uber,tabular,64,1024,8,1.2089,18.52439689392206,17.085017287001282,20.73639852989244,24.934762914893298,0.0628
uber,tabular,64,1024,9,1.0763,18.52439689392206,17.152473168748998,20.610738950115653,24.357011026523764,0.0556
uber,tabular,64,4096,0,1.2388,18.52439689392206,18.32248181681078,19.42114896783501,20.24510723468441,0.1212
uber,tabular,64,4096,1,1.0537,18.52439689392206,18.7013288276188,19.454695338837,21.36661683496211,0.1723
uber,tabular,64,4096,2,1.2748,18.52439689392206,18.31766893131487,19.630710173503257,19.811990407355104,0.0898
uber,tabular,64,4096,3,1.1014,18.52439689392206,18.123598342597273,19.308063754250455,20.078573938539765,0.0691
uber,tabular,64,4096,4,1.0692,18.52439689392206,18.20982887412147,19.165834467114493,20.31153440590596,0.07
uber,tabular,64,4096,5,1.1804,18.52439689392206,18.09179209047207,19.430328588933605,20.838613557563093,0.0712
uber,tabular,64,4096,6,1.1329,18.52439689392206,18.50396352944244,19.44939036011415,20.09917872714353,0.0674
uber,tabular,64,4096,7,1.1766,18.52439689392206,18.816947842548387,19.763936754971233,19.578009222576686,0.0996
uber,tabular,64,4096,8,1.1516,18.52439689392206,17.97008674796652,19.20384996600704,20.98745508675559,0.0938
uber,tabular,64,4096,9,1.3704,18.52439689392206,17.93529898496286,19.302033177975225,20.45161995116077,0.0995
uber,tabular,64,8192,0,1.1634,18.52439689392206,18.59514497969341,19.078253522386312,20.1113378412201,0.0937
uber,tabular,64,8192,1,1.1883,18.52439689392206,18.45424899813851,19.003270192416856,20.212541737460363,0.1132
uber,tabular,64,8192,2,1.1805,18.52439689392206,18.184803669453697,18.859121123263982,19.565936725781857,0.0822
uber,tabular,64,8192,3,1.2213,18.52439689392206,18.3137815334659,18.929199649038566,19.4202287885482,0.0755
uber,tabular,64,8192,4,1.142,18.52439689392206,17.934766562784898,18.878841751193107,19.725077299118794,0.0847
uber,tabular,64,8192,5,1.0539,18.52439689392206,19.067195763823076,19.650957765184245,19.16079129639735,0.0839
uber,tabular,64,8192,6,1.2245,18.52439689392206,18.178671044419335,18.82582527240745,19.16367946222455,0.0808
uber,tabular,64,8192,7,1.2874,18.52439689392206,18.47450077307234,19.17024092373688,19.39944637264191,0.0678
uber,tabular,64,8192,8,1.1868,18.52439689392206,18.412872501117008,19.10310583434597,19.400100945375254,0.0978
uber,tabular,64,8192,9,1.2209,18.52439689392206,18.644326115794996,19.209881717217783,19.605119957528885,0.1016
spotify,tabular,2,64,0,0.0363,29020.42127403668,27315.071065720116,31027.649036016723,30049.791880715406,0.007
spotify,tabular,2,64,1,0.034,29020.42127403668,28734.077689365087,29273.90728574611,29779.67939529546,0.0115
spotify,tabular,2,64,2,0.043,29020.42127403668,27314.345434320014,30125.605618439375,29464.124153404722,0.0085
spotify,tabular,2,64,3,0.0366,29020.42127403668,27298.13939297405,31853.830029329576,29489.5891441657,0.0071
spotify,tabular,2,64,4,0.0281,29020.42127403668,28327.859256301694,31234.09731483319,29902.037405197058,0.0079
spotify,tabular,2,64,5,0.034,29020.42127403668,30654.48437426454,34048.47929057088,32318.619869271024,0.0108
spotify,tabular,2,64,6,0.0397,29020.42127403668,33489.70069796953,33838.05680402847,29591.891934702166,0.0142
spotify,tabular,2,64,7,0.0455,29020.42127403668,30280.302050443584,32450.72782553178,30406.35311633235,0.0108
spotify,tabular,2,64,8,0.0409,29020.42127403668,28935.67774935504,29682.152950279808,30095.161602877168,0.0138
spotify,tabular,2,64,9,0.0531,29020.42127403668,29538.07690282565,33091.28610908795,29884.034038441387,0.0117
spotify,tabular,2,128,0,0.0419,29020.42127403668,28413.558161476554,29306.766053868523,31871.087778444235,0.0144
spotify,tabular,2,128,1,0.0326,29020.42127403668,28430.432903074146,29222.42598854212,32431.494882859846,0.0085
spotify,tabular,2,128,2,0.0895,29020.42127403668,27781.903638588214,29388.71722388004,29667.61620214817,0.0083
spotify,tabular,2,128,3,0.056,29020.42127403668,30771.244446559936,31979.178111224195,32060.65035655999,0.0079
spotify,tabular,2,128,4,0.0366,29020.42127403668,28130.00996526991,29468.494833042474,29389.927982967245,0.0106
spotify,tabular,2,128,5,0.0363,29020.42127403668,28044.88058310427,29652.72261598141,32327.232493582058,0.0112
spotify,tabular,2,128,6,0.0381,29020.42127403668,29266.653915213068,31536.351356046456,29798.345138242636,0.0098
spotify,tabular,2,128,7,0.0353,29020.42127403668,26703.438190157918,29820.31255813492,29611.249203889955,0.0105
spotify,tabular,2,128,8,0.035,29020.42127403668,31017.973342703535,31956.965818271387,32463.736485247053,0.0105
spotify,tabular,2,128,9,0.0386,29020.42127403668,28576.402389342456,29911.83133318702,29248.742191416066,0.014
spotify,tabular,2,256,0,0.0455,29020.42127403668,28580.00448239961,29181.647990343816,29165.72652629261,0.0118
spotify,tabular,2,256,1,0.0433,29020.42127403668,28516.753656826288,29118.132901728975,32062.344044989088,0.0128
spotify,tabular,2,256,2,0.0819,29020.42127403668,28616.663503561795,29243.129732129604,29256.730898416772,0.0085
spotify,tabular,2,256,3,0.0306,29020.42127403668,30994.853556716298,31806.54526247966,31810.812486803155,0.008
spotify,tabular,2,256,4,0.0301,29020.42127403668,29382.241412501004,29126.47451504628,29311.802880408,0.0082
spotify,tabular,2,256,5,0.0368,29020.42127403668,28756.840680333124,29112.205437971446,29487.874990630335,0.0102
spotify,tabular,2,256,6,0.0485,29020.42127403668,29169.22088278759,29204.025857807705,29181.867577287634,0.0086
spotify,tabular,2,256,7,0.0635,29020.42127403668,28847.336432169846,29281.4356468583,29322.632327945088,0.011
spotify,tabular,2,256,8,0.0476,29020.42127403668,28495.119955181173,29410.26406946792,29294.545561028885,0.0109
spotify,tabular,2,256,9,0.077,29020.42127403668,28895.666887015963,29105.071402956768,29220.406878711983,0.0174
spotify,tabular,2,512,0,0.0397,29020.42127403668,28445.436058176416,29053.952046837494,29163.352670263223,0.0078
spotify,tabular,2,512,1,0.053,29020.42127403668,28658.12964583729,29046.53649168367,31747.887079043136,0.0107
spotify,tabular,2,512,2,0.0446,29020.42127403668,28400.212776635177,29164.538206859925,31874.25464480246,0.0071
spotify,tabular,2,512,3,0.0266,29020.42127403668,29028.182137267242,29132.494688918043,29150.22437533883,0.0093
spotify,tabular,2,512,4,0.0256,29020.42127403668,29084.017797024982,29269.435741734665,29107.91369861825,0.0081
spotify,tabular,2,512,5,0.0492,29020.42127403668,28849.944972167872,29063.657508081204,31980.47383886326,0.0092
spotify,tabular,2,512,6,0.0319,29020.42127403668,28835.108504020525,29147.105493281746,31778.065448002984,0.0073
spotify,tabular,2,512,7,0.0254,29020.42127403668,29076.880522899173,29106.369598856567,29122.01913510977,0.0079
spotify,tabular,2,512,8,0.0273,29020.42127403668,28941.06346344313,29232.705733006303,29268.367146941186,0.0104
spotify,tabular,2,512,9,0.0325,29020.42127403668,28842.407813992315,29100.18128516151,31837.84952177448,0.0071
spotify,tabular,2,1024,0,0.0333,29020.42127403668,29217.80347391722,29084.271870041717,29102.290886422947,0.0109
spotify,tabular,2,1024,1,0.0359,29020.42127403668,28705.13149017844,29115.465884755362,31907.50324998662,0.0076
spotify,tabular,2,1024,2,0.0374,29020.42127403668,29030.947168601768,29060.445272179495,31810.23444769062,0.0117
spotify,tabular,2,1024,3,0.0254,29020.42127403668,28496.97807792727,29055.569161603904,29053.751394978084,0.0084
spotify,tabular,2,1024,4,0.0657,29020.42127403668,28943.061184365095,29064.969782287175,31747.42359293116,0.0073
spotify,tabular,2,1024,5,0.0331,29020.42127403668,28936.08570764159,29115.14753152357,29073.92449293615,0.0081
spotify,tabular,2,1024,6,0.0302,29020.42127403668,29210.406390213924,29084.67139490156,29166.916333489513,0.0111
spotify,tabular,2,1024,7,0.0342,29020.42127403668,29059.72183553319,29062.04378529406,29211.04755651857,0.0079
spotify,tabular,2,1024,8,0.0335,29020.42127403668,29185.7273059975,29084.80307396648,29105.429774826163,0.007
spotify,tabular,2,1024,9,0.0454,29020.42127403668,28747.43714983893,29103.563321273592,29111.885353632722,0.0111
spotify,tabular,2,4096,0,0.0448,29020.42127403668,29065.6973553285,29028.516905827863,29048.54514932196,0.0219
spotify,tabular,2,4096,1,0.0435,29020.42127403668,29143.79252697304,29032.78277622283,29039.00135864359,0.0181
spotify,tabular,2,4096,2,0.0508,29020.42127403668,29130.29398498583,29033.131470216213,29028.573835310293,0.0116
spotify,tabular,2,4096,3,0.0351,29020.42127403668,31457.51071199316,31722.442973077275,31713.30997443163,0.0139
spotify,tabular,2,4096,4,0.0698,29020.42127403668,31897.307174403897,31719.591553446524,29023.62504867714,0.0214
spotify,tabular,2,4096,5,0.0377,29020.42127403668,31713.70503042352,31738.25644910244,29033.166672708005,0.0087
spotify,tabular,2,4096,6,0.0725,29020.42127403668,28892.518805963082,29023.42892140231,29053.277390366115,0.0115
spotify,tabular,2,4096,7,0.0284,29020.42127403668,29031.572326421156,29040.080371762764,29055.42907660211,0.0274
spotify,tabular,2,4096,8,0.0578,29020.42127403668,28899.646851237187,29039.053861720815,29024.91913697593,0.0193
spotify,tabular,2,4096,9,0.0641,29020.42127403668,28894.785855249167,29033.60135953265,29043.779101559205,0.0144
spotify,tabular,2,8192,0,0.0446,29020.42127403668,28900.972324566566,29023.178669850695,29027.053602365355,0.0094
spotify,tabular,2,8192,1,0.0583,29020.42127403668,29022.488271626105,29029.44251413559,29023.463103769693,0.0152
spotify,tabular,2,8192,2,0.0401,29020.42127403668,28915.193887199053,29025.34864957941,29028.34094983358,0.0155
spotify,tabular,2,8192,3,0.0451,29020.42127403668,29057.28491697587,29026.62882350523,31713.171867183297,0.0364
spotify,tabular,2,8192,4,0.0617,29020.42127403668,28983.677685833423,29027.415622101416,29030.93399865454,0.009
spotify,tabular,2,8192,5,0.0556,29020.42127403668,31517.779082279812,31711.20679355076,31714.56525028248,0.0492
spotify,tabular,2,8192,6,0.0728,29020.42127403668,29028.205517685685,29034.34027853787,31720.22483241074,0.0239
spotify,tabular,2,8192,7,0.055,29020.42127403668,28979.280544910893,29028.3165077031,29028.438516203794,0.0137
spotify,tabular,2,8192,8,0.0418,29020.42127403668,31767.941782474023,31713.53706295413,29032.52728277199,0.014
spotify,tabular,2,8192,9,0.0416,29020.42127403668,28976.397296000225,29024.56753840576,31713.381389698385,0.0345
spotify,tabular,4,64,0,0.24,18841.89830053021,19831.49937243553,21135.297473770843,22738.46824266512,0.0137
spotify,tabular,4,64,1,0.2559,18841.89830053021,17133.614577814416,18328.988164831062,21575.710542558525,0.0084
spotify,tabular,4,64,2,0.243,18841.89830053021,18484.19294458187,19991.8526871668,19480.56289989996,0.0105
spotify,tabular,4,64,3,0.3856,18841.89830053021,16485.72972680865,18605.53294510067,21213.57932813071,0.0133
spotify,tabular,4,64,4,0.2588,18841.89830053021,16792.408088190998,18710.734135577146,21434.799683716767,0.0094
spotify,tabular,4,64,5,0.3856,18841.89830053021,17287.009500207656,18353.368596884557,26628.17732090928,0.0075
spotify,tabular,4,64,6,0.2089,18841.89830053021,16878.149781541062,20399.75425831176,18957.8914883331,0.0072
spotify,tabular,4,64,7,0.3393,18841.89830053021,17305.40214373599,19829.852179232912,20006.966224551936,0.0071
spotify,tabular,4,64,8,0.3255,18841.89830053021,17123.01298425872,19476.63818933681,20301.319345799526,0.0064
spotify,tabular,4,64,9,0.1747,18841.89830053021,15427.010371135879,18042.31193113965,20598.699826392247,0.0079
spotify,tabular,4,128,0,0.2166,18841.89830053021,16966.409850471668,18060.941474381885,18377.357133967063,0.0065
spotify,tabular,4,128,1,0.2065,18841.89830053021,16137.452785723133,18480.142009230214,20349.64866121723,0.0096
spotify,tabular,4,128,2,0.2344,18841.89830053021,17963.671420363095,18305.193926108455,18384.270887820872,0.0079
spotify,tabular,4,128,3,0.2562,18841.89830053021,19340.05853054058,19412.81563524592,20062.911595703285,0.0087
spotify,tabular,4,128,4,0.2433,18841.89830053021,17602.128921162934,18155.68810474453,18329.14535944668,0.0071
spotify,tabular,4,128,5,0.299,18841.89830053021,17798.735226542285,18453.6640925361,19505.464032226424,0.0087
spotify,tabular,4,128,6,0.2605,18841.89830053021,16798.0893647754,18272.91337784379,18384.885124214263,0.0158
spotify,tabular,4,128,7,0.2279,18841.89830053021,18343.672356414558,18117.925336713335,20281.162123962997,0.0083
spotify,tabular,4,128,8,0.2729,18841.89830053021,18128.582650667213,18174.100499831562,19485.433212760094,0.0111
spotify,tabular,4,128,9,0.2162,18841.89830053021,17273.5187889342,18189.66263876464,19317.275779780586,0.0066
spotify,tabular,4,256,0,0.2842,18841.89830053021,17393.839211481933,17902.545347372044,18204.691835611575,0.0079
spotify,tabular,4,256,1,0.2489,18841.89830053021,17491.04384855082,18033.06629737935,19385.59102981376,0.0107
spotify,tabular,4,256,2,0.2368,18841.89830053021,17498.01006112508,17814.55368142829,19152.081803947287,0.0076
spotify,tabular,4,256,3,0.3358,18841.89830053021,18015.75544223408,19157.207407451635,19902.79616075777,0.0103
spotify,tabular,4,256,4,0.2758,18841.89830053021,17115.73104498089,17818.847058431093,17859.012336095642,0.0094
spotify,tabular,4,256,5,0.2341,18841.89830053021,16940.24380724894,17987.017018390943,19293.751945597716,0.0119
spotify,tabular,4,256,6,0.2408,18841.89830053021,16853.658463557196,17900.146376654957,19326.163691636117,0.0104
spotify,tabular,4,256,7,0.3072,18841.89830053021,17366.706105075264,17905.883918190095,19503.1141677661,0.0096
spotify,tabular,4,256,8,0.2391,18841.89830053021,17733.681309390147,18132.97086287509,19516.29768831094,0.0105
spotify,tabular,4,256,9,0.2359,18841.89830053021,19368.730334874923,19827.437201603872,18273.422548240735,0.0093
spotify,tabular,4,512,0,0.3186,18841.89830053021,17383.999326697944,17859.510372800054,17851.466037405793,0.0119
spotify,tabular,4,512,1,0.3637,18841.89830053021,17567.510543646218,17944.533736610225,19169.930641067214,0.0073
spotify,tabular,4,512,2,0.3531,18841.89830053021,17413.24043605772,17923.41390876055,19232.435011231686,0.0088
spotify,tabular,4,512,3,0.4201,18841.89830053021,18123.322105156865,17832.00153156039,19099.050448284266,0.0083
spotify,tabular,4,512,4,0.2853,18841.89830053021,17067.028135690947,17987.4134548649,19098.411004382946,0.0094
spotify,tabular,4,512,5,0.2166,18841.89830053021,17415.101118380404,17851.81439069328,17895.144355434568,0.0167
spotify,tabular,4,512,6,0.2817,18841.89830053021,17920.722458910936,17923.90799772594,17823.041960065642,0.0105
spotify,tabular,4,512,7,0.3119,18841.89830053021,17585.738346431008,17988.4464070587,18714.91735180055,0.0107
spotify,tabular,4,512,8,0.3498,18841.89830053021,17811.33222352192,17901.067037320187,19023.760939696396,0.0091
spotify,tabular,4,512,9,0.241,18841.89830053021,18568.32562898514,19016.09762926338,17870.759925774844,0.0082
spotify,tabular,4,1024,0,0.2726,18841.89830053021,17510.216437524803,17809.48312249271,17847.931997099717,0.0116
spotify,tabular,4,1024,1,0.3045,18841.89830053021,19760.522382910327,20048.830163278828,17789.219724980423,0.022
spotify,tabular,4,1024,2,0.5217,18841.89830053021,17725.90677831787,17821.23675625054,19049.54225078703,0.0106
spotify,tabular,4,1024,3,0.4197,18841.89830053021,17801.989957496942,17780.29239570118,19105.21531144507,0.015
spotify,tabular,4,1024,4,0.3322,18841.89830053021,17921.017426918716,17894.869080284283,18964.612478717925,0.0119
spotify,tabular,4,1024,5,0.4317,18841.89830053021,19435.42610094564,19913.526692544932,17824.025300481433,0.0093
spotify,tabular,4,1024,6,0.3695,18841.89830053021,17780.52677092803,17776.426178907568,17814.45215990807,0.0119
spotify,tabular,4,1024,7,0.3042,18841.89830053021,17804.95203294284,17855.912199855113,19133.334394004116,0.0129
spotify,tabular,4,1024,8,0.3575,18841.89830053021,17684.731703437905,17792.3025480144,18977.148777220875,0.0143
spotify,tabular,4,1024,9,0.3885,18841.89830053021,17805.832072543653,17760.858048723334,17864.944473593972,0.0099
spotify,tabular,4,4096,0,0.4795,18841.89830053021,17688.427069228223,17744.20584026962,18876.35316118803,0.0417
spotify,tabular,4,4096,1,0.4787,18841.89830053021,17625.93986331465,17741.726307625617,18854.226182258462,0.0248
spotify,tabular,4,4096,2,0.346,18841.89830053021,17644.52775822686,17751.066724811033,18923.370492596834,0.0472
spotify,tabular,4,4096,3,0.3602,18841.89830053021,17465.13529705871,17744.337485252876,17742.668135443244,0.0094
spotify,tabular,4,4096,4,0.3326,18841.89830053021,17928.736543312123,17749.193201797163,18948.022946536883,0.0258
spotify,tabular,4,4096,5,0.2863,18841.89830053021,17849.268004590915,17749.2522747725,17747.29216266998,0.0093
spotify,tabular,4,4096,6,0.3293,18841.89830053021,17700.167775375547,17745.102770668815,18943.999053874908,0.0206
spotify,tabular,4,4096,7,0.309,18841.89830053021,17792.78952686126,17743.618049990793,17749.265869695642,0.0397
spotify,tabular,4,4096,8,0.5773,18841.89830053021,17697.412511685972,17747.688694191555,18877.708207486095,0.0267
spotify,tabular,4,4096,9,0.2017,18841.89830053021,17632.17169411442,17753.364579814246,17755.181941352486,0.0128
spotify,tabular,4,8192,0,0.3957,18841.89830053021,17659.206620820274,17734.399661237803,17746.00868338224,0.0174
spotify,tabular,4,8192,1,0.2287,18841.89830053021,17778.027618113938,17734.464459060135,18929.370785476844,0.0284
spotify,tabular,4,8192,2,0.2411,18841.89830053021,17676.622525643572,17736.774210445183,17743.77656558628,0.0144
spotify,tabular,4,8192,3,0.2676,18841.89830053021,17706.287263517028,17733.135551503186,17735.215751377396,0.0156
spotify,tabular,4,8192,4,0.2827,18841.89830053021,17681.22540732153,17738.003239164736,18858.20320675087,0.0121
spotify,tabular,4,8192,5,0.2598,18841.89830053021,17552.523536129578,17745.131328056617,18915.259181759422,0.0204
spotify,tabular,4,8192,6,0.2186,18841.89830053021,17575.477142356194,17742.41164931745,18850.717396156186,0.0132
spotify,tabular,4,8192,7,0.1984,18841.89830053021,17729.762321903392,17735.1877491103,17735.58391141713,0.0122
spotify,tabular,4,8192,8,0.244,18841.89830053021,17665.150085170917,17731.484316256632,18861.307804212192,0.0206
spotify,tabular,4,8192,9,0.2045,18841.89830053021,17692.529620374127,17735.19709575399,18853.198180078376,0.0249
spotify,tabular,8,64,0,0.2124,11272.856936855656,9476.542038691357,12889.017591209278,14859.468114014613,0.0112
spotify,tabular,8,64,1,0.2256,11272.856936855656,8743.461388126909,12618.25666982655,12619.321890150337,0.0125
spotify,tabular,8,64,2,0.2225,11272.856936855656,10115.575957181793,14138.248901061066,13003.750196825653,0.0173
spotify,tabular,8,64,3,0.2285,11272.856936855656,10459.413275393445,12636.038466888036,14722.055544066401,0.009
spotify,tabular,8,64,4,0.3445,11272.856936855656,10225.49421291737,12772.8169854658,13167.268907753823,0.0128
spotify,tabular,8,64,5,0.3019,11272.856936855656,11196.155524432394,13719.191127428889,14182.06437943572,0.009
spotify,tabular,8,64,6,0.186,11272.856936855656,8645.66973777982,13510.169376101776,12958.934420289836,0.0132
spotify,tabular,8,64,7,0.3144,11272.856936855656,9515.712990829368,12499.934206487964,14172.351506977964,0.0083
spotify,tabular,8,64,8,0.2698,11272.856936855656,10504.304878876843,12090.09953884693,13704.000392307482,0.0151
spotify,tabular,8,64,9,0.4464,11272.856936855656,9533.74875308234,12552.920558306796,13702.456868712887,0.0112
spotify,tabular,8,128,0,0.3653,11272.856936855656,11857.963929588734,12832.661128180196,13223.644616495149,0.0106
spotify,tabular,8,128,1,0.2311,11272.856936855656,10557.312730320196,12522.486469563857,12863.361162952355,0.017
spotify,tabular,8,128,2,0.3767,11272.856936855656,10293.798305928653,12346.052284213767,13622.776819795708,0.0139
spotify,tabular,8,128,3,0.2792,11272.856936855656,10169.146937965517,12283.338794985382,12388.581532316171,0.0154
spotify,tabular,8,128,4,0.2615,11272.856936855656,10733.715369226888,12017.02691296391,12799.02861375394,0.0136
spotify,tabular,8,128,5,0.2596,11272.856936855656,10567.89002987992,12248.409371607686,12733.838540993347,0.0115
spotify,tabular,8,128,6,0.2281,11272.856936855656,10503.819945887362,12804.056005112998,12482.25370790733,0.0124
spotify,tabular,8,128,7,0.2963,11272.856936855656,9964.013281794118,12183.509368810886,12469.18210142008,0.01
spotify,tabular,8,128,8,0.1992,11272.856936855656,10560.880739787874,12065.199791880765,12511.800745161108,0.0124
spotify,tabular,8,128,9,0.2238,11272.856936855656,10915.375266493002,12808.775310666071,12687.036720428201,0.0092
spotify,tabular,8,256,0,0.263,11272.856936855656,10937.057030304719,12179.09073222193,11657.138688600324,0.0088
spotify,tabular,8,256,1,0.2417,11272.856936855656,10834.447148074667,11880.611985418285,11776.065506687908,0.0104
spotify,tabular,8,256,2,0.3615,11272.856936855656,10718.29127605304,11607.822003436402,12288.385473940682,0.0116
spotify,tabular,8,256,3,0.2475,11272.856936855656,11126.314988988091,12390.542695929696,11863.53606368137,0.0103
spotify,tabular,8,256,4,0.3081,11272.856936855656,10995.764871481662,11723.146796587476,11779.507159118084,0.0123
spotify,tabular,8,256,5,0.2503,11272.856936855656,10675.493971338354,11620.174439654893,11920.734220518454,0.0095
spotify,tabular,8,256,6,0.3398,11272.856936855656,11141.672028943249,11890.884724334954,11947.150519857561,0.0146
spotify,tabular,8,256,7,0.2061,11272.856936855656,11096.668570247824,12143.524091032374,11748.273240935272,0.0096
spotify,tabular,8,256,8,0.2765,11272.856936855656,10872.43158375123,11901.252329445637,11677.2667074938,0.015
spotify,tabular,8,256,9,0.272,11272.856936855656,10436.713368365985,11716.949374404823,11605.126069182446,0.0111
spotify,tabular,8,512,0,0.2507,11272.856936855656,11225.301846856906,11983.592743610414,11572.386434721753,0.0107
spotify,tabular,8,512,1,0.2419,11272.856936855656,11180.868600150014,11513.131244855584,11503.818063625691,0.0116
spotify,tabular,8,512,2,0.2005,11272.856936855656,11124.277487763342,11623.354769513393,11518.90685332227,0.009
spotify,tabular,8,512,3,0.3504,11272.856936855656,11021.432318884285,11635.478779508645,11404.267858290206,0.0132
spotify,tabular,8,512,4,0.2237,11272.856936855656,11369.258763473787,11708.844688685998,11702.8198960021,0.0153
spotify,tabular,8,512,5,0.1806,11272.856936855656,10844.708676062937,11401.581568732498,11382.137981046591,0.0088
spotify,tabular,8,512,6,0.272,11272.856936855656,10757.253760769325,11519.973281292543,11639.774541093275,0.0147
spotify,tabular,8,512,7,0.2352,11272.856936855656,10971.300275519536,11492.367654804082,11723.733050116814,0.0106
spotify,tabular,8,512,8,0.2475,11272.856936855656,11049.368333432298,11792.722226312646,11519.302686406665,0.0124
spotify,tabular,8,512,9,0.2554,11272.856936855656,10944.26204428418,11407.182096520959,12192.30886169052,0.0105
spotify,tabular,8,1024,0,0.1873,11272.856936855656,10912.695193923275,11337.952909179614,11471.26661198481,0.0106
spotify,tabular,8,1024,1,0.3111,11272.856936855656,11074.48440647274,11319.153363984837,11433.747044969517,0.0112
spotify,tabular,8,1024,2,0.3113,11272.856936855656,10976.815669718424,11208.570273263143,11627.5990417466,0.0119
spotify,tabular,8,1024,3,0.249,11272.856936855656,11140.37465752025,11436.367658809211,11418.990968541997,0.0146
spotify,tabular,8,1024,4,0.3268,11272.856936855656,10923.397616371618,11225.93388191173,11322.510987270183,0.0134
spotify,tabular,8,1024,5,0.2834,11272.856936855656,11170.823070295517,11366.984644356853,11433.04641697338,0.0135
spotify,tabular,8,1024,6,0.4502,11272.856936855656,11737.819360456218,11928.80030950311,11700.30674297018,0.0109
spotify,tabular,8,1024,7,0.5764,11272.856936855656,11297.93597545658,11350.38333618854,11458.927173738059,0.0109
spotify,tabular,8,1024,8,0.3354,11272.856936855656,12293.247070982037,12617.78933271968,11313.392229165158,0.0144
spotify,tabular,8,1024,9,0.2557,11272.856936855656,11165.357003034085,11348.948708248783,11980.624142902103,0.0129
spotify,tabular,8,4096,0,0.2444,11272.856936855656,11103.9270577173,11180.732261100644,11179.881393069365,0.0259
spotify,tabular,8,4096,1,0.3177,11272.856936855656,11312.510124491793,11288.624108186083,11189.564729862415,0.0147
spotify,tabular,8,4096,2,0.3682,11272.856936855656,11166.653516429858,11174.319814248502,11192.4754067247,0.0332
spotify,tabular,8,4096,3,0.4455,11272.856936855656,11312.101138769174,11382.219393973104,11287.961267153127,0.0493
spotify,tabular,8,4096,4,0.5323,11272.856936855656,11218.437614546578,11301.148561074284,11183.110032901017,0.0378
spotify,tabular,8,4096,5,0.3824,11272.856936855656,11271.221625608168,11362.579609274417,11311.552469245627,0.0199
spotify,tabular,8,4096,6,0.2204,11272.856936855656,11267.124246792653,11368.907624616639,11178.464405151542,0.0361
spotify,tabular,8,4096,7,0.4694,11272.856936855656,11101.556530869984,11169.171097203769,11181.187009108737,0.0212
spotify,tabular,8,4096,8,0.3066,11272.856936855656,11710.506376106146,11794.50825698253,11300.583137872036,0.0339
spotify,tabular,8,4096,9,0.3587,11272.856936855656,11306.37586017065,11291.833890918704,11203.792023561979,0.0191
spotify,tabular,8,8192,0,0.6349,11272.856936855656,11222.424336105161,11269.039933785225,11370.333921545567,0.0134
spotify,tabular,8,8192,1,0.3378,11272.856936855656,11148.195782212071,11163.858170366746,11789.799126237987,0.0178
spotify,tabular,8,8192,2,0.509,11272.856936855656,11177.917930512114,11178.631920162981,11293.13921200277,0.0271
spotify,tabular,8,8192,3,0.3477,11272.856936855656,11407.802987205554,11352.856751083564,11358.433471786158,0.0362
spotify,tabular,8,8192,4,0.5414,11272.856936855656,11121.977220582043,11166.279287290381,11162.089618139398,0.0369
spotify,tabular,8,8192,5,0.4124,11272.856936855656,11169.009079443435,11167.768160447464,11271.194331298804,0.0236
spotify,tabular,8,8192,6,0.1984,11272.856936855656,11254.080602986263,11288.281042904924,11269.67287256652,0.0231
spotify,tabular,8,8192,7,0.226,11272.856936855656,11270.522283440794,11264.25980301525,11165.906857341595,0.0128
spotify,tabular,8,8192,8,0.2356,11272.856936855656,11191.664513103513,11296.834584976808,11173.912671579208,0.0208
spotify,tabular,8,8192,9,0.263,11272.856936855656,11258.921429610513,11272.174672472502,11164.374257910573,0.0278
spotify,tabular,16,64,0,0.1946,7728.471668926242,5846.372800567793,10114.793204184007,11574.315052740367,0.0138
spotify,tabular,16,64,1,0.268,7728.471668926242,5511.0219751241475,10051.916616869334,11499.597995924232,0.0117
spotify,tabular,16,64,2,0.2676,7728.471668926242,5790.130871190545,10750.32964363703,11066.558883905005,0.012
spotify,tabular,16,64,3,0.2421,7728.471668926242,5615.607504727213,9911.823209648945,9992.782808215195,0.012
spotify,tabular,16,64,4,0.2177,7728.471668926242,5015.509511595824,10744.286316355652,10575.933984818244,0.0117
spotify,tabular,16,64,5,0.2466,7728.471668926242,5325.225579415163,10322.558970573595,10694.462908291258,0.0106
spotify,tabular,16,64,6,0.2402,7728.471668926242,4719.919361612288,10640.759692366537,10471.791046763106,0.0171
spotify,tabular,16,64,7,0.293,7728.471668926242,4584.342308360789,10510.568367234293,10411.413986258292,0.0123
spotify,tabular,16,64,8,0.2647,7728.471668926242,5367.54780472683,9328.35221873812,11239.735007401492,0.0138
spotify,tabular,16,64,9,0.2508,7728.471668926242,5565.3461856561335,10820.685911825605,10195.131714868241,0.0125
spotify,tabular,16,128,0,0.2499,7728.471668926242,7331.003557930264,9240.718350207664,9713.692244073318,0.0138
spotify,tabular,16,128,1,0.2059,7728.471668926242,6960.668269634609,9715.421081590852,9070.678372755017,0.0127
spotify,tabular,16,128,2,0.3243,7728.471668926242,6581.2548397749515,9700.735656211913,10029.528800451162,0.0142
spotify,tabular,16,128,3,0.2002,7728.471668926242,7144.0624243125385,9286.14086371841,9756.137933674447,0.0124
spotify,tabular,16,128,4,0.2861,7728.471668926242,7129.371804089603,9685.050576823272,9657.272424357157,0.0149
spotify,tabular,16,128,5,0.2959,7728.471668926242,6712.546509725004,9296.143475550602,9338.28688301461,0.0178
spotify,tabular,16,128,6,0.2913,7728.471668926242,6603.899524290441,9219.169993037087,9320.767720992015,0.0172
spotify,tabular,16,128,7,0.2197,7728.471668926242,7070.578861899297,9662.466943594573,9724.306173463934,0.011
spotify,tabular,16,128,8,0.2204,7728.471668926242,6704.858884230375,8976.922592880845,9950.046813459361,0.0159
spotify,tabular,16,128,9,0.2275,7728.471668926242,6521.153533849557,9042.61847208835,9655.786979471375,0.0125
spotify,tabular,16,256,0,0.1794,7728.471668926242,7844.650000110214,9035.038404643328,8549.331654296173,0.0156
spotify,tabular,16,256,1,0.274,7728.471668926242,7480.14461297603,9058.741076261322,9339.031415512458,0.0136
spotify,tabular,16,256,2,0.3264,7728.471668926242,7452.839913748497,9155.558192471603,9533.515399435826,0.0181
spotify,tabular,16,256,3,0.265,7728.471668926242,7004.616841544331,8398.521888923242,8731.384240731859,0.0137
spotify,tabular,16,256,4,0.2769,7728.471668926242,7438.051322723373,9107.671393005643,9439.991215654109,0.0177
spotify,tabular,16,256,5,0.1925,7728.471668926242,7089.895146871812,8965.08658484692,9072.148428428194,0.0117
spotify,tabular,16,256,6,0.2381,7728.471668926242,7397.075307689164,9028.326191285334,8632.390230794103,0.0144
spotify,tabular,16,256,7,0.2852,7728.471668926242,7841.297411938207,9048.958497157624,8837.793649209629,0.0159
spotify,tabular,16,256,8,0.2212,7728.471668926242,6984.5635278978425,8975.50974940819,9208.153086780865,0.0133
spotify,tabular,16,256,9,0.3438,7728.471668926242,6567.830767941468,8611.680584097132,9260.781667191044,0.0142
spotify,tabular,16,512,0,0.2532,7728.471668926242,7515.442308455437,8314.814780494524,8466.977157106696,0.0152
spotify,tabular,16,512,1,0.2548,7728.471668926242,7707.256287342011,8479.645775997116,8440.684291168809,0.0139
spotify,tabular,16,512,2,0.3242,7728.471668926242,7932.911441368796,8758.037973755543,8921.403057707274,0.0133
spotify,tabular,16,512,3,0.3575,7728.471668926242,7711.164491196554,8440.376930552053,8146.399324718828,0.0116
spotify,tabular,16,512,4,0.1816,7728.471668926242,7879.966321882708,8654.215450572116,8289.87281100006,0.0208
spotify,tabular,16,512,5,0.3124,7728.471668926242,7316.037841854614,8269.41631436502,8770.736872565085,0.0129
spotify,tabular,16,512,6,0.3175,7728.471668926242,8040.634869116343,8954.64025737307,9050.548832493232,0.0131
spotify,tabular,16,512,7,0.3078,7728.471668926242,7466.101656010754,8334.1430082837,8622.678532779184,0.0163
spotify,tabular,16,512,8,0.3735,7728.471668926242,7469.0387988502935,8360.062819219296,8587.93551490486,0.0123
spotify,tabular,16,512,9,0.2841,7728.471668926242,7559.011342638564,8358.624673138514,9339.997252455581,0.0132
spotify,tabular,16,1024,0,0.3178,7728.471668926242,7494.901616853717,7907.131748183016,8720.582298942401,0.0099
spotify,tabular,16,1024,1,0.3271,7728.471668926242,7624.034550418242,8105.781250164758,8024.210138359245,0.0163
spotify,tabular,16,1024,2,0.2532,7728.471668926242,7268.751588709084,7895.3702125980635,8323.965435303551,0.0119
spotify,tabular,16,1024,3,0.4817,7728.471668926242,7665.065925449658,8065.697266892143,8254.986878160178,0.0193
spotify,tabular,16,1024,4,0.3353,7728.471668926242,7722.995115674241,8037.056572324911,8094.045491506522,0.0151
spotify,tabular,16,1024,5,0.2318,7728.471668926242,7745.559039223404,8174.339136915585,8226.985447159008,0.0109
spotify,tabular,16,1024,6,0.3073,7728.471668926242,8404.047629081904,8874.039708385775,8369.96848098899,0.0176
spotify,tabular,16,1024,7,0.3309,7728.471668926242,7834.1357730526715,8371.34051240376,8310.021812158508,0.0151
spotify,tabular,16,1024,8,0.1938,7728.471668926242,7624.222580198222,8054.357297815664,8066.4642253693955,0.0133
spotify,tabular,16,1024,9,0.2092,7728.471668926242,7719.866228562687,7886.950318741416,8116.1670004661755,0.0114
spotify,tabular,16,4096,0,0.6085,7728.471668926242,7768.394186744579,7827.599276505516,7956.000017736444,0.0397
spotify,tabular,16,4096,1,0.4537,7728.471668926242,7601.220108925441,7736.571221096785,7995.731652239128,0.0553
spotify,tabular,16,4096,2,0.2961,7728.471668926242,7796.359212973691,7984.4669411365885,7780.885654739479,0.0316
spotify,tabular,16,4096,3,0.288,7728.471668926242,7759.585434816742,7916.395100486188,7763.358297963554,0.0448
spotify,tabular,16,4096,4,0.4547,7728.471668926242,7800.213249090575,7990.252747475532,7741.343970872676,0.0989
spotify,tabular,16,4096,5,0.2538,7728.471668926242,7856.312150990851,8002.09057028715,7959.9638238975385,0.0233
spotify,tabular,16,4096,6,0.3845,7728.471668926242,7758.863144831152,7888.572559725655,7829.52509054429,0.1145
spotify,tabular,16,4096,7,0.261,7728.471668926242,7860.002815777718,7949.727993109764,7939.988574621836,0.0978
spotify,tabular,16,4096,8,0.3023,7728.471668926242,8024.131944147397,8165.413746232692,7828.73015162175,0.021
spotify,tabular,16,4096,9,0.4652,7728.471668926242,7726.6655474499485,7865.343698322136,7902.392664033486,0.0331
spotify,tabular,16,8192,0,0.4933,7728.471668926242,7645.714941323477,7737.980963452543,7747.301212013693,0.0263
spotify,tabular,16,8192,1,0.3392,7728.471668926242,7681.217173640306,7779.925074958839,7958.32377821105,0.016
spotify,tabular,16,8192,2,0.2495,7728.471668926242,7658.070398744097,7734.821795398921,8108.049915714885,0.0322
spotify,tabular,16,8192,3,0.4007,7728.471668926242,7686.646161143441,7795.96407481184,7919.205689598068,0.0227
spotify,tabular,16,8192,4,0.3225,7728.471668926242,7916.005195370165,7969.243781171726,7804.592152942398,0.0441
spotify,tabular,16,8192,5,0.2349,7728.471668926242,8107.260613097505,8145.538572716716,7882.795523846369,0.0215
spotify,tabular,16,8192,6,0.242,7728.471668926242,7649.049839138468,7717.784476889662,7729.121393206167,0.0221
spotify,tabular,16,8192,7,0.2314,7728.471668926242,7733.905011632023,7774.533026502595,7831.097283366878,0.0278
spotify,tabular,16,8192,8,0.2125,7728.471668926242,7848.956606528515,7906.200865977728,7838.781678728019,0.0885
spotify,tabular,16,8192,9,0.2838,7728.471668926242,7984.719126153956,8072.506922359317,7735.861070379835,0.0182
spotify,tabular,32,64,0,0.2933,5657.038648025786,2382.1485325455906,7569.476969920119,9531.379170700713,0.0183
spotify,tabular,32,64,1,0.3304,5657.038648025786,2421.607095051366,7475.6764939638,8532.046013484927,0.0133
spotify,tabular,32,64,2,0.2204,5657.038648025786,2313.3148559508945,7467.715328687784,7648.830442676305,0.0164
spotify,tabular,32,64,3,0.2492,5657.038648025786,2874.4793817927484,7518.839828146849,9445.35347975156,0.0122
spotify,tabular,32,64,4,0.2549,5657.038648025786,2338.6248509751576,7805.923999133716,8250.563472171878,0.0155
spotify,tabular,32,64,5,0.2085,5657.038648025786,2276.134914262603,7684.1770001550385,9801.876773079704,0.0164
spotify,tabular,32,64,6,0.2426,5657.038648025786,1978.388179859751,7753.4575982812075,8749.984857154755,0.0104
spotify,tabular,32,64,7,0.2755,5657.038648025786,2535.4275471336714,7411.996311180512,8106.502173695039,0.0171
spotify,tabular,32,64,8,0.2007,5657.038648025786,2313.8961301939607,7596.470943143699,8081.166052509452,0.0118
spotify,tabular,32,64,9,0.2839,5657.038648025786,2169.896852494794,8063.984835121557,8489.122514245464,0.0164
spotify,tabular,32,128,0,0.289,5657.038648025786,3914.6108540935907,7170.347671406567,7731.822414886125,0.0152
spotify,tabular,32,128,1,0.2488,5657.038648025786,3815.1029905318496,7037.659451512145,7883.771853819683,0.0184
spotify,tabular,32,128,2,0.2771,5657.038648025786,4119.576883477913,6932.0817662322115,7779.591649632238,0.0205
spotify,tabular,32,128,3,0.2775,5657.038648025786,3965.538338209238,6968.89374419371,7973.748094270935,0.0159
spotify,tabular,32,128,4,0.2129,5657.038648025786,3755.0811765821845,6895.957891033795,8044.786760420314,0.0131
spotify,tabular,32,128,5,0.3523,5657.038648025786,3904.5978879040845,6902.119049790957,8325.92028658255,0.0113
spotify,tabular,32,128,6,0.2857,5657.038648025786,3764.910692411362,7171.062744026996,8056.468230410743,0.0162
spotify,tabular,32,128,7,0.3653,5657.038648025786,3901.9979234054244,7274.082547285805,7514.372598275278,0.0125
spotify,tabular,32,128,8,0.3399,5657.038648025786,4346.9322192622485,7080.701658606055,8279.911653185758,0.0109
spotify,tabular,32,128,9,0.2447,5657.038648025786,3722.881878611285,6890.004943203011,7855.999382441805,0.0165
spotify,tabular,32,256,0,0.2217,5657.038648025786,4716.087885167333,6576.723497289616,6838.756998942945,0.0122
spotify,tabular,32,256,1,0.3552,5657.038648025786,4823.995983435609,6730.282558325031,7337.064426787838,0.0157
spotify,tabular,32,256,2,0.2519,5657.038648025786,4689.192868750317,7031.75030164714,6925.632766159613,0.0139
spotify,tabular,32,256,3,0.3591,5657.038648025786,4333.730408651435,6515.494193413783,7032.648636969754,0.0156
spotify,tabular,32,256,4,0.2704,5657.038648025786,4786.129786018227,6647.71268093843,7415.497766598879,0.0206
spotify,tabular,32,256,5,0.2728,5657.038648025786,4655.777539933006,6406.15114914329,6764.094527402655,0.0156
spotify,tabular,32,256,6,0.2971,5657.038648025786,4851.53383334814,6517.4435487694045,7139.4159375341915,0.0152
spotify,tabular,32,256,7,0.3693,5657.038648025786,4633.198520507813,6430.087608300522,6913.388371714201,0.0186
spotify,tabular,32,256,8,0.2497,5657.038648025786,4679.339917787366,6538.679667346287,6809.016365750715,0.023
spotify,tabular,32,256,9,0.3216,5657.038648025786,4730.038319824258,6483.340685904232,7070.342879524558,0.0151
spotify,tabular,32,512,0,0.2721,5657.038648025786,5219.763880379691,6246.032090718761,6423.070852974867,0.0147
spotify,tabular,32,512,1,0.2874,5657.038648025786,5427.322365199956,6246.223628002463,6506.303833385291,0.0136
spotify,tabular,32,512,2,0.2968,5657.038648025786,5160.481922771308,6163.249952265488,6361.435806186892,0.0111
spotify,tabular,32,512,3,0.2805,5657.038648025786,5067.784111018731,6193.4413712371415,6554.530480636518,0.0156
spotify,tabular,32,512,4,0.3949,5657.038648025786,5168.279408011717,6259.088447192686,6404.879839012225,0.0169
spotify,tabular,32,512,5,0.258,5657.038648025786,5117.2463532233005,6162.296213775464,6344.822272793555,0.0114
spotify,tabular,32,512,6,0.2491,5657.038648025786,5137.918150463058,6269.000378930739,6545.912452679749,0.0128
spotify,tabular,32,512,7,0.249,5657.038648025786,5180.801050865499,6160.976850222923,6566.851593782568,0.0158
spotify,tabular,32,512,8,0.1929,5657.038648025786,5081.209858682307,6207.14392045389,6885.711661855688,0.0123
spotify,tabular,32,512,9,0.2598,5657.038648025786,5343.224223859569,6330.337358543825,6375.921722673244,0.0147
spotify,tabular,32,1024,0,0.2094,5657.038648025786,5386.648108140618,6043.820264783226,6127.402621569612,0.016
spotify,tabular,32,1024,1,0.2794,5657.038648025786,5446.041568689902,6065.7436246744965,6132.275884688237,0.0155
spotify,tabular,32,1024,2,0.221,5657.038648025786,5506.5463998293235,6081.206255568075,6107.267940886291,0.0132
spotify,tabular,32,1024,3,0.2521,5657.038648025786,5386.719646860023,6133.851596345148,6268.921088658826,0.0133
spotify,tabular,32,1024,4,0.2581,5657.038648025786,5468.307585978975,6035.17125101189,6277.587059619384,0.0177
spotify,tabular,32,1024,5,0.2132,5657.038648025786,5524.638146489346,6097.854216892719,6109.002252909999,0.0156
spotify,tabular,32,1024,6,0.2283,5657.038648025786,5330.665274470846,6039.054685826102,6203.588510547598,0.0132
spotify,tabular,32,1024,7,0.2791,5657.038648025786,5459.292713292042,6154.720432402863,6203.299734956512,0.0148
spotify,tabular,32,1024,8,0.2178,5657.038648025786,5376.998613809072,6009.742952579996,6142.921876822849,0.0165
spotify,tabular,32,1024,9,0.2202,5657.038648025786,5541.800071132175,6070.921346750901,6245.508958440778,0.0197
spotify,tabular,32,4096,0,0.3085,5657.038648025786,5717.163185732689,5868.211454742166,5880.474559652622,0.0242
spotify,tabular,32,4096,1,0.2976,5657.038648025786,5654.158057456471,5860.407994819983,5866.581083096507,0.0316
spotify,tabular,32,4096,2,0.2974,5657.038648025786,5601.303599934479,5820.167552712189,5845.72187312612,0.0291
spotify,tabular,32,4096,3,0.3404,5657.038648025786,5661.305554120954,5853.981678922724,5855.313652202029,0.027
spotify,tabular,32,4096,4,0.3317,5657.038648025786,5715.541058498251,5914.760303040699,5790.293599783277,0.0293
spotify,tabular,32,4096,5,0.279,5657.038648025786,5668.009632071141,5823.615297018458,5956.560835228687,0.0379
spotify,tabular,32,4096,6,0.2815,5657.038648025786,5678.691747612822,5805.4976364009,5845.571564368781,0.025
spotify,tabular,32,4096,7,0.2262,5657.038648025786,5596.111686710572,5833.4245632925595,5845.192962741425,0.0254
spotify,tabular,32,4096,8,0.2327,5657.038648025786,5578.844833528899,5798.2429712036765,5893.350350986575,0.0276
spotify,tabular,32,4096,9,0.2287,5657.038648025786,5640.689643004892,5822.053930367683,5797.887684273708,0.0263
spotify,tabular,32,8192,0,0.2212,5657.038648025786,5603.5636988025035,5741.434426883845,5750.3937330000335,0.0403
spotify,tabular,32,8192,1,0.3419,5657.038648025786,5650.902984196478,5748.563738310399,5715.284734788311,0.0679
spotify,tabular,32,8192,2,0.2662,5657.038648025786,5626.04267463895,5736.573597822023,5755.302662421421,0.0508
spotify,tabular,32,8192,3,0.3385,5657.038648025786,5637.0041688544125,5722.251999312382,5851.62396022698,0.0407
spotify,tabular,32,8192,4,0.2736,5657.038648025786,5750.597889273802,5833.058205500045,5823.72777810191,0.0373
spotify,tabular,32,8192,5,0.259,5657.038648025786,5656.956495714458,5712.769732636096,5783.920183905692,0.0303
spotify,tabular,32,8192,6,0.3174,5657.038648025786,5658.5414669771235,5739.422830677044,5815.443352552617,0.0481
spotify,tabular,32,8192,7,0.2974,5657.038648025786,5639.861840784954,5750.059480560493,5746.936362514353,0.0337
spotify,tabular,32,8192,8,0.2386,5657.038648025786,5738.560621518672,5809.698986273186,5767.316054598503,0.0783
spotify,tabular,32,8192,9,0.3376,5657.038648025786,5826.86423187737,5849.262416396352,5736.300070629258,0.097
spotify,tabular,64,64,0,0.3543,4162.2525895723575,1689.440252785852,5428.402505070522,6795.190129900876,0.019
spotify,tabular,64,64,1,0.3541,4162.2525895723575,1604.2502328155472,5472.999482504175,7357.093715916266,0.0186
spotify,tabular,64,64,2,0.4235,4162.2525895723575,1587.2949632155444,5699.57411447093,6725.699247681452,0.0206
spotify,tabular,64,64,3,0.5121,4162.2525895723575,1519.578747555069,5576.5513204928375,7730.606320116209,0.0197
spotify,tabular,64,64,4,0.438,4162.2525895723575,1631.8771051775868,5441.713990078049,6425.5717957481575,0.019
spotify,tabular,64,64,5,0.4212,4162.2525895723575,1462.572722204324,5488.7002009983535,6582.881783286245,0.0189
spotify,tabular,64,64,6,0.4843,4162.2525895723575,1579.134559382275,5378.090646733795,7677.887241649889,0.0276
spotify,tabular,64,64,7,0.4058,4162.2525895723575,1557.811572554101,5354.635434330497,7394.953682240657,0.0169
spotify,tabular,64,64,8,0.4267,4162.2525895723575,1545.6934419639279,5379.441422473732,6647.729173429142,0.0191
spotify,tabular,64,64,9,0.3876,4162.2525895723575,1787.169609367556,5414.296533427228,7552.812613923506,0.0173
spotify,tabular,64,128,0,0.3441,4162.2525895723575,1543.5527486957515,5393.122756674821,5525.182886460878,0.0206
spotify,tabular,64,128,1,0.2379,4162.2525895723575,1604.250232815547,5472.999482504175,6494.898277614644,0.0149
spotify,tabular,64,128,2,0.4403,4162.2525895723575,1587.2949632155442,5699.57411447093,6006.735998842513,0.0182
spotify,tabular,64,128,3,0.4192,4162.2525895723575,1519.5787475550687,5576.5513204928375,6985.04053839665,0.0193
spotify,tabular,64,128,4,0.3827,4162.2525895723575,1631.8771051775868,5441.713990078049,5677.92424501146,0.014
spotify,tabular,64,128,5,0.5012,4162.2525895723575,1462.5727222043242,5488.7002009983535,5903.276813047871,0.0207
spotify,tabular,64,128,6,0.3351,4162.2525895723575,1579.1345593822748,5378.090646733795,6271.498498417966,0.0175
spotify,tabular,64,128,7,0.3914,4162.2525895723575,1557.8115725541008,5354.635434330497,6303.75510533373,0.0233
spotify,tabular,64,128,8,0.2693,4162.2525895723575,1545.6934419639279,5379.441422473732,5907.736637102653,0.0149
spotify,tabular,64,128,9,0.3128,4162.2525895723575,1787.1696093675562,5414.296533427228,6420.675323615,0.0198
spotify,tabular,64,256,0,0.3252,4162.2525895723575,2704.1427356462714,5092.5231161958545,5583.104284673857,0.0168
spotify,tabular,64,256,1,0.4149,4162.2525895723575,2681.8784006011215,5063.06021025392,5735.553682239353,0.0159
spotify,tabular,64,256,2,0.3147,4162.2525895723575,2619.17847584395,5095.240727256922,5359.796155313899,0.0194
spotify,tabular,64,256,3,0.4338,4162.2525895723575,2758.714968337819,5057.067116702655,5385.7965109798915,0.0217
spotify,tabular,64,256,4,0.3057,4162.2525895723575,2756.5839919775003,5081.450662734935,5323.092910541934,0.0177
spotify,tabular,64,256,5,0.2398,4162.2525895723575,2634.302770671934,5013.1308119875175,5749.577337521021,0.0138
spotify,tabular,64,256,6,0.2603,4162.2525895723575,2746.514492473,5133.8500381280255,5468.463058643282,0.0159
spotify,tabular,64,256,7,0.2245,4162.2525895723575,2833.587951439966,5058.403260723522,5313.62796517606,0.0135
spotify,tabular,64,256,8,0.2255,4162.2525895723575,2878.0039586903067,5235.870138833725,5344.837124171045,0.0207
spotify,tabular,64,256,9,0.2363,4162.2525895723575,2656.579187183707,5128.607700822327,5452.837820070999,0.0179
spotify,tabular,64,512,0,0.285,4162.2525895723575,3283.4059692244764,4781.125636547795,4974.908109010174,0.0216
spotify,tabular,64,512,1,0.234,4162.2525895723575,3432.807165678001,4758.4858781235735,5073.642353305178,0.0185
spotify,tabular,64,512,2,0.3246,4162.2525895723575,3336.3622168364586,4826.626839386681,4985.148569969564,0.0208
spotify,tabular,64,512,3,0.2916,4162.2525895723575,3274.6154618706373,4829.973584595651,5045.106946543934,0.017
spotify,tabular,64,512,4,0.3069,4162.2525895723575,3224.126738940798,4696.462945561809,5070.926395580842,0.0185
spotify,tabular,64,512,5,0.2916,4162.2525895723575,3375.123540102415,4696.124409563552,5018.365377536623,0.0162
spotify,tabular,64,512,6,0.392,4162.2525895723575,3420.7335682396556,4916.765195017246,4911.601793083704,0.0186
spotify,tabular,64,512,7,0.2367,4162.2525895723575,3370.4446652858137,4820.457677242535,5021.777948133717,0.0158
spotify,tabular,64,512,8,0.21,4162.2525895723575,3401.2570392794187,4735.1971730068835,5144.437010703389,0.0187
spotify,tabular,64,512,9,0.3199,4162.2525895723575,3524.5963154294313,4761.161071832874,5112.879973567968,0.0215
spotify,tabular,64,1024,0,0.2426,4162.2525895723575,3699.322157027996,4556.326331459288,4725.027974022754,0.0253
spotify,tabular,64,1024,1,0.3816,4162.2525895723575,3748.2490001783863,4519.532980768701,4748.04284169391,0.0218
spotify,tabular,64,1024,2,0.2796,4162.2525895723575,3714.1056290163283,4637.476683322571,4770.734396983495,0.0263
spotify,tabular,64,1024,3,0.3344,4162.2525895723575,3723.9482887527906,4543.319135015647,4851.898131391826,0.02
spotify,tabular,64,1024,4,0.3973,4162.2525895723575,3692.956112094917,4527.683049434838,4842.920687961458,0.0179
spotify,tabular,64,1024,5,0.3373,4162.2525895723575,3892.0183303652916,4638.113078122599,4731.856862838778,0.0232
spotify,tabular,64,1024,6,0.3487,4162.2525895723575,3712.940517988316,4579.934889518847,4741.813165777451,0.0163
spotify,tabular,64,1024,7,0.4021,4162.2525895723575,3705.034090759026,4546.820958300337,4757.258143134208,0.0179
spotify,tabular,64,1024,8,0.3582,4162.2525895723575,3673.5909208374733,4543.250491307369,4710.655883487527,0.018
spotify,tabular,64,1024,9,0.3119,4162.2525895723575,3783.238306542458,4524.931456963587,4663.45809195959,0.022
spotify,tabular,64,4096,0,0.4718,4162.2525895723575,4062.278735073142,4316.098602993595,4376.477028149813,0.0267
spotify,tabular,64,4096,1,0.4448,4162.2525895723575,4050.2229749578296,4337.818904581558,4414.244470357631,0.1072
spotify,tabular,64,4096,2,0.5077,4162.2525895723575,4064.453236480359,4350.280275072422,4351.470423430818,0.0454
spotify,tabular,64,4096,3,0.3925,4162.2525895723575,4041.0237052967036,4338.395513806026,4346.37730759545,0.1014
spotify,tabular,64,4096,4,0.4503,4162.2525895723575,4048.4047115439953,4339.062602237719,4331.321993975194,0.1042
spotify,tabular,64,4096,5,0.46,4162.2525895723575,4083.960213716704,4344.326616470966,4381.782116760471,0.1089
spotify,tabular,64,4096,6,0.4046,4162.2525895723575,4096.855206262055,4361.17893157529,4352.762421148621,0.1517
spotify,tabular,64,4096,7,0.4292,4162.2525895723575,4046.1696040996226,4322.683187924,4447.076275195744,0.108
spotify,tabular,64,4096,8,0.5351,4162.2525895723575,4053.067964135002,4308.995807349893,4380.3324457780045,0.2453
spotify,tabular,64,4096,9,0.6694,4162.2525895723575,4034.6698539029635,4352.983466798069,4346.852786538807,0.0516
spotify,tabular,64,8192,0,0.5114,4162.2525895723575,4064.3144558843887,4245.819677502512,4236.82100112794,0.0755
spotify,tabular,64,8192,1,0.3535,4162.2525895723575,4070.57372615692,4232.404041213473,4296.318127677578,0.1364
spotify,tabular,64,8192,2,0.5037,4162.2525895723575,4129.172363834109,4264.871936720706,4290.88352881997,0.045
spotify,tabular,64,8192,3,0.3864,4162.2525895723575,4077.922628760197,4260.1012972275685,4262.2025125087985,0.0949
spotify,tabular,64,8192,4,0.4751,4162.2525895723575,4055.7091643606805,4232.818377175028,4280.677802940145,0.0736
spotify,tabular,64,8192,5,0.3611,4162.2525895723575,4078.496097188306,4224.420598521695,4266.681877067381,0.0664
spotify,tabular,64,8192,6,0.474,4162.2525895723575,4082.7995029655963,4254.906578035726,4243.455595518764,0.0428
spotify,tabular,64,8192,7,0.2914,4162.2525895723575,4142.909250168511,4265.876425923532,4329.476718858357,0.0352
spotify,tabular,64,8192,8,0.6219,4162.2525895723575,4073.2689809408425,4253.41197292835,4297.01955885299,0.0649
spotify,tabular,64,8192,9,0.4246,4162.2525895723575,4080.3016346387503,4235.815184475164,4253.6262043058605,0.0528
