Dataset,Clusters,Budget,Iteration,Cost,Time
airbnb_sf,2,64,0,18552.725241019307,0.11029791700000002
airbnb_sf,2,64,1,18189.119099010175,0.017675332999999904
airbnb_sf,2,64,2,18314.85586262028,0.017713917000000023
airbnb_sf,2,64,3,18564.226014517837,0.029798457999999917
airbnb_sf,2,64,4,18541.181773780037,0.02104462500000004
airbnb_sf,2,96,0,18379.238897110656,0.07645649999999993
airbnb_sf,2,96,1,18136.65759289478,0.016453082999999813
airbnb_sf,2,96,2,18207.100767024058,0.004357750000000049
airbnb_sf,2,96,3,18374.55640545665,0.003601416999999829
airbnb_sf,2,96,4,18249.663831824044,0.0017236249999998954
airbnb_sf,2,128,0,18388.146957293284,0.002578250000000004
airbnb_sf,2,128,1,18243.96940590517,0.002237708000000005
airbnb_sf,2,128,2,18165.955914929255,0.001857207999999888
airbnb_sf,2,128,3,18136.017805713804,0.0031126670000001244
airbnb_sf,2,128,4,18262.854460064413,0.0024599169999999226
airbnb_sf,2,192,0,18156.26462740778,0.0018202499999999677
airbnb_sf,2,192,1,18188.813648667554,0.003215874999999979
airbnb_sf,2,192,2,18150.77117821065,0.002559500000000048
airbnb_sf,2,192,3,18157.219088940365,0.002350582999999906
airbnb_sf,2,192,4,18154.533817737523,0.002248291999999985
airbnb_sf,2,256,0,18187.90450372162,0.008749166999999947
airbnb_sf,2,256,1,18264.837816815874,0.0019138340000000031
airbnb_sf,2,256,2,18148.281315809247,0.0023514579999999174
airbnb_sf,2,256,3,18128.329283213465,0.0027338750000001077
airbnb_sf,2,256,4,18137.87734452899,0.002135833000000087
airbnb_sf,2,384,0,18134.320633994437,0.004162750000000104
airbnb_sf,2,384,1,18188.94043159004,0.003583250000000149
airbnb_sf,2,384,2,18154.3807066711,0.004151374999999957
airbnb_sf,2,384,3,18135.064477712574,0.0041153339999999705
airbnb_sf,2,384,4,18128.584142751228,0.003462082999999838
airbnb_sf,2,512,0,18135.22346352856,0.0039043340000000093
airbnb_sf,2,512,1,18190.170085198628,0.003615082999999908
airbnb_sf,2,512,2,18139.166397186997,0.0036785419999998403
airbnb_sf,2,512,3,18154.64583808832,0.003590166999999811
airbnb_sf,2,512,4,18127.50373167482,0.0040479169999998454
airbnb_sf,2,768,0,18144.00612464906,0.0040341249999999995
airbnb_sf,2,768,1,18180.23527860616,0.004438500000000012
airbnb_sf,2,768,2,18134.584218362288,0.005928582999999987
airbnb_sf,2,768,3,18166.083559230763,0.006930790999999825
airbnb_sf,2,768,4,18132.218300157365,0.004674791999999872
airbnb_sf,2,1024,0,18136.496615275515,0.011818707999999845
airbnb_sf,2,1024,1,18154.946726823706,0.00588208400000001
airbnb_sf,2,1024,2,18134.531682543526,0.009785084
airbnb_sf,2,1024,3,18153.264969895827,0.006529667000000128
airbnb_sf,2,1024,4,18132.175193728766,0.00671591699999996
airbnb_sf,2,1536,0,18122.613325803868,0.007208207999999994
airbnb_sf,2,1536,1,18160.593288836404,0.008470540999999887
airbnb_sf,2,1536,2,18123.25815731111,0.006287791999999959
airbnb_sf,2,1536,3,18131.703040176573,0.008746375000000084
airbnb_sf,2,1536,4,18137.698108090633,0.007835958000000032
airbnb_sf,2,2048,0,18122.008626541974,0.012318208000000164
airbnb_sf,2,2048,1,18135.14482593813,0.011694416000000096
airbnb_sf,2,2048,2,18129.486145265088,0.015155750000000134
airbnb_sf,2,2048,3,18126.723985768796,0.011063000000000045
airbnb_sf,2,2048,4,18126.06241501496,0.013020041999999954
airbnb_sf,2,3072,0,18124.61346110738,0.009972333000000111
airbnb_sf,2,3072,1,18129.50391629571,0.01951362500000009
airbnb_sf,2,3072,2,18123.191917094646,0.01766991699999987
airbnb_sf,2,3072,3,18125.9649853772,0.02129308399999985
airbnb_sf,2,3072,4,18122.498547743035,0.013328125000000135
airbnb_sf,2,4096,0,18126.884393274006,0.02249916700000032
airbnb_sf,2,4096,1,18131.126063248914,0.02664054199999999
airbnb_sf,2,4096,2,18123.21365962054,0.020048915999999917
airbnb_sf,2,4096,3,18124.088738385024,0.01944045800000005
airbnb_sf,2,4096,4,18122.86022877776,0.02585908299999984
airbnb_sf,3,64,0,13421.2780542243,0.0025476250000000533
airbnb_sf,3,64,1,13191.273262454282,0.0028125409999999462
airbnb_sf,3,64,2,13842.057266356482,0.0032967089999997867
airbnb_sf,3,64,3,13572.508294860156,0.0030420829999999732
airbnb_sf,3,64,4,13388.739382551359,0.0028027090000000143
airbnb_sf,3,96,0,13277.373796010826,0.002633707999999846
airbnb_sf,3,96,1,13065.868594506745,0.0035738749999998376
airbnb_sf,3,96,2,13617.896796947174,0.0026552080000001865
airbnb_sf,3,96,3,13238.685022843112,0.0023293340000001272
airbnb_sf,3,96,4,13082.033611003188,0.002114917000000105
airbnb_sf,3,128,0,13313.1297688612,0.0029101660000003804
airbnb_sf,3,128,1,13082.847438176734,0.0024044999999999206
airbnb_sf,3,128,2,13601.078657644495,0.0026598340000001386
airbnb_sf,3,128,3,13585.988409864642,0.0020978330000001044
airbnb_sf,3,128,4,13095.964285447531,0.0028602499999998976
airbnb_sf,3,192,0,13081.643641470364,0.0019712910000002637
airbnb_sf,3,192,1,13060.149824035878,0.0025142500000003842
airbnb_sf,3,192,2,13615.669524291887,0.0029766669999999884
airbnb_sf,3,192,3,13686.579973530243,0.002083750000000162
airbnb_sf,3,192,4,13000.505817838013,0.0023729999999999585
airbnb_sf,3,256,0,13040.212464259828,0.00369816700000003
airbnb_sf,3,256,1,13129.316810562395,0.0021113750000001374
airbnb_sf,3,256,2,13610.381939167783,0.0027431249999998464
airbnb_sf,3,256,3,13656.00949731948,0.002195458999999733
airbnb_sf,3,256,4,12960.48018715801,0.003175333000000169
airbnb_sf,3,384,0,12979.944589329123,0.005011708000000059
airbnb_sf,3,384,1,13014.988771216544,0.005357167000000107
airbnb_sf,3,384,2,13581.399543416243,0.004303291999999903
airbnb_sf,3,384,3,13598.826393786512,0.005063917000000195
airbnb_sf,3,384,4,12938.554354961812,0.004033833999999903
airbnb_sf,3,512,0,12951.325535564316,0.0038944579999999895
airbnb_sf,3,512,1,13004.840644096264,0.003791165999999624
airbnb_sf,3,512,2,12965.79332056513,0.005127458000000029
airbnb_sf,3,512,3,13593.976953559226,0.006708709000000201
airbnb_sf,3,512,4,12934.1830736798,0.004577834000000003
airbnb_sf,3,768,0,12966.022364577882,0.005951791000000206
airbnb_sf,3,768,1,12986.265038616333,0.005896791000000068
airbnb_sf,3,768,2,12940.405711278467,0.007355249999999813
airbnb_sf,3,768,3,13583.763678008303,0.007733374999999931
airbnb_sf,3,768,4,13053.472319121112,0.00691420900000006
airbnb_sf,3,1024,0,12943.981673676793,0.009680833
airbnb_sf,3,1024,1,12962.31553526226,0.008968041999999787
airbnb_sf,3,1024,2,12941.557315693339,0.010530709000000193
airbnb_sf,3,1024,3,13546.177626703518,0.009007374999999929
airbnb_sf,3,1024,4,13053.601521762215,0.009733457999999917
airbnb_sf,3,1536,0,12945.108061247382,0.014522708999999967
airbnb_sf,3,1536,1,12963.193113386267,0.011305583000000397
airbnb_sf,3,1536,2,12932.720457181711,0.01808883399999983
airbnb_sf,3,1536,3,13547.568384822032,0.017826583999999812
airbnb_sf,3,1536,4,13525.294691831637,0.014637582999999843
airbnb_sf,3,2048,0,12932.84704221639,0.017128541000000386
airbnb_sf,3,2048,1,12971.997121747701,0.01715929199999966
airbnb_sf,3,2048,2,12939.482320387619,0.02225358299999991
airbnb_sf,3,2048,3,12952.72031000416,0.01997833300000007
airbnb_sf,3,2048,4,12948.156170463468,0.02204054099999997
airbnb_sf,3,3072,0,12933.39936534941,0.029034499999999852
airbnb_sf,3,3072,1,12971.434920947377,0.023941709000000255
airbnb_sf,3,3072,2,12928.777096911803,0.03392354200000014
airbnb_sf,3,3072,3,12932.546618876759,0.030054959000000103
airbnb_sf,3,3072,4,12935.560734358049,0.04613716599999984
airbnb_sf,3,4096,0,12935.310705279378,0.053635917000000255
airbnb_sf,3,4096,1,12948.437391340918,0.036929665999999806
airbnb_sf,3,4096,2,12930.205482861984,0.04080149999999971
airbnb_sf,3,4096,3,12934.151044455959,0.041425582999999655
airbnb_sf,3,4096,4,12931.101435085131,0.04121483300000017
airbnb_sf,4,64,0,8828.504727200529,0.003669042000000289
airbnb_sf,4,64,1,8856.425821685501,0.003134082999999954
airbnb_sf,4,64,2,8793.895270590652,0.0034698749999999556
airbnb_sf,4,64,3,9253.518144114078,0.0037007919999996197
airbnb_sf,4,64,4,9873.851026086488,0.0035169170000002303
airbnb_sf,4,96,0,8851.611201481235,0.003920707999999884
airbnb_sf,4,96,1,8673.459304780528,0.0037791250000003274
airbnb_sf,4,96,2,8811.91959580715,0.003385833999999921
airbnb_sf,4,96,3,8927.102729760643,0.0032806659999997656
airbnb_sf,4,96,4,8873.476745450373,0.003410166999999742
airbnb_sf,4,128,0,8859.062193773214,0.0035063750000001725
airbnb_sf,4,128,1,8688.914642478825,0.00260533400000007
airbnb_sf,4,128,2,8603.487887108786,0.0038253329999999863
airbnb_sf,4,128,3,8661.788114927775,0.0037499589999998584
airbnb_sf,4,128,4,8772.774062838487,0.0043216249999997736
airbnb_sf,4,192,0,8669.756568074448,0.00378470799999997
airbnb_sf,4,192,1,8731.78521873919,0.0037695420000001256
airbnb_sf,4,192,2,8645.515534159922,0.004554707999999685
airbnb_sf,4,192,3,8725.341482190648,0.0043338749999999315
airbnb_sf,4,192,4,8590.473915450733,0.003874916000000006
airbnb_sf,4,256,0,8608.56820880136,0.004581291000000043
airbnb_sf,4,256,1,8695.876852873807,0.004530292000000102
airbnb_sf,4,256,2,8604.23227615645,0.004095874999999971
airbnb_sf,4,256,3,8592.04472220355,0.004468042000000061
airbnb_sf,4,256,4,8527.039791778436,0.004364875000000268
airbnb_sf,4,384,0,8557.5077518623,0.010188541000000217
airbnb_sf,4,384,1,8608.791530214963,0.008489417000000277
airbnb_sf,4,384,2,8631.379555132022,0.012524249999999792
airbnb_sf,4,384,3,8664.144948235793,0.009509083000000196
airbnb_sf,4,384,4,8504.342674670213,0.011068834000000027
airbnb_sf,4,512,0,8517.431715014523,0.012035666000000056
airbnb_sf,4,512,1,8554.813755391626,0.008974915999999666
airbnb_sf,4,512,2,8549.470531182287,0.007246208000000198
airbnb_sf,4,512,3,8643.58741726218,0.0071384169999997305
airbnb_sf,4,512,4,8497.754922863385,0.006598999999999577
airbnb_sf,4,768,0,8516.342741945515,0.009660583000000056
airbnb_sf,4,768,1,8537.796347660935,0.007400207999999964
airbnb_sf,4,768,2,8525.48038575715,0.007688834000000089
airbnb_sf,4,768,3,8616.353519086026,0.008372790999999769
airbnb_sf,4,768,4,8562.699852243177,0.00743433299999996
airbnb_sf,4,1024,0,8498.54692829152,0.009946082999999994
airbnb_sf,4,1024,1,8504.470216304295,0.009354207999999975
airbnb_sf,4,1024,2,8511.541067559843,0.010604791000000002
airbnb_sf,4,1024,3,8547.094565587606,0.010048166999999886
airbnb_sf,4,1024,4,8551.240316479805,0.012404499999999707
airbnb_sf,4,1536,0,8494.022563884333,0.014708541000000075
airbnb_sf,4,1536,1,8521.891476596842,0.019403249999999872
airbnb_sf,4,1536,2,8494.418045306145,0.016331000000000095
airbnb_sf,4,1536,3,8553.91385026369,0.015502125000000255
airbnb_sf,4,1536,4,8535.338218902447,0.017900959000000327
airbnb_sf,4,2048,0,8490.135367552122,0.02007816699999987
airbnb_sf,4,2048,1,8530.05616169889,0.022531666999999977
airbnb_sf,4,2048,2,8493.59324280548,0.02433625000000017
airbnb_sf,4,2048,3,8504.281945505605,0.023161750000000314
airbnb_sf,4,2048,4,8517.53585932334,0.02498633299999975
airbnb_sf,4,3072,0,8484.861262375442,0.04140833300000013
airbnb_sf,4,3072,1,8519.485332021066,0.03312937500000013
airbnb_sf,4,3072,2,8482.683310361184,0.03769416700000017
airbnb_sf,4,3072,3,8485.379705042105,0.03735112499999982
airbnb_sf,4,3072,4,8503.463455719662,0.03971479199999983
airbnb_sf,4,4096,0,8489.042666618709,0.05093274999999986
airbnb_sf,4,4096,1,8519.195079573365,0.042212791000000305
airbnb_sf,4,4096,2,8484.8286033332,0.048989332999999746
airbnb_sf,4,4096,3,8486.137229298329,0.04488208300000007
airbnb_sf,4,4096,4,8495.992802782068,0.04692249999999998
airbnb_sf,6,64,0,7039.829249271605,0.0039497920000002296
airbnb_sf,6,64,1,6891.3832300857175,0.0041527910000001
airbnb_sf,6,64,2,6551.085717582031,0.003858332999999714
airbnb_sf,6,64,3,7614.546152592227,0.003713207999999746
airbnb_sf,6,64,4,6894.619636435637,0.00476758300000002
airbnb_sf,6,96,0,6846.530318081949,0.004392500000000243
airbnb_sf,6,96,1,6643.951063652935,0.003947458000000292
airbnb_sf,6,96,2,6308.171679532544,0.0038360000000001726
airbnb_sf,6,96,3,6763.284903552789,0.0033176249999997687
airbnb_sf,6,96,4,6658.456822133614,0.0036513750000000122
airbnb_sf,6,128,0,6753.062803481502,0.0032677500000000137
airbnb_sf,6,128,1,6549.048507453428,0.003708374999999986
airbnb_sf,6,128,2,6528.057095782614,0.0037775419999999116
airbnb_sf,6,128,3,6364.704313017078,0.004659665999999785
airbnb_sf,6,128,4,6466.1791253480105,0.004226458999999849
airbnb_sf,6,192,0,6481.266681452702,0.0036919169999998225
airbnb_sf,6,192,1,6516.084696705262,0.003680708000000088
airbnb_sf,6,192,2,6324.98635830238,0.004261708000000031
airbnb_sf,6,192,3,6455.662663896833,0.0037057909999997918
airbnb_sf,6,192,4,6478.5530004511165,0.002979416000000068
airbnb_sf,6,256,0,6381.591871204588,0.004286957999999785
airbnb_sf,6,256,1,6553.396700128772,0.003868957999999978
airbnb_sf,6,256,2,6171.155310648986,0.004081082999999985
airbnb_sf,6,256,3,6349.816471523912,0.0045239999999999725
airbnb_sf,6,256,4,6436.207539772563,0.004580208000000141
airbnb_sf,6,384,0,6359.827385918656,0.005814250000000243
airbnb_sf,6,384,1,6477.1970270833435,0.006044750000000043
airbnb_sf,6,384,2,6228.990767646881,0.006778375000000114
airbnb_sf,6,384,3,6333.583466001907,0.007793500000000009
airbnb_sf,6,384,4,6280.951221703675,0.006839582999999649
airbnb_sf,6,512,0,6335.037075183856,0.00837462500000008
airbnb_sf,6,512,1,6304.938252077655,0.008050667000000011
airbnb_sf,6,512,2,6191.2742259840925,0.007404458999999974
airbnb_sf,6,512,3,6268.787305812191,0.008249417000000037
airbnb_sf,6,512,4,6282.332748089395,0.007478124999999558
airbnb_sf,6,768,0,6278.205867654493,0.01000212499999975
airbnb_sf,6,768,1,6143.82948188226,0.010554040999999792
airbnb_sf,6,768,2,6191.60227655442,0.010192249999999348
airbnb_sf,6,768,3,6239.84795833198,0.011339500000000058
airbnb_sf,6,768,4,6276.841653952143,0.014378208000000114
airbnb_sf,6,1024,0,6262.581869030898,0.014748333000000002
airbnb_sf,6,1024,1,6113.35085093576,0.015040916999999432
airbnb_sf,6,1024,2,6192.238866091518,0.01278370899999981
airbnb_sf,6,1024,3,6192.19756114886,0.015139875000000025
airbnb_sf,6,1024,4,6140.000687620558,0.012956415999999749
airbnb_sf,6,1536,0,6282.592518766725,0.022210958000000502
airbnb_sf,6,1536,1,6110.912788492356,0.018390416999999992
airbnb_sf,6,1536,2,6174.207292874713,0.022069708000000077
airbnb_sf,6,1536,3,6291.529726886203,0.021505583000000605
airbnb_sf,6,1536,4,6111.567699606959,0.020431291000000407
airbnb_sf,6,2048,0,6084.952479929501,0.025463667000000356
airbnb_sf,6,2048,1,6131.383313982427,0.031695874999999596
airbnb_sf,6,2048,2,6169.5231289527055,0.031542916000000254
airbnb_sf,6,2048,3,6173.570154150244,0.026147166000000333
airbnb_sf,6,2048,4,6166.6478333650775,0.02812808400000044
airbnb_sf,6,3072,0,6085.711900239352,0.042596375000000464
airbnb_sf,6,3072,1,6090.153753065016,0.035486958999999985
airbnb_sf,6,3072,2,6089.48712615135,0.04541508400000005
airbnb_sf,6,3072,3,6163.985490598429,0.04156158300000001
airbnb_sf,6,3072,4,6164.1884305983385,0.04966504199999999
airbnb_sf,6,4096,0,6084.434517208699,0.04508541700000013
airbnb_sf,6,4096,1,6098.321140803803,0.05759258299999992
airbnb_sf,6,4096,2,6093.274900147077,0.06035662499999983
airbnb_sf,6,4096,3,6167.582378463084,0.059688249999999776
airbnb_sf,6,4096,4,6094.386785360044,0.06346012499999976
airbnb_sf,8,64,0,5671.438085659537,0.004521750000000324
airbnb_sf,8,64,1,5404.16173007557,0.0044038329999995796
airbnb_sf,8,64,2,5889.3969004939245,0.0050449590000001265
airbnb_sf,8,64,3,5930.579430415704,0.00427854100000058
airbnb_sf,8,64,4,5476.93866044643,0.004197707999999523
airbnb_sf,8,96,0,5505.627727719092,0.004363042000000483
airbnb_sf,8,96,1,5241.104532287334,0.004232709000000057
airbnb_sf,8,96,2,4686.551595991082,0.0040597499999996955
airbnb_sf,8,96,3,5625.793631558292,0.0037380420000001635
airbnb_sf,8,96,4,4775.821996746999,0.006371166000000095
airbnb_sf,8,128,0,5270.029523899989,0.007790124999999648
airbnb_sf,8,128,1,5126.559233513346,0.011073875000000122
airbnb_sf,8,128,2,4856.241439844898,0.012828665999999878
airbnb_sf,8,128,3,4763.511328458721,0.011526209000000343
airbnb_sf,8,128,4,5006.2882668724615,0.009111333999999971
airbnb_sf,8,192,0,4922.247544948683,0.010118417000000157
airbnb_sf,8,192,1,4734.097299070043,0.010462834000000143
airbnb_sf,8,192,2,4750.389921856636,0.005682499999999813
airbnb_sf,8,192,3,4703.24367304546,0.009025375000000224
airbnb_sf,8,192,4,4823.664050786472,0.0077550000000004005
airbnb_sf,8,256,0,4959.476323862047,0.00590633300000043
airbnb_sf,8,256,1,4777.819540365937,0.005775040999999703
airbnb_sf,8,256,2,4573.643879699106,0.005133708999999875
airbnb_sf,8,256,3,4582.680254018136,0.00541233400000074
airbnb_sf,8,256,4,4530.3302505119955,0.011101625000000226
airbnb_sf,8,384,0,4645.433634100823,0.011719165999999781
airbnb_sf,8,384,1,4654.685391939462,0.007922042000000573
airbnb_sf,8,384,2,4764.502455795249,0.009888082999999881
airbnb_sf,8,384,3,4609.794480544352,0.009262542000000096
airbnb_sf,8,384,4,4535.728293777,0.007861709000000161
airbnb_sf,8,512,0,4631.7537036633,0.00882070800000001
airbnb_sf,8,512,1,4542.109430475336,0.01046354100000002
airbnb_sf,8,512,2,4466.478440520729,0.010038542000000206
airbnb_sf,8,512,3,4546.479125733084,0.010151582999999853
airbnb_sf,8,512,4,4443.4152439678,0.01352979199999993
airbnb_sf,8,768,0,4577.5214046057035,0.01205804200000049
airbnb_sf,8,768,1,4499.940551681224,0.011357124999999968
airbnb_sf,8,768,2,4426.054283532662,0.011130917000000018
airbnb_sf,8,768,3,4449.56201494917,0.012965874999999905
airbnb_sf,8,768,4,4421.33361672315,0.012785958000000264
airbnb_sf,8,1024,0,4497.533772055797,0.013697250000000771
airbnb_sf,8,1024,1,4450.35419904958,0.016615083000000475
airbnb_sf,8,1024,2,4427.9475709381795,0.014419207999999628
airbnb_sf,8,1024,3,4417.666927812494,0.0143184999999999
airbnb_sf,8,1024,4,4419.490540850978,0.013822000000000223
airbnb_sf,8,1536,0,4445.812292051135,0.028715082999999808
airbnb_sf,8,1536,1,4430.350981922236,0.030077290999999562
airbnb_sf,8,1536,2,4398.5511634545455,0.021503250000000307
airbnb_sf,8,1536,3,4407.182652122959,0.026387624999999915
airbnb_sf,8,1536,4,4429.090923526974,0.023486957999999447
airbnb_sf,8,2048,0,4434.8939984038025,0.0323920839999996
airbnb_sf,8,2048,1,4417.036613923148,0.03446579100000058
airbnb_sf,8,2048,2,4404.12055595978,0.03369879200000003
airbnb_sf,8,2048,3,4393.3151569051915,0.03681962500000058
airbnb_sf,8,2048,4,4427.876099070733,0.035851958000000295
airbnb_sf,8,3072,0,4422.990080415771,0.0483785000000001
airbnb_sf,8,3072,1,4404.596027262965,0.04315241699999994
airbnb_sf,8,3072,2,4397.798901061996,0.04976887500000071
airbnb_sf,8,3072,3,4380.224782649243,0.04757075000000022
airbnb_sf,8,3072,4,4417.501998578427,0.053848125000000024
airbnb_sf,8,4096,0,4392.406046648208,0.05823583400000043
airbnb_sf,8,4096,1,4404.574570104063,0.05642308399999951
airbnb_sf,8,4096,2,4391.826357020575,0.09517737499999956
airbnb_sf,8,4096,3,4378.402432802033,0.07427370899999985
airbnb_sf,8,4096,4,4379.7912778488635,0.07236975000000001
airbnb_sf,12,64,0,4216.868989099585,0.004771583000000135
airbnb_sf,12,64,1,4174.296888024202,0.00650300000000037
airbnb_sf,12,64,2,3878.959276430476,0.0058858750000005955
airbnb_sf,12,64,3,3968.098368975756,0.005352291999999537
airbnb_sf,12,64,4,3991.801680809341,0.005449375000000423
airbnb_sf,12,96,0,4011.006971748313,0.004874625000000243
airbnb_sf,12,96,1,3894.2223211157275,0.00587166700000008
airbnb_sf,12,96,2,3923.1656130477036,0.005553624999999229
airbnb_sf,12,96,3,3599.9307181408403,0.0046202500000003255
airbnb_sf,12,96,4,3684.2550741073774,0.00543495799999949
airbnb_sf,12,128,0,4104.087061076883,0.005501333999999858
airbnb_sf,12,128,1,3956.8837856053588,0.006116875000000022
airbnb_sf,12,128,2,3763.163292121347,0.006794082999999951
airbnb_sf,12,128,3,3476.9364456199537,0.005544249999999806
airbnb_sf,12,128,4,3807.602567573516,0.00580908400000002
airbnb_sf,12,192,0,3743.0588189418636,0.005672999999999817
airbnb_sf,12,192,1,3668.475136835911,0.005046624999999416
airbnb_sf,12,192,2,3512.3465846538156,0.005366291999999717
airbnb_sf,12,192,3,3454.220669366379,0.005197291999999187
airbnb_sf,12,192,4,3726.8322588429855,0.005546707999999789
airbnb_sf,12,256,0,3641.3753626324788,0.005904541000000485
airbnb_sf,12,256,1,3653.1275206974783,0.006256708999999638
airbnb_sf,12,256,2,3455.355104751756,0.005906041999999445
airbnb_sf,12,256,3,3436.0313372754968,0.005406791999999605
airbnb_sf,12,256,4,3656.1501376427095,0.006442707999999797
airbnb_sf,12,384,0,3559.6307450103477,0.008990041999999754
airbnb_sf,12,384,1,3544.206244316274,0.00798745799999967
airbnb_sf,12,384,2,3362.848002539455,0.007735582999999657
airbnb_sf,12,384,3,3399.1016095612877,0.008513959000000071
airbnb_sf,12,384,4,3433.167411404951,0.008389999999999453
airbnb_sf,12,512,0,3468.957557872892,0.009970666000000072
airbnb_sf,12,512,1,3490.8026526781928,0.009390917000000165
airbnb_sf,12,512,2,3316.7046091356624,0.010000874999999354
airbnb_sf,12,512,3,3383.7974547759404,0.011352082999999347
airbnb_sf,12,512,4,3396.2834101421067,0.007824624999999585
airbnb_sf,12,768,0,3335.269086658304,0.01573741699999953
airbnb_sf,12,768,1,3282.8290787960636,0.013287749999999932
airbnb_sf,12,768,2,3317.936140408051,0.0160489160000008
airbnb_sf,12,768,3,3386.937586674412,0.013548457999999819
airbnb_sf,12,768,4,3316.3239485560925,0.01630845799999925
airbnb_sf,12,1024,0,3285.3142902434074,0.01937862499999987
airbnb_sf,12,1024,1,3313.4394555746994,0.022375292000000435
airbnb_sf,12,1024,2,3427.720740893044,0.017115957999999765
airbnb_sf,12,1024,3,3270.7316654151577,0.017218124999999418
airbnb_sf,12,1024,4,3378.7253601577727,0.017880583000000172
airbnb_sf,12,1536,0,3245.81704540117,0.03129587499999964
airbnb_sf,12,1536,1,3289.7301377671724,0.03005562500000014
airbnb_sf,12,1536,2,3255.5459708883373,0.030673334000000274
airbnb_sf,12,1536,3,3247.7691818823514,0.03238099999999999
airbnb_sf,12,1536,4,3261.183768037742,0.02859241700000048
airbnb_sf,12,2048,0,3246.5880630867205,0.04657958400000073
airbnb_sf,12,2048,1,3255.1701139508864,0.041829374999999835
airbnb_sf,12,2048,2,3245.085502540396,0.0400814580000004
airbnb_sf,12,2048,3,3249.0587327672547,0.04065599999999936
airbnb_sf,12,2048,4,3255.3958863069743,0.04044416700000042
airbnb_sf,12,3072,0,3221.8572197341346,0.06334954200000009
airbnb_sf,12,3072,1,3232.6984144842236,0.07230899999999973
airbnb_sf,12,3072,2,3231.0430483496375,0.06118412499999959
airbnb_sf,12,3072,3,3228.9075237257853,0.06285816699999991
airbnb_sf,12,3072,4,3237.8159571440938,0.062224415999999394
airbnb_sf,12,4096,0,3223.5085036217833,0.08853795899999994
airbnb_sf,12,4096,1,3224.9128595053508,0.10066245799999951
airbnb_sf,12,4096,2,3225.981474021766,0.08794570800000034
airbnb_sf,12,4096,3,3233.0977268115166,0.08546520800000046
airbnb_sf,12,4096,4,3221.6571408709756,0.07666662500000054
airbnb_sf,16,64,0,3734.0015677613683,0.006607374999999749
airbnb_sf,16,64,1,3376.646445637186,0.007019500000000178
airbnb_sf,16,64,2,3119.629476244871,0.006260083999999999
airbnb_sf,16,64,3,3483.5620849603856,0.006116916999999944
airbnb_sf,16,64,4,3498.580372686787,0.005731249999999299
airbnb_sf,16,96,0,3618.104868704406,0.006601167000000352
airbnb_sf,16,96,1,3284.0527274850056,0.006587292000000744
airbnb_sf,16,96,2,3111.51443345438,0.00717458300000029
airbnb_sf,16,96,3,2871.3118103702727,0.0061760830000006095
airbnb_sf,16,96,4,3183.3407391657156,0.006538458999999719
airbnb_sf,16,128,0,3418.227761863647,0.00589995799999965
airbnb_sf,16,128,1,3284.206495552637,0.00629245799999989
airbnb_sf,16,128,2,3107.091324647782,0.007363832999999431
airbnb_sf,16,128,3,2940.7321536028576,0.007044082999999368
airbnb_sf,16,128,4,3202.788950260451,0.006710458000000585
airbnb_sf,16,192,0,3140.81099293896,0.006095375000000125
airbnb_sf,16,192,1,3135.113558428108,0.006172791999999205
airbnb_sf,16,192,2,2964.979453914462,0.007133332999999631
airbnb_sf,16,192,3,2957.5418042944057,0.00687583400000058
airbnb_sf,16,192,4,3029.458061728239,0.007178833000000218
airbnb_sf,16,256,0,3003.2323435735584,0.007012292000000642
airbnb_sf,16,256,1,3322.314976033058,0.007772333000000131
airbnb_sf,16,256,2,3023.0202114416597,0.008031375000001617
airbnb_sf,16,256,3,2997.832795474875,0.006650542000000925
airbnb_sf,16,256,4,2870.340338041413,0.007572999999998942
airbnb_sf,16,384,0,2886.327900034961,0.010103458000001453
airbnb_sf,16,384,1,2994.5758640674076,0.009896124999999145
airbnb_sf,16,384,2,2923.8681626427738,0.00956075000000034
airbnb_sf,16,384,3,2882.5021288560006,0.01053800000000038
airbnb_sf,16,384,4,2923.215935436814,0.021338333999999293
airbnb_sf,16,512,0,2980.4925389552236,0.024113249999999198
airbnb_sf,16,512,1,2876.215697319647,0.03065620899999999
airbnb_sf,16,512,2,2788.7667042754733,0.01439662499999983
airbnb_sf,16,512,3,2820.868186046643,0.01268670800000038
airbnb_sf,16,512,4,2809.117702329779,0.009544542000000433
airbnb_sf,16,768,0,2805.440663078355,0.014660790999998952
airbnb_sf,16,768,1,2748.5510044031944,0.017213082999999685
airbnb_sf,16,768,2,2766.0823390007463,0.015419958000000733
airbnb_sf,16,768,3,2722.7685905611297,0.01386108400000019
airbnb_sf,16,768,4,2814.4001771230182,0.014094917000001317
airbnb_sf,16,1024,0,2765.5632912781666,0.019303667000000857
airbnb_sf,16,1024,1,2672.460085748153,0.0207420410000001
airbnb_sf,16,1024,2,2758.3956883039855,0.019394000000000133
airbnb_sf,16,1024,3,2695.6714910268165,0.021940833999998688
airbnb_sf,16,1024,4,2667.211226429804,0.020499415999999826
airbnb_sf,16,1536,0,2723.8568498564387,0.028982375000000005
airbnb_sf,16,1536,1,2682.1704134783213,0.03156887499999961
airbnb_sf,16,1536,2,2669.7561898306913,0.033094457999998994
airbnb_sf,16,1536,3,2675.1338912673227,0.03136845799999932
airbnb_sf,16,1536,4,2687.6087386612326,0.035261874999999776
airbnb_sf,16,2048,0,2685.152772724712,0.03752245799999976
airbnb_sf,16,2048,1,2673.1182360354896,0.04074216700000122
airbnb_sf,16,2048,2,2685.968495878302,0.04062008399999861
airbnb_sf,16,2048,3,2680.0257668748486,0.04333833299999945
airbnb_sf,16,2048,4,2694.209742374405,0.04298633299999999
airbnb_sf,16,3072,0,2659.254566723329,0.06642891699999964
airbnb_sf,16,3072,1,2706.5892520391244,0.08001166700000084
airbnb_sf,16,3072,2,2675.5492159257697,0.07221991699999997
airbnb_sf,16,3072,3,2647.6530163652023,0.056818708999999856
airbnb_sf,16,3072,4,2675.019146639731,0.08080829200000039
airbnb_sf,16,4096,0,2670.4779145662333,0.08554866699999941
airbnb_sf,16,4096,1,2650.422168004203,0.09159641599999979
airbnb_sf,16,4096,2,2647.6840899969093,0.09396487500000106
airbnb_sf,16,4096,3,2636.9332275087413,0.09837541599999966
airbnb_sf,16,4096,4,2633.664727251757,0.08579670900000025
airbnb_sf,24,64,0,2774.9598114441324,0.007776375000000613
airbnb_sf,24,64,1,2668.89767762061,0.009058082999999328
airbnb_sf,24,64,2,2537.3934310247496,0.008537332999999592
airbnb_sf,24,64,3,2803.690908860552,0.008446957999998617
airbnb_sf,24,64,4,2756.0157599013255,0.007738915999999207
airbnb_sf,24,96,0,2762.511348449821,0.009123124999998566
airbnb_sf,24,96,1,2442.4421725138027,0.008699458000000604
airbnb_sf,24,96,2,2543.7094699488134,0.00766050000000007
airbnb_sf,24,96,3,2414.2686398050946,0.007824124999999071
airbnb_sf,24,96,4,2454.0510142350868,0.007781459000000268
airbnb_sf,24,128,0,2753.916679070316,0.009242957999999746
airbnb_sf,24,128,1,2510.8748905415314,0.0077984999999998195
airbnb_sf,24,128,2,2540.5890653993292,0.008711082999999675
airbnb_sf,24,128,3,2407.283098469699,0.008493167000001023
airbnb_sf,24,128,4,2363.070504239839,0.0076010420000010015
airbnb_sf,24,192,0,2488.8979353971326,0.007903749999998766
airbnb_sf,24,192,1,2343.0106258406604,0.008931375000001296
airbnb_sf,24,192,2,2435.4597454430877,0.008128958000000353
airbnb_sf,24,192,3,2312.417383558607,0.008673832999999576
airbnb_sf,24,192,4,2270.510260735128,0.00838162500000017
airbnb_sf,24,256,0,2513.629920596308,0.009232332999999926
airbnb_sf,24,256,1,2303.7832443550174,0.009110333000000637
airbnb_sf,24,256,2,2312.173326174501,0.008897041999999189
airbnb_sf,24,256,3,2340.8961327173306,0.008820209000001356
airbnb_sf,24,256,4,2237.9950393813306,0.00905354100000011
airbnb_sf,24,384,0,2336.919564953542,0.011386916999999386
airbnb_sf,24,384,1,2243.782167159181,0.01243949999999927
airbnb_sf,24,384,2,2235.6822349731638,0.012006125000000978
airbnb_sf,24,384,3,2257.634598786218,0.012133750000000276
airbnb_sf,24,384,4,2200.6792846542826,0.012521582999999836
airbnb_sf,24,512,0,2169.7473495916893,0.012813417000000271
airbnb_sf,24,512,1,2114.4646427125617,0.012226999999999322
airbnb_sf,24,512,2,2137.240841484615,0.011578332999999219
airbnb_sf,24,512,3,2225.8888814185166,0.012779417000000848
airbnb_sf,24,512,4,2129.871025614345,0.013436834000000175
airbnb_sf,24,768,0,2093.265916363952,0.01818974999999945
airbnb_sf,24,768,1,2093.079529578084,0.0194628330000004
airbnb_sf,24,768,2,2116.9417908672176,0.018917208999999602
airbnb_sf,24,768,3,2207.9679074057312,0.019077749999999227
airbnb_sf,24,768,4,2135.272486830865,0.01762633400000091
airbnb_sf,24,1024,0,2101.2032713894187,0.02316045799999955
airbnb_sf,24,1024,1,2029.5383770466335,0.02232354200000053
airbnb_sf,24,1024,2,2069.551086118742,0.023543708000000052
airbnb_sf,24,1024,3,2078.811252638382,0.024196082999999646
airbnb_sf,24,1024,4,2062.3736321284705,0.021312166999999604
airbnb_sf,24,1536,0,2023.8226476045097,0.037283084000000244
airbnb_sf,24,1536,1,2038.0271453130697,0.03684229200000111
airbnb_sf,24,1536,2,2002.5098383692748,0.029740207999999768
airbnb_sf,24,1536,3,2065.628306930804,0.03742775000000087
airbnb_sf,24,1536,4,2013.1221128133357,0.03423266700000127
airbnb_sf,24,2048,0,2021.682368034783,0.05096762500000018
airbnb_sf,24,2048,1,2032.3011267957677,0.046114540999999676
airbnb_sf,24,2048,2,2032.7568505558122,0.04230679199999976
airbnb_sf,24,2048,3,2009.6065197354822,0.04837312499999946
airbnb_sf,24,2048,4,2038.8743867516948,0.05057104199999962
airbnb_sf,24,3072,0,1984.4261779973037,0.07367116700000054
airbnb_sf,24,3072,1,1993.117530003332,0.07659516700000069
airbnb_sf,24,3072,2,2016.0423707024688,0.08623099999999972
airbnb_sf,24,3072,3,2053.1030764564057,0.06852508399999913
airbnb_sf,24,3072,4,1964.307746291412,0.06941074999999941
airbnb_sf,24,4096,0,1982.6788988254266,0.10218183300000128
airbnb_sf,24,4096,1,1964.8063639166353,0.10245766600000117
airbnb_sf,24,4096,2,1997.1007022551262,0.0932316249999996
airbnb_sf,24,4096,3,1999.4048415348511,0.09664712499999872
airbnb_sf,24,4096,4,1965.243835777699,0.11553575000000116
airbnb_sf,32,64,0,2422.0647142602857,0.012148291999999117
airbnb_sf,32,64,1,2340.592583018478,0.012270374999999945
airbnb_sf,32,64,2,2130.2893319181135,0.009706791000001047
airbnb_sf,32,64,3,2452.866878309611,0.010125457999999199
airbnb_sf,32,64,4,2237.0246059692527,0.01061154200000125
airbnb_sf,32,96,0,2319.0703868375867,0.009572583000000634
airbnb_sf,32,96,1,2100.269639712089,0.010501959000000838
airbnb_sf,32,96,2,2016.3257337576536,0.011709583000000023
airbnb_sf,32,96,3,2052.148029994157,0.010192874999999546
airbnb_sf,32,96,4,1940.5211286418937,0.009650582999999102
airbnb_sf,32,128,0,2260.39885652993,0.01050370799999989
airbnb_sf,32,128,1,2065.4327660186455,0.013084624999999406
airbnb_sf,32,128,2,2061.035340229437,0.012188625000000286
airbnb_sf,32,128,3,2063.719705104894,0.01243483400000045
airbnb_sf,32,128,4,1932.5662290679475,0.012843749999998266
airbnb_sf,32,192,0,2109.3719913863424,0.013447541999999757
airbnb_sf,32,192,1,1926.5780608562782,0.023931915999998665
airbnb_sf,32,192,2,2034.5274652405008,0.019712042000000096
airbnb_sf,32,192,3,2022.5868821478855,0.023608125000000868
airbnb_sf,32,192,4,1873.416745441838,0.017710958000000332
airbnb_sf,32,256,0,1991.982339467243,0.016177374999999827
airbnb_sf,32,256,1,1914.2412729670305,0.012807999999999709
airbnb_sf,32,256,2,1827.7048312145464,0.014651708999998903
airbnb_sf,32,256,3,1916.8300212327197,0.01347524999999905
airbnb_sf,32,256,4,1857.6957082740237,0.012665000000000148
airbnb_sf,32,384,0,1880.4161714832671,0.016136249999998853
airbnb_sf,32,384,1,1880.8896805077782,0.016957540999998244
airbnb_sf,32,384,2,1771.446931964174,0.014770583999998976
airbnb_sf,32,384,3,1853.0999610345684,0.015182291000000347
airbnb_sf,32,384,4,1761.5767315253652,0.015730582999999854
airbnb_sf,32,512,0,1831.1591399902945,0.016980208999999746
airbnb_sf,32,512,1,1780.4579719916505,0.015662125000000415
airbnb_sf,32,512,2,1735.214534977934,0.017535457999999338
airbnb_sf,32,512,3,1768.3774471520123,0.015569167000000661
airbnb_sf,32,512,4,1675.3625589142468,0.017986208000001724
airbnb_sf,32,768,0,1675.10858115865,0.024424500000000293
airbnb_sf,32,768,1,1673.0075886193083,0.021232999999998725
airbnb_sf,32,768,2,1733.7168113566504,0.022496041000000133
airbnb_sf,32,768,3,1715.105097632419,0.020629374999998618
airbnb_sf,32,768,4,1647.0182355492057,0.02103499999999947
airbnb_sf,32,1024,0,1640.9189758579207,0.02685570899999945
airbnb_sf,32,1024,1,1682.4921811197428,0.026573292000000137
airbnb_sf,32,1024,2,1728.8378224156368,0.02782037499999923
airbnb_sf,32,1024,3,1689.8296807967665,0.02813304200000033
airbnb_sf,32,1024,4,1663.3307015506862,0.028851541999999952
airbnb_sf,32,1536,0,1641.7034603489542,0.03789762499999938
airbnb_sf,32,1536,1,1644.3661551275895,0.04059491599999987
airbnb_sf,32,1536,2,1607.1843128461653,0.034772207999999694
airbnb_sf,32,1536,3,1638.1372371601665,0.03690083299999891
airbnb_sf,32,1536,4,1619.395034859645,0.039656374999999855
airbnb_sf,32,2048,0,1610.5181371851736,0.05206791700000046
airbnb_sf,32,2048,1,1604.774627673694,0.04675491699999945
airbnb_sf,32,2048,2,1618.2449597284494,0.05146533299999945
airbnb_sf,32,2048,3,1605.5279509594602,0.04933933400000079
airbnb_sf,32,2048,4,1553.2897237299148,0.05757195900000056
airbnb_sf,32,3072,0,1601.4622070684145,0.07649466600000032
airbnb_sf,32,3072,1,1581.9489182949617,0.07654362499999934
airbnb_sf,32,3072,2,1595.9954118515598,0.07372670900000067
airbnb_sf,32,3072,3,1587.1883213514006,0.07952641600000021
airbnb_sf,32,3072,4,1581.682367343916,0.07908808300000025
airbnb_sf,32,4096,0,1547.6326525141233,0.0950015000000004
airbnb_sf,32,4096,1,1552.6217901292412,0.10940341700000111
airbnb_sf,32,4096,2,1591.0846425056827,0.11369420900000016
airbnb_sf,32,4096,3,1563.7867588520808,0.11462487500000051
airbnb_sf,32,4096,4,1550.3268100769637,0.10682545799999943
airbnb_sf,48,64,0,1944.8835258411486,0.014909999999998647
airbnb_sf,48,64,1,1954.670913606277,0.013717416000000426
airbnb_sf,48,64,2,1771.8065360022595,0.013720000000001065
airbnb_sf,48,64,3,1977.9149082736426,0.01395287499999931
airbnb_sf,48,64,4,1830.5943639556363,0.013933583000000027
airbnb_sf,48,96,0,1772.787646384741,0.01562433299999988
airbnb_sf,48,96,1,1785.2433683429017,0.01561399999999935
airbnb_sf,48,96,2,1645.7292394751616,0.014227083000001528
airbnb_sf,48,96,3,1655.3555871436959,0.013582165999999063
airbnb_sf,48,96,4,1563.7908398450845,0.014649458999999254
airbnb_sf,48,128,0,1716.858304444624,0.014124374999999745
airbnb_sf,48,128,1,1647.8284855526927,0.014441916999999194
airbnb_sf,48,128,2,1634.0594651564543,0.015411542000000722
airbnb_sf,48,128,3,1599.6489962347462,0.0148446670000002
airbnb_sf,48,128,4,1499.7014759676715,0.014166916999998946
airbnb_sf,48,192,0,1631.9684428728392,0.017493583000000257
airbnb_sf,48,192,1,1499.7399391441402,0.016188791999999452
airbnb_sf,48,192,2,1519.2704411206328,0.016471125000000697
airbnb_sf,48,192,3,1553.6657476830867,0.01682466699999985
airbnb_sf,48,192,4,1417.7806465108358,0.016431166000000275
airbnb_sf,48,256,0,1502.7480685026308,0.018126915999999937
airbnb_sf,48,256,1,1487.5058933358841,0.01821570799999961
airbnb_sf,48,256,2,1407.5260882107414,0.017956583000000137
airbnb_sf,48,256,3,1536.8964102680548,0.01784462500000039
airbnb_sf,48,256,4,1412.2243916234033,0.020161749999999756
airbnb_sf,48,384,0,1516.0681666484406,0.021814000000000888
airbnb_sf,48,384,1,1400.5208611357175,0.02201224999999951
airbnb_sf,48,384,2,1313.5935489026951,0.02180770800000076
airbnb_sf,48,384,3,1362.2266638358974,0.021848415999999204
airbnb_sf,48,384,4,1281.5464922821275,0.023454624999999396
airbnb_sf,48,512,0,1399.0679730882543,0.024429292000000657
airbnb_sf,48,512,1,1353.5654792050125,0.023400999999999783
airbnb_sf,48,512,2,1288.1504415792313,0.02311083299999872
airbnb_sf,48,512,3,1379.3206470382793,0.024022416999999407
airbnb_sf,48,512,4,1287.6617501534888,0.022695208000000022
airbnb_sf,48,768,0,1295.6723354762726,0.029055459000000283
airbnb_sf,48,768,1,1299.1836159622123,0.02741095799999904
airbnb_sf,48,768,2,1284.4535774054023,0.030120833999999874
airbnb_sf,48,768,3,1306.83804384743,0.029055791000001108
airbnb_sf,48,768,4,1240.699843689683,0.028539458000000906
airbnb_sf,48,1024,0,1242.276364040889,0.032448957999999806
airbnb_sf,48,1024,1,1250.6386903642947,0.032828709000000345
airbnb_sf,48,1024,2,1225.5545763322284,0.030692625000000362
airbnb_sf,48,1024,3,1254.7319427210616,0.033034000000000674
airbnb_sf,48,1024,4,1215.34236409593,0.03090833399999937
airbnb_sf,48,1536,0,1197.4999730951654,0.04518979199999862
airbnb_sf,48,1536,1,1250.6128766226254,0.042724417000000514
airbnb_sf,48,1536,2,1210.6540480633198,0.044231124999999594
airbnb_sf,48,1536,3,1249.1027290176553,0.04414225000000016
airbnb_sf,48,1536,4,1196.685949941333,0.04763229199999941
airbnb_sf,48,2048,0,1203.8913251097115,0.05881362500000087
airbnb_sf,48,2048,1,1200.4830940952452,0.056284416999998754
airbnb_sf,48,2048,2,1194.9671877170654,0.062039167000000006
airbnb_sf,48,2048,3,1220.497441093391,0.054082415999999967
airbnb_sf,48,2048,4,1172.399493808939,0.056305250000001195
airbnb_sf,48,3072,0,1180.8609558310632,0.0881509170000001
airbnb_sf,48,3072,1,1168.3607033511832,0.09019012499999945
airbnb_sf,48,3072,2,1176.5671339358823,0.09020133399999963
airbnb_sf,48,3072,3,1179.5423892209537,0.09388929200000007
airbnb_sf,48,3072,4,1168.3325905968277,0.08184629099999974
airbnb_sf,48,4096,0,1169.4460057004273,0.09977245900000042
airbnb_sf,48,4096,1,1170.3076650217179,0.10641429200000019
airbnb_sf,48,4096,2,1152.6122160056802,0.11139645799999975
airbnb_sf,48,4096,3,1175.5378117053385,0.11072233400000009
airbnb_sf,48,4096,4,1153.4445198451426,0.12287587500000008
airbnb_sf,64,96,0,1550.722026199108,0.02289949999999763
airbnb_sf,64,96,1,1532.5515226065697,0.02148133400000063
airbnb_sf,64,96,2,1457.7294494025914,0.02072737499999988
airbnb_sf,64,96,3,1421.8689694571972,0.022575917000001056
airbnb_sf,64,96,4,1342.8386512732827,0.023492832999998825
airbnb_sf,64,128,0,1489.7556472281983,0.02423512500000058
airbnb_sf,64,128,1,1428.9355023595954,0.022670417000000498
airbnb_sf,64,128,2,1387.1251457609042,0.023031624999998
airbnb_sf,64,128,3,1350.846924809403,0.02298929199999833
airbnb_sf,64,128,4,1318.1403735186038,0.02287745799999996
airbnb_sf,64,192,0,1394.7750326677833,0.02253225000000114
airbnb_sf,64,192,1,1314.3010915321552,0.023158834000000184
airbnb_sf,64,192,2,1337.953336165891,0.02330679099999955
airbnb_sf,64,192,3,1354.2852296953888,0.023207291999998603
airbnb_sf,64,192,4,1201.4130806687208,0.022708832999999373
airbnb_sf,64,256,0,1288.8410332575277,0.027194582999999994
airbnb_sf,64,256,1,1270.5965750633286,0.04741691599999953
airbnb_sf,64,256,2,1220.401813643315,0.03130837500000183
airbnb_sf,64,256,3,1309.7260602440492,0.024615167000000326
airbnb_sf,64,256,4,1168.0680666609592,0.023445584000000963
airbnb_sf,64,384,0,1228.5333715057236,0.026053916000002175
airbnb_sf,64,384,1,1128.8405371861377,0.029225457999999094
airbnb_sf,64,384,2,1114.2547464358568,0.029269542000001536
airbnb_sf,64,384,3,1176.038310985317,0.02791220800000005
airbnb_sf,64,384,4,1092.3246424034862,0.0250814580000025
airbnb_sf,64,512,0,1190.2014571707555,0.027515665999999328
airbnb_sf,64,512,1,1136.3807950630567,0.028435291999997503
airbnb_sf,64,512,2,1051.4622836783074,0.027541916000000555
airbnb_sf,64,512,3,1102.0709162066578,0.026567791999998036
airbnb_sf,64,512,4,1042.030084104139,0.02903624999999721
airbnb_sf,64,768,0,1055.8610374587763,0.03262745800000033
airbnb_sf,64,768,1,1056.6922419071782,0.03364504199999985
airbnb_sf,64,768,2,1014.3622146690524,0.031186290999997368
airbnb_sf,64,768,3,1101.2310382669325,0.03319941699999873
airbnb_sf,64,768,4,1024.557647333838,0.03292004200000065
airbnb_sf,64,1024,0,1045.818997028698,0.03864850000000075
airbnb_sf,64,1024,1,1037.8186203904643,0.037934374999998965
airbnb_sf,64,1024,2,1023.4172619367072,0.038869999999999294
airbnb_sf,64,1024,3,1054.056186816965,0.03860545800000281
airbnb_sf,64,1024,4,1030.4224093506489,0.035577666000001784
airbnb_sf,64,1536,0,1005.1210638600103,0.04956387500000048
airbnb_sf,64,1536,1,986.7415527494362,0.054820208000002424
airbnb_sf,64,1536,2,984.52253152617,0.05078291599999929
airbnb_sf,64,1536,3,1025.4994435727588,0.05110941699999927
airbnb_sf,64,1536,4,1009.0018605466739,0.05185370799999944
airbnb_sf,64,2048,0,976.9148987306269,0.06301712500000178
airbnb_sf,64,2048,1,973.755694281954,0.06888495800000172
airbnb_sf,64,2048,2,951.732856389095,0.06875545799999827
airbnb_sf,64,2048,3,997.211524183035,0.063672167
airbnb_sf,64,2048,4,984.682542149739,0.06353662499999757
airbnb_sf,64,3072,0,966.5197280695778,0.098926917
airbnb_sf,64,3072,1,952.3847425401159,0.09434449999999828
airbnb_sf,64,3072,2,958.1246547119645,0.08868666700000105
airbnb_sf,64,3072,3,971.4634574818701,0.10079500000000152
airbnb_sf,64,3072,4,970.2981106510108,0.09679724999999806
airbnb_sf,64,4096,0,937.9416967494832,0.15219916699999914
airbnb_sf,64,4096,1,961.4806798475124,0.1328986669999992
airbnb_sf,64,4096,2,951.6831078517184,0.1269820000000017
airbnb_sf,64,4096,3,943.5933221796158,0.1395472919999996
airbnb_sf,64,4096,4,942.8097475319939,0.13637345800000134
boris_citibike_2d,2,64,0,2186038.9903531573,0.01251204200000089
boris_citibike_2d,2,64,1,2295176.911175768,0.011370250000002358
boris_citibike_2d,2,64,2,2280812.425000167,0.010703375000002069
boris_citibike_2d,2,64,3,2195515.5900688786,0.010407208000000168
boris_citibike_2d,2,64,4,2176678.901826601,0.009619499999999448
boris_citibike_2d,2,96,0,2190959.520756709,0.009127416000001887
boris_citibike_2d,2,96,1,2224703.775314884,0.012435959000001162
boris_citibike_2d,2,96,2,2236668.8662296776,0.015410541999997918
boris_citibike_2d,2,96,3,2204704.6612048196,0.013107832999999403
boris_citibike_2d,2,96,4,2171732.860296861,0.01053858299999888
boris_citibike_2d,2,128,0,2154934.0603111847,0.011360583000001867
boris_citibike_2d,2,128,1,2255624.176404483,0.01053370800000053
boris_citibike_2d,2,128,2,2200434.546526904,0.009234165999998822
boris_citibike_2d,2,128,3,2168360.602232795,0.009981082999999558
boris_citibike_2d,2,128,4,2160860.91218453,0.011293666999996788
boris_citibike_2d,2,192,0,2155890.793734626,0.009448665999997274
boris_citibike_2d,2,192,1,2262081.757490719,0.010593207999999521
boris_citibike_2d,2,192,2,2312755.8770231013,0.010187957999999497
boris_citibike_2d,2,192,3,2159953.119622547,0.011114958000000286
boris_citibike_2d,2,192,4,2168250.3046900257,0.009883583000000584
boris_citibike_2d,2,256,0,2153146.568105653,0.009905874999997621
boris_citibike_2d,2,256,1,2263423.060691832,0.01094133299999811
boris_citibike_2d,2,256,2,2188249.565142409,0.010888666999999685
boris_citibike_2d,2,256,3,2163831.785932253,0.015314834000001554
boris_citibike_2d,2,256,4,2154690.0676045385,0.013659582999999031
boris_citibike_2d,2,384,0,2153645.881569439,0.01606558399999969
boris_citibike_2d,2,384,1,2165903.719685833,0.015102249999998207
boris_citibike_2d,2,384,2,2182524.5038625086,0.01319270800000183
boris_citibike_2d,2,384,3,2156521.3170834924,0.015685084000001126
boris_citibike_2d,2,384,4,2157642.745758281,0.012663208999999398
boris_citibike_2d,2,512,0,2151964.2746122563,0.013554333000001861
boris_citibike_2d,2,512,1,2163236.5458825757,0.01644737500000204
boris_citibike_2d,2,512,2,2158705.7088201893,0.015000333999999782
boris_citibike_2d,2,512,3,2151178.6906708535,0.018437000000002257
boris_citibike_2d,2,512,4,2159193.027289526,0.01698195800000235
boris_citibike_2d,2,768,0,2151935.309849599,0.017995415999997988
boris_citibike_2d,2,768,1,2154251.2799270833,0.020010541000001325
boris_citibike_2d,2,768,2,2164103.827468886,0.01800191599999934
boris_citibike_2d,2,768,3,2152542.401420448,0.020144832999999807
boris_citibike_2d,2,768,4,2153870.212714326,0.016224749999999233
boris_citibike_2d,2,1024,0,2153554.211199025,0.02021970799999906
boris_citibike_2d,2,1024,1,2152839.7122350996,0.031156542000001508
boris_citibike_2d,2,1024,2,2171683.328837891,0.02839750000000052
boris_citibike_2d,2,1024,3,2151805.6959558004,0.02311516700000027
boris_citibike_2d,2,1024,4,2152415.5345179723,0.02062587500000035
boris_citibike_2d,2,1536,0,2152685.4866091064,0.027773499999998563
boris_citibike_2d,2,1536,1,2151190.5566082587,0.02806170899999927
boris_citibike_2d,2,1536,2,2167457.760206732,0.03721262499999867
boris_citibike_2d,2,1536,3,2151321.5238712276,0.029230500000000603
boris_citibike_2d,2,1536,4,2154046.4043507865,0.024430833000000263
boris_citibike_2d,2,2048,0,2151229.9145529345,0.03209479199999876
boris_citibike_2d,2,2048,1,2151751.3575353967,0.03193200000000118
boris_citibike_2d,2,2048,2,2157969.5871213316,0.04116279199999795
boris_citibike_2d,2,2048,3,2151165.772181875,0.058016832999999934
boris_citibike_2d,2,2048,4,2151234.5594773516,0.03861137499999856
boris_citibike_2d,2,3072,0,2150519.2725807913,0.05818458299999918
boris_citibike_2d,2,3072,1,2150460.2501266887,0.045759832999998196
boris_citibike_2d,2,3072,2,2154581.169326188,0.04560650000000166
boris_citibike_2d,2,3072,3,2151153.4101544353,0.05583891599999902
boris_citibike_2d,2,3072,4,2150255.260575889,0.055871374999998835
boris_citibike_2d,2,4096,0,2150533.1976003237,0.05798720800000012
boris_citibike_2d,2,4096,1,2152020.8266289635,0.05247433299999926
boris_citibike_2d,2,4096,2,2152843.361284184,0.05989791599999705
boris_citibike_2d,2,4096,3,2150355.3654574607,0.05649062499999857
boris_citibike_2d,2,4096,4,2150046.579350612,0.0652317910000022
boris_citibike_2d,2,8192,0,2150317.4102770784,0.06175900000000212
boris_citibike_2d,2,8192,1,2150097.2400431745,0.061726708999998436
boris_citibike_2d,2,8192,2,2152142.354596206,0.07832695800000167
boris_citibike_2d,2,8192,3,2151588.626686988,0.09245362500000098
boris_citibike_2d,2,8192,4,2150115.418260648,0.061647000000000673
boris_citibike_2d,3,64,0,1622532.165043532,0.010961625000000197
boris_citibike_2d,3,64,1,1695126.3769208097,0.01219920800000196
boris_citibike_2d,3,64,2,1726264.6501566286,0.010800249999999068
boris_citibike_2d,3,64,3,1641639.77174838,0.010917666000000992
boris_citibike_2d,3,64,4,1572048.7748556554,0.010207292000000479
boris_citibike_2d,3,96,0,1563529.251117301,0.010319750000000738
boris_citibike_2d,3,96,1,1623154.945370536,0.01034704099999928
boris_citibike_2d,3,96,2,1640924.232328759,0.010693207999999288
boris_citibike_2d,3,96,3,1594448.685082638,0.011157834000002254
boris_citibike_2d,3,96,4,1593077.5541992963,0.01022058299999884
boris_citibike_2d,3,128,0,1548094.905103258,0.010509875000000335
boris_citibike_2d,3,128,1,1623135.6126883046,0.011121583999997853
boris_citibike_2d,3,128,2,1610108.569454962,0.009776291999997966
boris_citibike_2d,3,128,3,1578210.4802640006,0.01113975000000167
boris_citibike_2d,3,128,4,1563279.2907087798,0.009609084000000934
boris_citibike_2d,3,192,0,1549225.8341790726,0.010529000000001787
boris_citibike_2d,3,192,1,1593024.5930873773,0.011489166000000495
boris_citibike_2d,3,192,2,1599549.286637527,0.011630000000000251
boris_citibike_2d,3,192,3,1545449.9106773494,0.010517124999999794
boris_citibike_2d,3,192,4,1560985.9288032684,0.010499584000001505
boris_citibike_2d,3,256,0,1545996.002758395,0.011831125000000497
boris_citibike_2d,3,256,1,1587366.9829401725,0.010372708999998537
boris_citibike_2d,3,256,2,1580220.5702204613,0.010726667000000134
boris_citibike_2d,3,256,3,1549227.9854668477,0.01112095899999943
boris_citibike_2d,3,256,4,1553353.294410834,0.01171495899999897
boris_citibike_2d,3,384,0,1538431.391903657,0.013780917000001836
boris_citibike_2d,3,384,1,1562234.913161467,0.014217041999998514
boris_citibike_2d,3,384,2,1548573.5013674663,0.014675125000000122
boris_citibike_2d,3,384,3,1535426.3820208893,0.013683125000000018
boris_citibike_2d,3,384,4,1556905.181340201,0.014370667000001447
boris_citibike_2d,3,512,0,1536494.1697210956,0.013402917000000514
boris_citibike_2d,3,512,1,1554850.5067544351,0.013145459000000415
boris_citibike_2d,3,512,2,1542171.629703705,0.015088875000000002
boris_citibike_2d,3,512,3,1538273.3607001211,0.01693562500000212
boris_citibike_2d,3,512,4,1551445.0473819864,0.014799582999998506
boris_citibike_2d,3,768,0,1534477.2564826964,0.01458891700000109
boris_citibike_2d,3,768,1,1542369.6412768567,0.016426666000000978
boris_citibike_2d,3,768,2,1544150.748722405,0.018057333999998093
boris_citibike_2d,3,768,3,1537652.5254949396,0.026230000000001752
boris_citibike_2d,3,768,4,1538736.4610340302,0.01770554200000163
boris_citibike_2d,3,1024,0,1534272.5236341509,0.01906774999999783
boris_citibike_2d,3,1024,1,1539540.7871703715,0.020523667000002632
boris_citibike_2d,3,1024,2,1549620.066052634,0.020165582999997156
boris_citibike_2d,3,1024,3,1535871.6241461348,0.025249500000001035
boris_citibike_2d,3,1024,4,1535923.7216524684,0.01805616600000093
boris_citibike_2d,3,1536,0,1533853.6139560211,0.02880695800000055
boris_citibike_2d,3,1536,1,1535010.1074983785,0.025817916999997692
boris_citibike_2d,3,1536,2,1541903.7326449854,0.0264577920000022
boris_citibike_2d,3,1536,3,1534325.1851770834,0.03158791599999944
boris_citibike_2d,3,1536,4,1534033.5641293847,0.024522333000000174
boris_citibike_2d,3,2048,0,1533603.093974818,0.029726665999998403
boris_citibike_2d,3,2048,1,1535218.0246434542,0.03218533300000104
boris_citibike_2d,3,2048,2,1536285.3810180803,0.03220241600000051
boris_citibike_2d,3,2048,3,1534213.771562697,0.033780291999999434
boris_citibike_2d,3,2048,4,1533236.8358198716,0.03362145800000249
boris_citibike_2d,3,3072,0,1532633.3735240162,0.04576658299999892
boris_citibike_2d,3,3072,1,1532540.8183000467,0.045855332999998666
boris_citibike_2d,3,3072,2,1535932.8191478432,0.043842499999996676
boris_citibike_2d,3,3072,3,1533363.8834212255,0.04768133299999988
boris_citibike_2d,3,3072,4,1532824.4792125837,0.038771541999999215
boris_citibike_2d,3,4096,0,1533168.6537316951,0.04748083399999814
boris_citibike_2d,3,4096,1,1532612.9250156935,0.06674329199999818
boris_citibike_2d,3,4096,2,1534077.0773900996,0.06746716600000013
boris_citibike_2d,3,4096,3,1533802.460616036,0.05040391600000049
boris_citibike_2d,3,4096,4,1532721.1117794677,0.05698429200000277
boris_citibike_2d,3,8192,0,1532094.1612802076,0.05435845799999939
boris_citibike_2d,3,8192,1,1532853.8189670467,0.06189895800000045
boris_citibike_2d,3,8192,2,1532747.2762928375,0.07791062499999768
boris_citibike_2d,3,8192,3,1534137.2635679496,0.06665724999999867
boris_citibike_2d,3,8192,4,1532472.1859268495,0.057573541000000006
boris_citibike_2d,4,64,0,1388627.2378781594,0.0106538750000027
boris_citibike_2d,4,64,1,1562602.1985573277,0.011879833999998368
boris_citibike_2d,4,64,2,1392440.0715973775,0.009866957999999926
boris_citibike_2d,4,64,3,1467028.9999483854,0.01106937499999816
boris_citibike_2d,4,64,4,1311658.6937559342,0.009316041000001718
boris_citibike_2d,4,96,0,1318699.534328376,0.010004666000000384
boris_citibike_2d,4,96,1,1338963.2799310493,0.010612874999999633
boris_citibike_2d,4,96,2,1371045.4782526076,0.010590457999999359
boris_citibike_2d,4,96,3,1305699.2417220967,0.01105754099999956
boris_citibike_2d,4,96,4,1278466.5346547489,0.010870666000002416
boris_citibike_2d,4,128,0,1375364.5474722297,0.010633665999996822
boris_citibike_2d,4,128,1,1362008.8431859293,0.01072900000000132
boris_citibike_2d,4,128,2,1286991.2251728203,0.011051915999999551
boris_citibike_2d,4,128,3,1285779.8382791884,0.010454750000000956
boris_citibike_2d,4,128,4,1279496.7124438114,0.014274165999999866
boris_citibike_2d,4,192,0,1296741.3907805204,0.010415458000000655
boris_citibike_2d,4,192,1,1365614.9978857813,0.011700165999997125
boris_citibike_2d,4,192,2,1269886.3202888756,0.012063458000000082
boris_citibike_2d,4,192,3,1273600.165144481,0.010247750000001332
boris_citibike_2d,4,192,4,1265566.1588382865,0.011154540999999796
boris_citibike_2d,4,256,0,1278447.3935213066,0.010804166999999865
boris_citibike_2d,4,256,1,1346159.4537286323,0.010245540999999747
boris_citibike_2d,4,256,2,1278662.6243381884,0.012048957999997612
boris_citibike_2d,4,256,3,1265431.4453275683,0.011997000000000924
boris_citibike_2d,4,256,4,1262502.2742878804,0.01136116700000045
boris_citibike_2d,4,384,0,1267130.5966451685,0.015017249999999649
boris_citibike_2d,4,384,1,1303361.82807874,0.017905542000001162
boris_citibike_2d,4,384,2,1270795.5903693363,0.015596999999999639
boris_citibike_2d,4,384,3,1249907.9835434551,0.018407708999998107
boris_citibike_2d,4,384,4,1260876.7626697228,0.014950999999999937
boris_citibike_2d,4,512,0,1268010.1897161421,0.01598358400000066
boris_citibike_2d,4,512,1,1288140.7995000486,0.018204499999999513
boris_citibike_2d,4,512,2,1255691.509417517,0.014302874999998494
boris_citibike_2d,4,512,3,1250829.2811531194,0.018148916999997766
boris_citibike_2d,4,512,4,1260631.4959477743,0.01566270800000069
boris_citibike_2d,4,768,0,1256567.3119614588,0.018401708999999045
boris_citibike_2d,4,768,1,1273958.7125734559,0.023946625000000665
boris_citibike_2d,4,768,2,1262068.3145431725,0.020008958999998327
boris_citibike_2d,4,768,3,1248843.6520015032,0.022102999999997763
boris_citibike_2d,4,768,4,1251167.438292374,0.021985707999998994
boris_citibike_2d,4,1024,0,1250973.5911555917,0.023648500000000183
boris_citibike_2d,4,1024,1,1273540.2022454655,0.021767750000002195
boris_citibike_2d,4,1024,2,1263062.445052797,0.028664458000001503
boris_citibike_2d,4,1024,3,1253483.7393919898,0.02966904099999823
boris_citibike_2d,4,1024,4,1250102.055434991,0.024869457999997735
boris_citibike_2d,4,1536,0,1248971.9033785681,0.032908625000001024
boris_citibike_2d,4,1536,1,1259531.6081329659,0.03742195799999948
boris_citibike_2d,4,1536,2,1258153.23145375,0.036832084000000265
boris_citibike_2d,4,1536,3,1250448.788508692,0.03322083400000153
boris_citibike_2d,4,1536,4,1249296.2735739015,0.03510999999999953
boris_citibike_2d,4,2048,0,1248658.6009695777,0.05966154200000062
boris_citibike_2d,4,2048,1,1251942.674475957,0.04017691600000006
boris_citibike_2d,4,2048,2,1260252.246632279,0.04670429099999751
boris_citibike_2d,4,2048,3,1249645.2298582457,0.035820624999999495
boris_citibike_2d,4,2048,4,1248784.4514295424,0.04684299999999908
boris_citibike_2d,4,3072,0,1248624.0507817776,0.08265474999999967
boris_citibike_2d,4,3072,1,1249272.9896018896,0.05376449999999977
boris_citibike_2d,4,3072,2,1255300.9657416877,0.05554091600000177
boris_citibike_2d,4,3072,3,1248155.9841874943,0.07593395800000025
boris_citibike_2d,4,3072,4,1248710.4934837727,0.06397366600000254
boris_citibike_2d,4,4096,0,1248100.4050483895,0.10083000000000197
boris_citibike_2d,4,4096,1,1249385.8894613434,0.08423337500000017
boris_citibike_2d,4,4096,2,1249320.88372157,0.0848650830000004
boris_citibike_2d,4,4096,3,1248263.1955524709,0.0716070000000002
boris_citibike_2d,4,4096,4,1247948.873061995,0.07806137500000077
boris_citibike_2d,4,8192,0,1247273.2156361158,0.08727683400000075
boris_citibike_2d,4,8192,1,1248015.2243697983,0.08187283399999856
boris_citibike_2d,4,8192,2,1247804.2753768957,0.09257041599999738
boris_citibike_2d,4,8192,3,1247868.9768184018,0.08859370899999774
boris_citibike_2d,4,8192,4,1248101.0883509943,0.09647312499999927
boris_citibike_2d,6,64,0,1088917.0203695786,0.00972587499999733
boris_citibike_2d,6,64,1,1189796.237880488,0.010583416999999429
boris_citibike_2d,6,64,2,1224095.189728158,0.009644749999999647
boris_citibike_2d,6,64,3,1222809.7669023457,0.010925583000002348
boris_citibike_2d,6,64,4,1070240.2643819116,0.010132999999999726
boris_citibike_2d,6,96,0,1078018.461803454,0.010969707999997524
boris_citibike_2d,6,96,1,1053898.8336210265,0.011189458000000485
boris_citibike_2d,6,96,2,1097017.8464583424,0.011050334000000106
boris_citibike_2d,6,96,3,1077183.1970672077,0.01095225000000255
boris_citibike_2d,6,96,4,1065091.7596987125,0.011722082999998662
boris_citibike_2d,6,128,0,1088256.5512350574,0.01197320900000065
boris_citibike_2d,6,128,1,1072169.4744287508,0.011364624999998796
boris_citibike_2d,6,128,2,1046778.5754341119,0.011619958000000707
boris_citibike_2d,6,128,3,1054392.7033825861,0.023822209000002204
boris_citibike_2d,6,128,4,1047888.1592731532,0.018283707999998455
boris_citibike_2d,6,192,0,1065819.2394775061,0.0117685829999985
boris_citibike_2d,6,192,1,1065094.2490256529,0.011463249999998482
boris_citibike_2d,6,192,2,1026165.6742371444,0.012778167000000451
boris_citibike_2d,6,192,3,1016610.632689803,0.012371167000001293
boris_citibike_2d,6,192,4,1040863.9205737432,0.012167292000000884
boris_citibike_2d,6,256,0,1029491.8700088362,0.011795000000002887
boris_citibike_2d,6,256,1,1058700.6979143983,0.012208958000002212
boris_citibike_2d,6,256,2,1028058.9191296613,0.01369345799999877
boris_citibike_2d,6,256,3,1005515.0732873188,0.01143041599999961
boris_citibike_2d,6,256,4,1005863.268538189,0.011885875000000823
boris_citibike_2d,6,384,0,1007747.8728586902,0.01623645800000162
boris_citibike_2d,6,384,1,1010233.8087092406,0.01625175000000212
boris_citibike_2d,6,384,2,1018737.2195525769,0.01760204200000004
boris_citibike_2d,6,384,3,1014302.5659465721,0.016520708999998135
boris_citibike_2d,6,384,4,1005631.299820805,0.015448916000000423
boris_citibike_2d,6,512,0,1014212.083195882,0.018940457999999438
boris_citibike_2d,6,512,1,1007554.7754119915,0.03626795799999982
boris_citibike_2d,6,512,2,1002857.2335324272,0.02287179100000003
boris_citibike_2d,6,512,3,999603.9974642973,0.018377667000002873
boris_citibike_2d,6,512,4,1005833.4435079341,0.01801045799999912
boris_citibike_2d,6,768,0,1019131.2064432383,0.021738500000001437
boris_citibike_2d,6,768,1,1003186.5597603444,0.021086541999999042
boris_citibike_2d,6,768,2,998784.2986774616,0.022078332999999617
boris_citibike_2d,6,768,3,1010865.8190260096,0.023674083999999596
boris_citibike_2d,6,768,4,997038.4658770402,0.027048332999999758
boris_citibike_2d,6,1024,0,1004308.5006919806,0.026327166999998042
boris_citibike_2d,6,1024,1,1003548.6813987319,0.027082624999998473
boris_citibike_2d,6,1024,2,1000059.482445097,0.027376499999999027
boris_citibike_2d,6,1024,3,1009801.4119469592,0.03229212500000145
boris_citibike_2d,6,1024,4,994127.8780539406,0.02867383299999915
boris_citibike_2d,6,1536,0,1021622.7056984626,0.04486720799999944
boris_citibike_2d,6,1536,1,995222.5865380311,0.042719167000001335
boris_citibike_2d,6,1536,2,993229.174145577,0.04727641599999899
boris_citibike_2d,6,1536,3,998289.2874772479,0.049349540999998
boris_citibike_2d,6,1536,4,992620.0307908227,0.048709584000000916
boris_citibike_2d,6,2048,0,1002464.634264471,0.04326037499999913
boris_citibike_2d,6,2048,1,990957.4236903038,0.054935457999999215
boris_citibike_2d,6,2048,2,993878.4097461024,0.07322491600000092
boris_citibike_2d,6,2048,3,992950.8979601349,0.05321437499999959
boris_citibike_2d,6,2048,4,994054.6912482758,0.05716362500000116
boris_citibike_2d,6,3072,0,997383.5572374379,0.07630304199999927
boris_citibike_2d,6,3072,1,988441.8320097477,0.10583166600000027
boris_citibike_2d,6,3072,2,993615.0854913825,0.09186545899999743
boris_citibike_2d,6,3072,3,990596.131211714,0.09933133299999852
boris_citibike_2d,6,3072,4,991466.548784624,0.08009387499999931
boris_citibike_2d,6,4096,0,1002274.8013854295,0.09550399999999826
boris_citibike_2d,6,4096,1,991959.2439148246,0.10954216700000075
boris_citibike_2d,6,4096,2,991891.9910826695,0.1206070829999959
boris_citibike_2d,6,4096,3,991119.6991454357,0.12923433400000306
boris_citibike_2d,6,4096,4,991009.190832554,0.10565895799999936
boris_citibike_2d,6,8192,0,988528.1174039205,0.21548387499999677
boris_citibike_2d,6,8192,1,990349.8283681964,0.1442274999999995
boris_citibike_2d,6,8192,2,989214.8188304366,0.12471408300000064
boris_citibike_2d,6,8192,3,990460.5671138755,0.15198366599999957
boris_citibike_2d,6,8192,4,987587.3526741118,0.13744799999999913
boris_citibike_2d,8,64,0,928172.1493347393,0.01484641700000111
boris_citibike_2d,8,64,1,995226.0859668503,0.014255667000000471
boris_citibike_2d,8,64,2,1042156.3703309601,0.013428374999996606
boris_citibike_2d,8,64,3,977954.4259434417,0.013067790999997442
boris_citibike_2d,8,64,4,892923.4277764439,0.013391542000000811
boris_citibike_2d,8,96,0,874877.7111091834,0.01346233299999966
boris_citibike_2d,8,96,1,920020.0059486312,0.013024459000000377
boris_citibike_2d,8,96,2,894542.8719186776,0.013008375000005401
boris_citibike_2d,8,96,3,870318.4633785468,0.01267316700000265
boris_citibike_2d,8,96,4,877691.5634171409,0.012952792000000102
boris_citibike_2d,8,128,0,875693.3787520112,0.013124957999998799
boris_citibike_2d,8,128,1,862510.8021360065,0.012800833000000011
boris_citibike_2d,8,128,2,869137.5299806342,0.01208045900000343
boris_citibike_2d,8,128,3,860557.6094454405,0.012546665999998652
boris_citibike_2d,8,128,4,839631.4803704228,0.012480541999998707
boris_citibike_2d,8,192,0,849087.97680553,0.012909499999999241
boris_citibike_2d,8,192,1,920635.3112976277,0.013449583000003429
boris_citibike_2d,8,192,2,863034.2830441123,0.012465249999998207
boris_citibike_2d,8,192,3,819755.9534763304,0.012420792000000347
boris_citibike_2d,8,192,4,836743.2894267612,0.01385412499999461
boris_citibike_2d,8,256,0,816504.2319437007,0.01386937499999874
boris_citibike_2d,8,256,1,866298.824671713,0.013664832999999987
boris_citibike_2d,8,256,2,867424.1470459934,0.014372917000002872
boris_citibike_2d,8,256,3,829988.8279450838,0.013819042000001502
boris_citibike_2d,8,256,4,828407.4385260764,0.013848874999993654
boris_citibike_2d,8,384,0,828136.2244880032,0.020137583000000348
boris_citibike_2d,8,384,1,829427.4232802041,0.02217912499999386
boris_citibike_2d,8,384,2,833623.6515816422,0.01921104200000201
boris_citibike_2d,8,384,3,817683.1196414526,0.01836420800000127
boris_citibike_2d,8,384,4,815889.0277257469,0.017018708000001936
boris_citibike_2d,8,512,0,800385.8306911071,0.020692415999995717
boris_citibike_2d,8,512,1,828863.6938793063,0.01839970900000054
boris_citibike_2d,8,512,2,797339.9037208816,0.01680954100000065
boris_citibike_2d,8,512,3,815260.7790245237,0.021039250000001175
boris_citibike_2d,8,512,4,804217.841711796,0.022039583000001528
boris_citibike_2d,8,768,0,804180.0601850724,0.030812874999995188
boris_citibike_2d,8,768,1,830237.1879367469,0.03960354099999819
boris_citibike_2d,8,768,2,803859.1163255635,0.026387208000002715
boris_citibike_2d,8,768,3,805892.5331652956,0.029345458000001656
boris_citibike_2d,8,768,4,798788.1470992602,0.0261572090000044
boris_citibike_2d,8,1024,0,808248.8882003117,0.027867125000000215
boris_citibike_2d,8,1024,1,823389.7833000798,0.03648929199999884
boris_citibike_2d,8,1024,2,819505.3223267532,0.03162795899999793
boris_citibike_2d,8,1024,3,802113.0224238208,0.03914545800000013
boris_citibike_2d,8,1024,4,794358.3342849337,0.0330626659999993
boris_citibike_2d,8,1536,0,807154.0348506807,0.05092691700000529
boris_citibike_2d,8,1536,1,793454.8446766803,0.04468829200000357
boris_citibike_2d,8,1536,2,792685.676259423,0.049992041999999515
boris_citibike_2d,8,1536,3,800515.5813369837,0.05288554199999851
boris_citibike_2d,8,1536,4,795884.51214268,0.05719841699999506
boris_citibike_2d,8,2048,0,805380.0662389386,0.08024141699999632
boris_citibike_2d,8,2048,1,790670.6950059633,0.059973916000004124
boris_citibike_2d,8,2048,2,807129.7054527648,0.058533916999998326
boris_citibike_2d,8,2048,3,793653.7473534646,0.08006199999999808
boris_citibike_2d,8,2048,4,791984.9193557886,0.062361250000002144
boris_citibike_2d,8,3072,0,797421.8820520854,0.10679308299999946
boris_citibike_2d,8,3072,1,789669.76593376,0.1300675410000025
boris_citibike_2d,8,3072,2,793478.7492562354,0.10400274999999937
boris_citibike_2d,8,3072,3,790777.6164696922,0.09788612499999516
boris_citibike_2d,8,3072,4,789413.482862367,0.12791558400000014
boris_citibike_2d,8,4096,0,795838.3435791474,0.1007105410000051
boris_citibike_2d,8,4096,1,788070.8164546771,0.12531895799999404
boris_citibike_2d,8,4096,2,790911.8269146765,0.1765496670000033
boris_citibike_2d,8,4096,3,789410.9098376833,0.15871499999999372
boris_citibike_2d,8,4096,4,788516.3678902979,0.14433333299999873
boris_citibike_2d,8,8192,0,788798.4450295211,0.20515529099999696
boris_citibike_2d,8,8192,1,788959.801102348,0.168335208000002
boris_citibike_2d,8,8192,2,787591.1646607759,0.18781908299999373
boris_citibike_2d,8,8192,3,790871.1160263993,0.18597387499999485
boris_citibike_2d,8,8192,4,788197.9511878311,0.15955325000000187
boris_citibike_2d,12,64,0,681878.4979314564,0.013100624999999866
boris_citibike_2d,12,64,1,764270.461198275,0.013287958999995908
boris_citibike_2d,12,64,2,716800.0773483647,0.013000625000003652
boris_citibike_2d,12,64,3,746232.3263604739,0.012904666000004283
boris_citibike_2d,12,64,4,687493.393044994,0.013050291999995522
boris_citibike_2d,12,96,0,660345.3367426571,0.012816708999999094
boris_citibike_2d,12,96,1,669534.8417985389,0.013843334000000596
boris_citibike_2d,12,96,2,721558.2735317524,0.013785374999997657
boris_citibike_2d,12,96,3,687570.4581176324,0.013253499999997587
boris_citibike_2d,12,96,4,656553.1679664322,0.012685791000002666
boris_citibike_2d,12,128,0,671465.8062206584,0.014783291000000531
boris_citibike_2d,12,128,1,671885.5813640116,0.013209707999997988
boris_citibike_2d,12,128,2,674552.1013018524,0.012789916999999207
boris_citibike_2d,12,128,3,633593.1527928925,0.013928415999998833
boris_citibike_2d,12,128,4,647587.0987277298,0.012857750000002
boris_citibike_2d,12,192,0,642511.3139023818,0.014339792000001239
boris_citibike_2d,12,192,1,674752.7197407507,0.015312124999994126
boris_citibike_2d,12,192,2,641764.2554934456,0.014487375000001634
boris_citibike_2d,12,192,3,625029.3300713614,0.014189957999995784
boris_citibike_2d,12,192,4,634215.3803329859,0.013424332999996125
boris_citibike_2d,12,256,0,629747.0459201259,0.013514250000000061
boris_citibike_2d,12,256,1,663714.2309487876,0.014169958000003646
boris_citibike_2d,12,256,2,648951.3238385267,0.013720249999998657
boris_citibike_2d,12,256,3,624759.227516942,0.014286499999997204
boris_citibike_2d,12,256,4,630737.1907645921,0.015411374999999339
boris_citibike_2d,12,384,0,620421.099065721,0.018171416000001273
boris_citibike_2d,12,384,1,632707.5444319623,0.017077292000003297
boris_citibike_2d,12,384,2,636251.1974077706,0.017592667000002393
boris_citibike_2d,12,384,3,604138.2411279607,0.017994166000001144
boris_citibike_2d,12,384,4,624668.8014516851,0.021864624999999194
boris_citibike_2d,12,512,0,600011.6018045981,0.021400583000001916
boris_citibike_2d,12,512,1,626027.8886461108,0.01971258300000045
boris_citibike_2d,12,512,2,607775.4420479106,0.021458166000002166
boris_citibike_2d,12,512,3,613645.2559843448,0.018923749999999018
boris_citibike_2d,12,512,4,600770.0012017859,0.018611665999998195
boris_citibike_2d,12,768,0,593801.0412827986,0.025190207999997938
boris_citibike_2d,12,768,1,593257.409735359,0.0279822079999974
boris_citibike_2d,12,768,2,593165.5219630521,0.026078458000000637
boris_citibike_2d,12,768,3,607878.854129848,0.029853916000000424
boris_citibike_2d,12,768,4,602848.6042485,0.02849595899999713
boris_citibike_2d,12,1024,0,597250.3228084221,0.03550050000000482
boris_citibike_2d,12,1024,1,597863.8260261415,0.03185804199999609
boris_citibike_2d,12,1024,2,591307.1789164618,0.03533454200000108
boris_citibike_2d,12,1024,3,607956.6969901444,0.03078995799999973
boris_citibike_2d,12,1024,4,599603.1049485556,0.03619024999999709
boris_citibike_2d,12,1536,0,590141.529108299,0.04868433299999708
boris_citibike_2d,12,1536,1,587821.726629073,0.05403054199999957
boris_citibike_2d,12,1536,2,583565.3652256936,0.05417441599999506
boris_citibike_2d,12,1536,3,596864.8140340927,0.05625750000000096
boris_citibike_2d,12,1536,4,590592.7883454489,0.0540768749999998
boris_citibike_2d,12,2048,0,594981.9170530699,0.060913958000000434
boris_citibike_2d,12,2048,1,585662.6821380965,0.0982821670000007
boris_citibike_2d,12,2048,2,583774.33953481,0.08123495800000313
boris_citibike_2d,12,2048,3,598782.1724326264,0.054441375000003234
boris_citibike_2d,12,2048,4,585293.1406017992,0.08178099999999944
boris_citibike_2d,12,3072,0,581422.9530443036,0.10451016599999718
boris_citibike_2d,12,3072,1,582529.602943017,0.10807037500000405
boris_citibike_2d,12,3072,2,581893.2911517487,0.1267827919999931
boris_citibike_2d,12,3072,3,583257.7801916612,0.13843041699999503
boris_citibike_2d,12,3072,4,584577.6653597149,0.11179008399999901
boris_citibike_2d,12,4096,0,581169.4777021589,0.12807533299999818
boris_citibike_2d,12,4096,1,585997.2937656482,0.15206691699999908
boris_citibike_2d,12,4096,2,581154.3042727531,0.15399504100000172
boris_citibike_2d,12,4096,3,585222.6700300903,0.12347649999999533
boris_citibike_2d,12,4096,4,584800.1160518633,0.12700825000000293
boris_citibike_2d,12,8192,0,580057.9728343554,0.2184950420000007
boris_citibike_2d,12,8192,1,579785.8998859415,0.21657158400000043
boris_citibike_2d,12,8192,2,581910.5402048685,0.19169279199999778
boris_citibike_2d,12,8192,3,584844.2789859315,0.18274404200000305
boris_citibike_2d,12,8192,4,581530.9792279564,0.18430020800000335
boris_citibike_2d,16,64,0,610176.0402097158,0.013151542000002792
boris_citibike_2d,16,64,1,637171.4240716232,0.013537833000000887
boris_citibike_2d,16,64,2,636347.7880992409,0.013185583000002055
boris_citibike_2d,16,64,3,624897.2023876118,0.014717125000004216
boris_citibike_2d,16,64,4,607234.3140019813,0.014799709000001826
boris_citibike_2d,16,96,0,588703.5914309727,0.015051166999995758
boris_citibike_2d,16,96,1,585368.2654001197,0.014305374999999287
boris_citibike_2d,16,96,2,649903.2730872828,0.016482959000001074
boris_citibike_2d,16,96,3,559116.5033984605,0.014668958000001453
boris_citibike_2d,16,96,4,558976.4090917811,0.01664087500000022
boris_citibike_2d,16,128,0,583883.5133469567,0.014520457999999792
boris_citibike_2d,16,128,1,583556.5274946123,0.015732917000001123
boris_citibike_2d,16,128,2,565322.4323437226,0.016553082999998026
boris_citibike_2d,16,128,3,548082.516357865,0.01570133399999918
boris_citibike_2d,16,128,4,545482.4206877771,0.017309290999996563
boris_citibike_2d,16,192,0,535954.2632668327,0.01758883300000491
boris_citibike_2d,16,192,1,558418.8364058232,0.016738042000000064
boris_citibike_2d,16,192,2,560621.9038634904,0.017576458000000628
boris_citibike_2d,16,192,3,529123.2926705292,0.015570249999996122
boris_citibike_2d,16,192,4,532923.203044351,0.016545041000000538
boris_citibike_2d,16,256,0,527990.8827357214,0.015876916999999935
boris_citibike_2d,16,256,1,558381.3054723946,0.016035166999998296
boris_citibike_2d,16,256,2,545606.4688726724,0.015653665999998623
boris_citibike_2d,16,256,3,528705.7455372962,0.016485332999998548
boris_citibike_2d,16,256,4,542626.5085217514,0.016150916999997378
boris_citibike_2d,16,384,0,503739.1156848308,0.020599707999998884
boris_citibike_2d,16,384,1,512534.51154703915,0.021117083000000036
boris_citibike_2d,16,384,2,525385.2363855403,0.020496084000001247
boris_citibike_2d,16,384,3,514869.75934493594,0.021543666999995992
boris_citibike_2d,16,384,4,522190.0893949681,0.021316583000000833
boris_citibike_2d,16,512,0,497340.8124338209,0.021385125000001892
boris_citibike_2d,16,512,1,499374.44464911346,0.02062266600000129
boris_citibike_2d,16,512,2,512687.96404502855,0.020925458000000674
boris_citibike_2d,16,512,3,520546.7965401104,0.020735917000003212
boris_citibike_2d,16,512,4,510831.9368168579,0.021350290999997412
boris_citibike_2d,16,768,0,501196.8323698736,0.027489457999998024
boris_citibike_2d,16,768,1,491800.1636737299,0.026905958999996926
boris_citibike_2d,16,768,2,514097.1205336872,0.025820416999998486
boris_citibike_2d,16,768,3,513710.0743473849,0.025678583000001254
boris_citibike_2d,16,768,4,500433.95383737615,0.029112375000003965
boris_citibike_2d,16,1024,0,490193.2007151114,0.03312999999999988
boris_citibike_2d,16,1024,1,488629.6331801959,0.03715145799999675
boris_citibike_2d,16,1024,2,501589.37370352,0.029448459000001037
boris_citibike_2d,16,1024,3,493553.43342222465,0.03393341700000008
boris_citibike_2d,16,1024,4,497165.93803288473,0.037189916999999184
boris_citibike_2d,16,1536,0,491826.2470218241,0.05503620899999362
boris_citibike_2d,16,1536,1,486413.68467958475,0.050847750000002634
boris_citibike_2d,16,1536,2,493076.32219551265,0.05154708299999555
boris_citibike_2d,16,1536,3,486954.374365807,0.05258616600000465
boris_citibike_2d,16,1536,4,487164.6846345743,0.05676037499999609
boris_citibike_2d,16,2048,0,488137.8120309858,0.07467420800000468
boris_citibike_2d,16,2048,1,484970.88910797547,0.0685380839999965
boris_citibike_2d,16,2048,2,489491.84660880954,0.0660169169999989
boris_citibike_2d,16,2048,3,484883.4797136625,0.07467770800000295
boris_citibike_2d,16,2048,4,485194.31694259436,0.07879258299999492
boris_citibike_2d,16,3072,0,479549.7301123779,0.10052625000000148
boris_citibike_2d,16,3072,1,478664.1725409097,0.11449366600000133
boris_citibike_2d,16,3072,2,489305.2184801441,0.1276437080000008
boris_citibike_2d,16,3072,3,480929.5069873469,0.1102029999999985
boris_citibike_2d,16,3072,4,482283.3514687648,0.13033529200000515
boris_citibike_2d,16,4096,0,480759.95797209826,0.15201295800000025
boris_citibike_2d,16,4096,1,483371.6810727606,0.16365504199999492
boris_citibike_2d,16,4096,2,484251.48767975083,0.16882279200000028
boris_citibike_2d,16,4096,3,482162.7735450462,0.15597204200000192
boris_citibike_2d,16,4096,4,480007.99279353564,0.17978183300000694
boris_citibike_2d,16,8192,0,477976.99516919465,0.17221779199999787
boris_citibike_2d,16,8192,1,478218.1965445447,0.18489766700000132
boris_citibike_2d,16,8192,2,480875.026132419,0.1702299160000038
boris_citibike_2d,16,8192,3,477262.31184647814,0.19363858299999492
boris_citibike_2d,16,8192,4,477124.74460866605,0.2181476250000003
boris_citibike_2d,24,64,0,517985.14329251193,0.017755458000003443
boris_citibike_2d,24,64,1,509646.7952436874,0.019036042000003306
boris_citibike_2d,24,64,2,496366.82640827575,0.018588708000002896
boris_citibike_2d,24,64,3,526351.213269748,0.0181570000000022
boris_citibike_2d,24,64,4,489379.71462036355,0.017826084000006404
boris_citibike_2d,24,96,0,441377.46624838316,0.01784729099999538
boris_citibike_2d,24,96,1,462740.9367743234,0.017331500000004496
boris_citibike_2d,24,96,2,493959.04281947255,0.01973616700000491
boris_citibike_2d,24,96,3,458105.36124482914,0.018812041999993312
boris_citibike_2d,24,96,4,452026.3975395535,0.017611915999999894
boris_citibike_2d,24,128,0,469939.9916231376,0.01859983300000323
boris_citibike_2d,24,128,1,458938.86912815267,0.017600082999997824
boris_citibike_2d,24,128,2,466806.7647831738,0.01679016699999636
boris_citibike_2d,24,128,3,439540.38562521443,0.017729416999998193
boris_citibike_2d,24,128,4,438360.89571312437,0.018100167000000056
boris_citibike_2d,24,192,0,428511.08860450855,0.01782170900000324
boris_citibike_2d,24,192,1,456848.2713558834,0.019129167000002667
boris_citibike_2d,24,192,2,448305.7291011112,0.018769541999994033
boris_citibike_2d,24,192,3,419117.8497777896,0.017636834000001045
boris_citibike_2d,24,192,4,416614.3169252154,0.01831874999999883
boris_citibike_2d,24,256,0,417104.35976014653,0.021294250000003956
boris_citibike_2d,24,256,1,433147.33101767703,0.019578375000001813
boris_citibike_2d,24,256,2,435678.03206978255,0.020243749999998784
boris_citibike_2d,24,256,3,405510.82155540324,0.019403124999996635
boris_citibike_2d,24,256,4,416042.3533928775,0.01814295800000565
boris_citibike_2d,24,384,0,410644.3834805309,0.024961625000003096
boris_citibike_2d,24,384,1,405028.5702991687,0.02312483300000423
boris_citibike_2d,24,384,2,395810.3717075899,0.023319499999999493
boris_citibike_2d,24,384,3,400955.8979518068,0.02266350000000017
boris_citibike_2d,24,384,4,408367.25663758704,0.02337845799999627
boris_citibike_2d,24,512,0,385749.79421888717,0.022431791999999007
boris_citibike_2d,24,512,1,390844.4522711543,0.02490099999999984
boris_citibike_2d,24,512,2,387182.43025544763,0.021835624999994252
boris_citibike_2d,24,512,3,398499.6703476569,0.024677916999998217
boris_citibike_2d,24,512,4,403529.7514365803,0.024176291999999933
boris_citibike_2d,24,768,0,386458.27286407776,0.027911166000002652
boris_citibike_2d,24,768,1,380524.25446650444,0.0265544160000033
boris_citibike_2d,24,768,2,380872.04675889685,0.030122708000000387
boris_citibike_2d,24,768,3,382702.1889147889,0.03115341600000221
boris_citibike_2d,24,768,4,385186.90690917714,0.02783962499999859
boris_citibike_2d,24,1024,0,374763.23010646325,0.03775958300000326
boris_citibike_2d,24,1024,1,376189.3300520819,0.03665554100000179
boris_citibike_2d,24,1024,2,377001.30178879434,0.03587866699999864
boris_citibike_2d,24,1024,3,380547.88549996214,0.04046833400000338
boris_citibike_2d,24,1024,4,373104.9500574528,0.03897966600000302
boris_citibike_2d,24,1536,0,365444.2359657093,0.05444108300000039
boris_citibike_2d,24,1536,1,372774.86417072103,0.06069016700000418
boris_citibike_2d,24,1536,2,369988.34719518275,0.05224629199999953
boris_citibike_2d,24,1536,3,374111.6475043332,0.0543779169999965
boris_citibike_2d,24,1536,4,377613.9221302861,0.050810834000003524
boris_citibike_2d,24,2048,0,366642.51948592725,0.06937108399999659
boris_citibike_2d,24,2048,1,363342.976943013,0.06978841700000515
boris_citibike_2d,24,2048,2,369325.67060289055,0.07370008299999853
boris_citibike_2d,24,2048,3,373908.3785913471,0.07196433300000393
boris_citibike_2d,24,2048,4,369066.0790021571,0.0679785830000057
boris_citibike_2d,24,3072,0,363195.29794208694,0.11735662499999933
boris_citibike_2d,24,3072,1,367287.5624170711,0.10798045800000011
boris_citibike_2d,24,3072,2,363518.82414976,0.14452929200000142
boris_citibike_2d,24,3072,3,364568.8222883129,0.11882395800000012
boris_citibike_2d,24,3072,4,364395.55743309506,0.1327040420000003
boris_citibike_2d,24,4096,0,359755.40339771775,0.14928158400000058
boris_citibike_2d,24,4096,1,364729.96490906354,0.1489146250000033
boris_citibike_2d,24,4096,2,360781.1811763256,0.17656233299999968
boris_citibike_2d,24,4096,3,364743.1196737967,0.14774666699999983
boris_citibike_2d,24,4096,4,362183.8585585029,0.18610620899999475
boris_citibike_2d,24,8192,0,358128.17172942613,0.24684812499999964
boris_citibike_2d,24,8192,1,359230.7617829338,0.23618199999999945
boris_citibike_2d,24,8192,2,360575.4297867771,0.22936004199999616
boris_citibike_2d,24,8192,3,360726.19642693957,0.26194699999999926
boris_citibike_2d,24,8192,4,357533.26622615266,0.22782270799999793
boris_citibike_2d,32,64,0,432861.475783078,0.019557792000000518
boris_citibike_2d,32,64,1,444681.5846098928,0.018588124999993738
boris_citibike_2d,32,64,2,423404.3361176103,0.019003542000000095
boris_citibike_2d,32,64,3,436082.9725732098,0.01979970800000075
boris_citibike_2d,32,64,4,414765.1288776231,0.019680624999999452
boris_citibike_2d,32,96,0,381850.4956111254,0.020379499999997108
boris_citibike_2d,32,96,1,404837.68311410956,0.01894808299999795
boris_citibike_2d,32,96,2,431424.8168905028,0.02067629199999743
boris_citibike_2d,32,96,3,388308.3507329239,0.020727708999999095
boris_citibike_2d,32,96,4,375850.38993320905,0.020472417000000576
boris_citibike_2d,32,128,0,376770.79855648463,0.020606541999995898
boris_citibike_2d,32,128,1,384007.7361450303,0.019691292000004523
boris_citibike_2d,32,128,2,392668.5422436943,0.022241582999996012
boris_citibike_2d,32,128,3,368442.55126154574,0.023254624999999862
boris_citibike_2d,32,128,4,351582.05378777644,0.02151370800000052
boris_citibike_2d,32,192,0,363069.9934239777,0.021882416000003957
boris_citibike_2d,32,192,1,384488.61120584724,0.021494875000001912
boris_citibike_2d,32,192,2,376087.45829766896,0.020394625000001554
boris_citibike_2d,32,192,3,356312.0398986721,0.020936708999997222
boris_citibike_2d,32,192,4,349313.1597825513,0.02131945800000068
boris_citibike_2d,32,256,0,350917.8181685075,0.02204662500000154
boris_citibike_2d,32,256,1,357570.98285961495,0.021760625000005973
boris_citibike_2d,32,256,2,362348.53577123216,0.020351250000004484
boris_citibike_2d,32,256,3,346611.732859001,0.020672374999996634
boris_citibike_2d,32,256,4,343833.9556680672,0.021809583999996107
boris_citibike_2d,32,384,0,337383.935022565,0.02781800000000345
boris_citibike_2d,32,384,1,337986.1620789613,0.025459707999999637
boris_citibike_2d,32,384,2,340864.5980049786,0.02716912500000035
boris_citibike_2d,32,384,3,336475.8413642678,0.02842199999999906
boris_citibike_2d,32,384,4,338327.01003466116,0.02622804199999962
boris_citibike_2d,32,512,0,335203.00970986264,0.02763391700000284
boris_citibike_2d,32,512,1,323448.70830335055,0.026979459000003203
boris_citibike_2d,32,512,2,328416.0505281923,0.028209083000000135
boris_citibike_2d,32,512,3,336264.45095279574,0.02892662500000398
boris_citibike_2d,32,512,4,329000.9122398958,0.02824795899999799
boris_citibike_2d,32,768,0,314941.4589426569,0.03191604199999887
boris_citibike_2d,32,768,1,319625.1796804622,0.0317684170000021
boris_citibike_2d,32,768,2,316997.9462729706,0.03557279099999988
boris_citibike_2d,32,768,3,316092.1261823555,0.0382736250000022
boris_citibike_2d,32,768,4,319735.18599928427,0.03213974999999891
boris_citibike_2d,32,1024,0,316114.7323565118,0.04503041700000665
boris_citibike_2d,32,1024,1,310588.76785567525,0.04070391699999476
boris_citibike_2d,32,1024,2,309060.7896657299,0.04085108299999973
boris_citibike_2d,32,1024,3,304017.4203816015,0.03780562499999718
boris_citibike_2d,32,1024,4,315773.85189722764,0.04326058300000568
boris_citibike_2d,32,1536,0,307548.63031801453,0.060615500000004374
boris_citibike_2d,32,1536,1,305767.7904623051,0.05715291699999625
boris_citibike_2d,32,1536,2,303910.8651394552,0.061094167000000255
boris_citibike_2d,32,1536,3,312060.65399730694,0.05892766600000243
boris_citibike_2d,32,1536,4,304870.1105831963,0.057549459000000525
boris_citibike_2d,32,2048,0,305522.8026340504,0.07716658300000034
boris_citibike_2d,32,2048,1,301232.0166659752,0.07469295799999998
boris_citibike_2d,32,2048,2,299376.77290699363,0.08230779099999808
boris_citibike_2d,32,2048,3,303502.65089470684,0.07262049999999931
boris_citibike_2d,32,2048,4,304915.01305360853,0.09280291600000368
boris_citibike_2d,32,3072,0,298190.96814332425,0.11840295799999723
boris_citibike_2d,32,3072,1,295966.54739522835,0.14895704199999926
boris_citibike_2d,32,3072,2,296208.7234537287,0.14580074999999937
boris_citibike_2d,32,3072,3,299202.63724908256,0.1318019169999971
boris_citibike_2d,32,3072,4,295967.2432888534,0.11624095799999878
boris_citibike_2d,32,4096,0,294922.1830441585,0.1599340830000031
boris_citibike_2d,32,4096,1,294880.6873782084,0.18628541599999693
boris_citibike_2d,32,4096,2,294823.7879005576,0.22106200000000342
boris_citibike_2d,32,4096,3,292637.4717458053,0.16405787499999747
boris_citibike_2d,32,4096,4,296192.9129704885,0.1724742500000076
boris_citibike_2d,32,8192,0,295835.5996764207,0.20698170899999013
boris_citibike_2d,32,8192,1,292076.1625942425,0.23081274999999835
boris_citibike_2d,32,8192,2,292193.1158859602,0.22746933299998773
boris_citibike_2d,32,8192,3,294035.57313386764,0.24291487499999675
boris_citibike_2d,32,8192,4,292454.2417589967,0.2186408750000055
boris_citibike_2d,48,64,0,348454.32957075426,0.02363758399999938
boris_citibike_2d,48,64,1,353241.41579270567,0.025450957999993307
boris_citibike_2d,48,64,2,354441.70409606636,0.023872792000005916
boris_citibike_2d,48,64,3,362259.4354211431,0.024788374999999974
boris_citibike_2d,48,64,4,343658.3292881648,0.024280040999997254
boris_citibike_2d,48,96,0,309744.3410505729,0.026420542000010983
boris_citibike_2d,48,96,1,303233.2471227993,0.024583292000002643
boris_citibike_2d,48,96,2,351419.888926423,0.025721124999989797
boris_citibike_2d,48,96,3,309300.2442393569,0.025578874999993673
boris_citibike_2d,48,96,4,297012.2195159143,0.02601020800000242
boris_citibike_2d,48,128,0,292826.3918814644,0.024637624999996888
boris_citibike_2d,48,128,1,300726.84119511925,0.02555020799999852
boris_citibike_2d,48,128,2,314429.57648419193,0.024754665999992653
boris_citibike_2d,48,128,3,292579.8107789871,0.025879083999996055
boris_citibike_2d,48,128,4,274484.11333624314,0.02733304199999509
boris_citibike_2d,48,192,0,283072.93336116604,0.025666959000005818
boris_citibike_2d,48,192,1,293683.71176023805,0.024774499999992372
boris_citibike_2d,48,192,2,280733.26737874,0.0258967090000084
boris_citibike_2d,48,192,3,275772.724286422,0.026446374999991917
boris_citibike_2d,48,192,4,264958.52721495857,0.025289333000003467
boris_citibike_2d,48,256,0,262845.9249616879,0.02632887499999015
boris_citibike_2d,48,256,1,282876.1999850621,0.02803341700000317
boris_citibike_2d,48,256,2,276256.429241349,0.028495250000005967
boris_citibike_2d,48,256,3,270252.8698716383,0.025540665999997714
boris_citibike_2d,48,256,4,259267.42420743397,0.02958333300000504
boris_citibike_2d,48,384,0,254699.99024569598,0.03192216700000472
boris_citibike_2d,48,384,1,258706.93454211205,0.03029158299999324
boris_citibike_2d,48,384,2,263804.967474952,0.03387233300000503
boris_citibike_2d,48,384,3,255185.63366087942,0.03134887500000616
boris_citibike_2d,48,384,4,259443.99037696433,0.03160316599999646
boris_citibike_2d,48,512,0,250294.31024414013,0.032995332999988136
boris_citibike_2d,48,512,1,257464.41463363636,0.035176833999997825
boris_citibike_2d,48,512,2,250602.71584504144,0.03309208299999966
boris_citibike_2d,48,512,3,255517.46897622792,0.032050249999997504
boris_citibike_2d,48,512,4,253699.82535982822,0.03182683299999667
boris_citibike_2d,48,768,0,241667.66339398184,0.03857970800000032
boris_citibike_2d,48,768,1,241930.8562483132,0.037824041999996894
boris_citibike_2d,48,768,2,251719.9530801616,0.038149834000009264
boris_citibike_2d,48,768,3,240674.2566436045,0.038749416999991126
boris_citibike_2d,48,768,4,239801.7383055484,0.03857341599999131
boris_citibike_2d,48,1024,0,238521.63131146907,0.04498875000000169
boris_citibike_2d,48,1024,1,234857.2147870903,0.0466099159999942
boris_citibike_2d,48,1024,2,242643.14371066113,0.046625332999994384
boris_citibike_2d,48,1024,3,234091.79389008324,0.04557062499999631
boris_citibike_2d,48,1024,4,236529.71275535578,0.045207459000010886
boris_citibike_2d,48,1536,0,231404.5861509392,0.059109207999995306
boris_citibike_2d,48,1536,1,228735.75868941305,0.061288167000000726
boris_citibike_2d,48,1536,2,232375.17848661286,0.059847541999999976
boris_citibike_2d,48,1536,3,232762.19529673227,0.06345341699999096
boris_citibike_2d,48,1536,4,232381.26781950993,0.07056954099999757
boris_citibike_2d,48,2048,0,232183.819461328,0.0769734160000013
boris_citibike_2d,48,2048,1,224999.0591251736,0.08080270800000733
boris_citibike_2d,48,2048,2,226247.10069552175,0.07738158400000827
boris_citibike_2d,48,2048,3,226842.31867490005,0.08127529200000083
boris_citibike_2d,48,2048,4,230619.86448653616,0.08094495800000345
boris_citibike_2d,48,3072,0,222873.5486121165,0.11784691700000849
boris_citibike_2d,48,3072,1,225106.69851150364,0.11739466699999923
boris_citibike_2d,48,3072,2,224934.11768329598,0.1254715829999924
boris_citibike_2d,48,3072,3,224196.3045693953,0.12368991600000356
boris_citibike_2d,48,3072,4,226518.6066495455,0.12366258400000163
boris_citibike_2d,48,4096,0,221940.588576916,0.1674635840000036
boris_citibike_2d,48,4096,1,221539.79287280954,0.19274933299999475
boris_citibike_2d,48,4096,2,223837.40735042316,0.1921824589999943
boris_citibike_2d,48,4096,3,225326.61885061846,0.16251462500000002
boris_citibike_2d,48,4096,4,223018.51835701818,0.15793745800000636
boris_citibike_2d,48,8192,0,219243.82061356754,0.2093959590000054
boris_citibike_2d,48,8192,1,219361.27974098604,0.2421076249999885
boris_citibike_2d,48,8192,2,219283.32566053726,0.2538636669999903
boris_citibike_2d,48,8192,3,219608.54088135017,0.24281195900000796
boris_citibike_2d,48,8192,4,220307.93655569805,0.21083770799999968
boris_citibike_2d,64,96,0,267571.3136612801,0.026843292000009455
boris_citibike_2d,64,96,1,253912.3614535525,0.027243208000001573
boris_citibike_2d,64,96,2,319526.41219596245,0.03661379199999715
boris_citibike_2d,64,96,3,269347.3973580682,0.030129208999994717
boris_citibike_2d,64,96,4,253050.29284367937,0.03025862500000187
boris_citibike_2d,64,128,0,245594.0488426391,0.032019499999989876
boris_citibike_2d,64,128,1,260444.56397254267,0.029498208999996223
boris_citibike_2d,64,128,2,275311.73730116605,0.03146516600000382
boris_citibike_2d,64,128,3,244927.29969018875,0.034680042000005074
boris_citibike_2d,64,128,4,232679.3872738593,0.030928875000000744
boris_citibike_2d,64,192,0,234482.37559220692,0.034617959000001974
boris_citibike_2d,64,192,1,247893.18511596447,0.031677416999997376
boris_citibike_2d,64,192,2,243246.34620332287,0.0319232499999913
boris_citibike_2d,64,192,3,233607.68367673497,0.03352166700000225
boris_citibike_2d,64,192,4,225835.07324933368,0.032304166000002965
boris_citibike_2d,64,256,0,225256.1242612126,0.03240345899999397
boris_citibike_2d,64,256,1,234374.7831163907,0.03137462499999799
boris_citibike_2d,64,256,2,229624.83927514352,0.03574829199999385
boris_citibike_2d,64,256,3,225258.9770267943,0.032634250000000975
boris_citibike_2d,64,256,4,218766.98447094523,0.03158216600000685
boris_citibike_2d,64,384,0,211688.50904817725,0.03775479099999757
boris_citibike_2d,64,384,1,220775.65294922158,0.03861483400000054
boris_citibike_2d,64,384,2,218706.53051056442,0.03535224999998832
boris_citibike_2d,64,384,3,217960.1544592479,0.03509975000000054
boris_citibike_2d,64,384,4,211269.21873834825,0.037888541999990366
boris_citibike_2d,64,512,0,212684.33384084242,0.04875554199999499
boris_citibike_2d,64,512,1,215574.88582201258,0.04012829200000567
boris_citibike_2d,64,512,2,211217.5268506947,0.04155866700000388
boris_citibike_2d,64,512,3,209561.9986689995,0.03955341599998974
boris_citibike_2d,64,512,4,203930.84875773147,0.040230832999995414
boris_citibike_2d,64,768,0,205006.89763009985,0.04678287499999101
boris_citibike_2d,64,768,1,202864.14922698107,0.04364062500000898
boris_citibike_2d,64,768,2,203062.69164507036,0.0455754169999949
boris_citibike_2d,64,768,3,199257.8907620909,0.04970829200000537
boris_citibike_2d,64,768,4,196777.47146498488,0.045145250000004467
boris_citibike_2d,64,1024,0,198583.4914822195,0.05210149999999203
boris_citibike_2d,64,1024,1,197856.50447805878,0.05229979100001003
boris_citibike_2d,64,1024,2,202605.529658188,0.052096292000001654
boris_citibike_2d,64,1024,3,197572.9193542941,0.05328529199999821
boris_citibike_2d,64,1024,4,195683.26936726127,0.05410075000000347
boris_citibike_2d,64,1536,0,195896.2870463385,0.06953791600000159
boris_citibike_2d,64,1536,1,192959.78485442657,0.07129874999999686
boris_citibike_2d,64,1536,2,193138.9848189342,0.06763254199999835
boris_citibike_2d,64,1536,3,190492.99517948937,0.079486708999994
boris_citibike_2d,64,1536,4,191518.93030432283,0.0683151669999944
boris_citibike_2d,64,2048,0,186931.28232210042,0.08318916700000045
boris_citibike_2d,64,2048,1,189911.02105939575,0.09289454200001046
boris_citibike_2d,64,2048,2,189428.40476725207,0.09468783399999836
boris_citibike_2d,64,2048,3,186965.56829801115,0.09801308400000153
boris_citibike_2d,64,2048,4,188568.5540870112,0.09293112500000689
boris_citibike_2d,64,3072,0,186508.6914263716,0.13503737499999602
boris_citibike_2d,64,3072,1,185209.9572307069,0.14767266599999118
boris_citibike_2d,64,3072,2,185536.94393256618,0.14134699999999611
boris_citibike_2d,64,3072,3,186946.382745223,0.13169958299999962
boris_citibike_2d,64,3072,4,186635.1767465553,0.13412541600000338
boris_citibike_2d,64,4096,0,185991.5496297103,0.177376792000004
boris_citibike_2d,64,4096,1,182061.21635525837,0.17651512500000877
boris_citibike_2d,64,4096,2,183107.2580660023,0.19436904100000163
boris_citibike_2d,64,4096,3,182118.1106258869,0.18451529200000039
boris_citibike_2d,64,4096,4,185094.81884080844,0.1870723340000069
boris_citibike_2d,64,8192,0,180918.28470518824,0.27123270799999943
boris_citibike_2d,64,8192,1,178962.24773111197,0.28041016699999943
boris_citibike_2d,64,8192,2,180948.93550422383,0.2782919170000042
boris_citibike_2d,64,8192,3,180099.21453534317,0.29818450000000496
boris_citibike_2d,64,8192,4,179447.75802058834,0.2586438330000078
martin_spotify,2,64,0,316465.4668460416,0.004193541999995887
martin_spotify,2,64,1,313922.6478950814,0.002890207999996619
martin_spotify,2,64,2,304851.9234130452,0.0027432919999910155
martin_spotify,2,64,3,302781.5203666077,0.00233620799998846
martin_spotify,2,64,4,309556.6366177132,0.0028737500000062255
martin_spotify,2,96,0,301620.28558329947,0.0025475830000090127
martin_spotify,2,96,1,300714.5580446902,0.003166833000008751
martin_spotify,2,96,2,303984.7587767362,0.003988082999995868
martin_spotify,2,96,3,299843.50769379595,0.003474209000003725
martin_spotify,2,96,4,310440.4562526434,0.002938792000009016
martin_spotify,2,128,0,300613.3614859386,0.00387150000000247
martin_spotify,2,128,1,307598.73654846434,0.003686333000004538
martin_spotify,2,128,2,303254.87249187677,0.0035965000000004466
martin_spotify,2,128,3,299417.9202143102,0.003079999999997085
martin_spotify,2,128,4,307905.6084189942,0.00404637500000149
martin_spotify,2,192,0,299428.2892182783,0.0039562919999980295
martin_spotify,2,192,1,303865.727365973,0.003629875000001448
martin_spotify,2,192,2,303797.701107539,0.004011375000004591
martin_spotify,2,192,3,299752.14066517586,0.003766583000000878
martin_spotify,2,192,4,304496.9724069968,0.0035210830000096394
martin_spotify,2,256,0,299826.7690368454,0.004934416999986979
martin_spotify,2,256,1,300553.25615800364,0.003030249999994794
martin_spotify,2,256,2,302820.97095598094,0.003784125000009908
martin_spotify,2,256,3,301139.5249667059,0.003951874999998495
martin_spotify,2,256,4,303161.41953204526,0.003655582999996909
martin_spotify,2,384,0,299727.56546774553,0.0052779159999971625
martin_spotify,2,384,1,299447.77403801837,0.007204041999997912
martin_spotify,2,384,2,302389.8286109307,0.006303166999998666
martin_spotify,2,384,3,302036.9758174838,0.005724416999996151
martin_spotify,2,384,4,299902.21262013493,0.005641874999994911
martin_spotify,2,512,0,298711.6215826944,0.006702500000002942
martin_spotify,2,512,1,300383.3185751545,0.006582917000002908
martin_spotify,2,512,2,300329.2581640683,0.00747691699999109
martin_spotify,2,512,3,300658.05460616393,0.006332000000000448
martin_spotify,2,512,4,299750.50234081334,0.005850541999990355
martin_spotify,2,768,0,298660.6314905867,0.009809625000002598
martin_spotify,2,768,1,298944.82562130544,0.008134083000001624
martin_spotify,2,768,2,300414.7741053099,0.009457874999995397
martin_spotify,2,768,3,300164.6120903023,0.01013349999999491
martin_spotify,2,768,4,298899.4433320219,0.007729625000010287
martin_spotify,2,1024,0,298551.0930098961,0.00924245900000642
martin_spotify,2,1024,1,298675.721628232,0.010843084000001113
martin_spotify,2,1024,2,298828.62368022586,0.012083708999995224
martin_spotify,2,1024,3,299323.7624424601,0.01069054099998823
martin_spotify,2,1024,4,298493.0742199157,0.012963708000000906
martin_spotify,2,1536,0,298347.1127045016,0.016402124999999046
martin_spotify,2,1536,1,298898.354773823,0.020227000000005546
martin_spotify,2,1536,2,298525.91441144765,0.019563250000004473
martin_spotify,2,1536,3,298576.9664713556,0.020241791999993097
martin_spotify,2,1536,4,298270.7057554558,0.017634916999995198
martin_spotify,2,2048,0,298219.5736857584,0.025481458000001567
martin_spotify,2,2048,1,298680.741462098,0.024178457999994407
martin_spotify,2,2048,2,298375.23925897165,0.02135975000000201
martin_spotify,2,2048,3,298462.95737973036,0.02777270900000417
martin_spotify,2,2048,4,298196.7502142467,0.020463375000005612
martin_spotify,2,3072,0,298180.3849022369,0.03245216700000242
martin_spotify,2,3072,1,298436.73365381995,0.03987137500000415
martin_spotify,2,3072,2,298263.2799886412,0.04392704100000344
martin_spotify,2,3072,3,298506.0688585648,0.03920912499999929
martin_spotify,2,3072,4,298350.33451629005,0.035640791000005834
martin_spotify,2,4096,0,298121.7619864618,0.044850166000003355
martin_spotify,2,4096,1,298491.6604523068,0.04782920899999965
martin_spotify,2,4096,2,298122.66819427226,0.04977054100000089
martin_spotify,2,4096,3,298356.1965429136,0.04167129100000011
martin_spotify,2,4096,4,298242.1197074427,0.037586124999990034
martin_spotify,2,8192,0,298141.613928072,0.053340249999990874
martin_spotify,2,8192,1,298268.98008355155,0.058566666000004375
martin_spotify,2,8192,2,298159.3269028074,0.06273970799999518
martin_spotify,2,8192,3,298273.1452443522,0.06739316599998801
martin_spotify,2,8192,4,298151.44345203345,0.06061574999999664
martin_spotify,3,64,0,255706.104814476,0.0033220410000041056
martin_spotify,3,64,1,256200.29877808283,0.004031416000003674
martin_spotify,3,64,2,245415.10513626062,0.004273624999996173
martin_spotify,3,64,3,275912.86696659366,0.003634208999997668
martin_spotify,3,64,4,255076.66587811997,0.003980917000006912
martin_spotify,3,96,0,252485.38037031735,0.004045791999999437
martin_spotify,3,96,1,247435.25569437462,0.004526165999990894
martin_spotify,3,96,2,245104.10287611192,0.004425541999992788
martin_spotify,3,96,3,253969.01267794042,0.004423833999993576
martin_spotify,3,96,4,251611.39059896587,0.0042734999999964884
martin_spotify,3,128,0,257830.81775129391,0.004310374999988653
martin_spotify,3,128,1,246213.17266709055,0.00458895899998879
martin_spotify,3,128,2,243148.3273708858,0.0045382079999995995
martin_spotify,3,128,3,255166.77991423162,0.004858291999994435
martin_spotify,3,128,4,248805.93502347067,0.004739000000000715
martin_spotify,3,192,0,243776.47887204462,0.004330291000002262
martin_spotify,3,192,1,245865.4229535824,0.004700165999992123
martin_spotify,3,192,2,242503.24548449344,0.004468666999997595
martin_spotify,3,192,3,242222.2898407564,0.004737708999996926
martin_spotify,3,192,4,245818.64863551967,0.005451958000008972
martin_spotify,3,256,0,245061.92405098266,0.004585832999993045
martin_spotify,3,256,1,241728.50048184127,0.004876959000000625
martin_spotify,3,256,2,241137.30101715768,0.004968957999992085
martin_spotify,3,256,3,242667.32273648793,0.0050375840000072
martin_spotify,3,256,4,244748.7214644972,0.004931874999996921
martin_spotify,3,384,0,240189.8271901169,0.00977324999999496
martin_spotify,3,384,1,240289.62850724647,0.007822208000007436
martin_spotify,3,384,2,240788.05744368065,0.007474208000004978
martin_spotify,3,384,3,243037.90523441232,0.008607957999998916
martin_spotify,3,384,4,243710.07829502906,0.009092500000008386
martin_spotify,3,512,0,239864.6455985462,0.008832959000002916
martin_spotify,3,512,1,240280.09506877259,0.009380499999991798
martin_spotify,3,512,2,239964.2146267196,0.008289541999999983
martin_spotify,3,512,3,241915.37428757857,0.008834790999998177
martin_spotify,3,512,4,242131.98138655655,0.00965179199999966
martin_spotify,3,768,0,239529.0773847327,0.010389040999996269
martin_spotify,3,768,1,239374.8265270524,0.01124745799999971
martin_spotify,3,768,2,239638.45805122206,0.013081333999991784
martin_spotify,3,768,3,240983.68128358736,0.012820249999990097
martin_spotify,3,768,4,240015.66497730298,0.01345033299999443
martin_spotify,3,1024,0,239141.78757030048,0.015688749999995366
martin_spotify,3,1024,1,239249.48636534714,0.015680583999994724
martin_spotify,3,1024,2,239165.2512771948,0.015770666999998184
martin_spotify,3,1024,3,240007.07856922006,0.018142166999993492
martin_spotify,3,1024,4,239780.73435714073,0.017212125000000356
martin_spotify,3,1536,0,239386.30099526022,0.022605084000005604
martin_spotify,3,1536,1,239444.6971673693,0.020706583000006162
martin_spotify,3,1536,2,239171.05643506304,0.023724041000008356
martin_spotify,3,1536,3,239326.40656626725,0.027988625000006095
martin_spotify,3,1536,4,239130.24382174324,0.02203166700000736
martin_spotify,3,2048,0,239133.55282609805,0.02867479200000389
martin_spotify,3,2048,1,239197.9762675539,0.03223420899999496
martin_spotify,3,2048,2,238931.16231969566,0.05360775000001183
martin_spotify,3,2048,3,239128.21589353337,0.03994624999999985
martin_spotify,3,2048,4,239096.54838717592,0.03064929100000313
martin_spotify,3,3072,0,238861.7444456169,0.03986095800000555
martin_spotify,3,3072,1,238731.30271686875,0.04928745800000911
martin_spotify,3,3072,2,238682.8756025786,0.04520949999999857
martin_spotify,3,3072,3,239100.34972437934,0.05443312500000275
martin_spotify,3,3072,4,239020.54481867928,0.04903941700000303
martin_spotify,3,4096,0,238749.83702715018,0.060150709000012625
martin_spotify,3,4096,1,238715.51636588556,0.0711836250000033
martin_spotify,3,4096,2,238660.3905715806,0.056610874999989846
martin_spotify,3,4096,3,238850.00166935127,0.06389891699998884
martin_spotify,3,4096,4,239011.11317005494,0.06167445799999882
martin_spotify,3,8192,0,238632.5361824879,0.08032083300000181
martin_spotify,3,8192,1,238631.71072479675,0.06899970799999267
martin_spotify,3,8192,2,238627.02147065316,0.07038837500000739
martin_spotify,3,8192,3,238715.91809303456,0.06746233399999824
martin_spotify,3,8192,4,238781.3176080654,0.07508262499999319
martin_spotify,4,64,0,235296.31977845205,0.004392707999997469
martin_spotify,4,64,1,219141.76336413476,0.00475975000000517
martin_spotify,4,64,2,232707.5727844235,0.004005917000000636
martin_spotify,4,64,3,228646.6553808661,0.003219708000003152
martin_spotify,4,64,4,224651.7068409848,0.004542959000005453
martin_spotify,4,96,0,233728.26222155208,0.004275040999999646
martin_spotify,4,96,1,215042.4318712131,0.0045303340000089065
martin_spotify,4,96,2,228609.70307276407,0.0038787919999947462
martin_spotify,4,96,3,221273.15707713415,0.0039895419999993464
martin_spotify,4,96,4,223621.30193536126,0.004471541999990336
martin_spotify,4,128,0,216790.95323512465,0.004878375000004098
martin_spotify,4,128,1,213802.87569325106,0.0037705409999944095
martin_spotify,4,128,2,227143.3671116644,0.005185791000002382
martin_spotify,4,128,3,214464.5595229794,0.005246667000008642
martin_spotify,4,128,4,222031.21699267326,0.004784749999998894
martin_spotify,4,192,0,212031.5885606191,0.008420290999993085
martin_spotify,4,192,1,211821.03323687048,0.010796167000009405
martin_spotify,4,192,2,219414.2681832297,0.008675166999992712
martin_spotify,4,192,3,210552.2305863247,0.013159916999995858
martin_spotify,4,192,4,213607.96333940997,0.009243749999995998
martin_spotify,4,256,0,212501.19048739073,0.0073986250000075415
martin_spotify,4,256,1,209421.7087499514,0.008046708000009062
martin_spotify,4,256,2,218436.2666337294,0.007521082999986106
martin_spotify,4,256,3,211350.8069092078,0.00533162499999662
martin_spotify,4,256,4,212146.9699099193,0.005480916999999863
martin_spotify,4,384,0,208515.8816638899,0.008809916999993561
martin_spotify,4,384,1,209705.967222654,0.008304457999997794
martin_spotify,4,384,2,219100.14578508583,0.006879416000003857
martin_spotify,4,384,3,212545.26520996977,0.007935416999998779
martin_spotify,4,384,4,211477.07910662232,0.00810033300000157
martin_spotify,4,512,0,207464.13906973993,0.009008750000006671
martin_spotify,4,512,1,210725.72938771674,0.010344833000004883
martin_spotify,4,512,2,218888.82637368244,0.007926999999995132
martin_spotify,4,512,3,210920.46482772782,0.007404458999999974
martin_spotify,4,512,4,210238.08045089198,0.00759091599999806
martin_spotify,4,768,0,207326.5696558769,0.010597458000006554
martin_spotify,4,768,1,208532.0303954104,0.013084374999991155
martin_spotify,4,768,2,216527.69887393265,0.011949708000003056
martin_spotify,4,768,3,208671.51717838013,0.01083725000000868
martin_spotify,4,768,4,207879.5728258159,0.011598790999997277
martin_spotify,4,1024,0,207539.02287266916,0.016676166999999964
martin_spotify,4,1024,1,207995.50918899282,0.01664033299999801
martin_spotify,4,1024,2,209921.7614384677,0.015584707999991565
martin_spotify,4,1024,3,208182.94591167293,0.017371166000003768
martin_spotify,4,1024,4,207480.8642519345,0.02177829199999337
martin_spotify,4,1536,0,207023.857289597,0.028593833000002178
martin_spotify,4,1536,1,208180.7294873835,0.031799290999998675
martin_spotify,4,1536,2,207640.46293635166,0.028545916000012994
martin_spotify,4,1536,3,207286.85075530852,0.02919045900000583
martin_spotify,4,1536,4,207005.072167706,0.03842870799999787
martin_spotify,4,2048,0,206831.79860861466,0.04058833300000231
martin_spotify,4,2048,1,207554.88708329172,0.03256937499999424
martin_spotify,4,2048,2,207242.52818136476,0.05593087500000138
martin_spotify,4,2048,3,207127.78922968564,0.042446749999996314
martin_spotify,4,2048,4,206873.67077308067,0.05208716699999627
martin_spotify,4,3072,0,206736.14106277592,0.0610196669999965
martin_spotify,4,3072,1,206852.07677416445,0.06280070900000112
martin_spotify,4,3072,2,207030.4568236834,0.05165441699999462
martin_spotify,4,3072,3,206980.99127958127,0.0709192079999923
martin_spotify,4,3072,4,206935.95531405025,0.05900937500000225
martin_spotify,4,4096,0,206610.38471061538,0.07753049999999462
martin_spotify,4,4096,1,206834.55196952802,0.07944841700000893
martin_spotify,4,4096,2,206850.34335914862,0.09624875000000088
martin_spotify,4,4096,3,206766.84745300803,0.06150170799999444
martin_spotify,4,4096,4,206682.05459604625,0.0598145410000086
martin_spotify,4,8192,0,206424.69935625684,0.09940766699999415
martin_spotify,4,8192,1,206537.42836138874,0.08250695799999619
martin_spotify,4,8192,2,206760.06789683743,0.07250745800000402
martin_spotify,4,8192,3,206485.74941216924,0.07926624999998921
martin_spotify,4,8192,4,206567.8349558256,0.10237924999999848
martin_spotify,6,64,0,190331.01572605903,0.004846166999996626
martin_spotify,6,64,1,184875.68674585078,0.004369083000000273
martin_spotify,6,64,2,195897.0352272976,0.004132042000009051
martin_spotify,6,64,3,192150.43868503574,0.0034757920000032527
martin_spotify,6,64,4,196286.34400968722,0.004849750000005315
martin_spotify,6,96,0,194861.98825004188,0.004454874999993308
martin_spotify,6,96,1,179723.11263406105,0.003638958999999886
martin_spotify,6,96,2,195833.9437121477,0.003349249999999415
martin_spotify,6,96,3,178531.5416178822,0.0037447910000025786
martin_spotify,6,96,4,191892.4400152526,0.003851875000009386
martin_spotify,6,128,0,186304.79878159228,0.004294000000001574
martin_spotify,6,128,1,178661.23070912296,0.0044031249999960664
martin_spotify,6,128,2,189461.45537086244,0.004468833000004224
martin_spotify,6,128,3,178192.42285986026,0.003908041999991951
martin_spotify,6,128,4,188834.79938410726,0.004394583000006946
martin_spotify,6,192,0,179048.61980223737,0.005208875000008106
martin_spotify,6,192,1,178256.5509899017,0.0047231669999945325
martin_spotify,6,192,2,187661.75077072464,0.004423207999991519
martin_spotify,6,192,3,175463.59076123952,0.004764291000000753
martin_spotify,6,192,4,182743.23702372762,0.005448334000007549
martin_spotify,6,256,0,178983.9166186461,0.005399416999992468
martin_spotify,6,256,1,179665.27048395926,0.004866124999992394
martin_spotify,6,256,2,175603.49730231022,0.0043715829999939615
martin_spotify,6,256,3,175260.4722417483,0.004732207999992966
martin_spotify,6,256,4,177560.381820153,0.004591290999997
martin_spotify,6,384,0,177888.6836425337,0.008707999999998606
martin_spotify,6,384,1,177261.34387589974,0.008871749999997292
martin_spotify,6,384,2,175361.63976488455,0.0078105000000050495
martin_spotify,6,384,3,175753.48590795806,0.009155125000006592
martin_spotify,6,384,4,177216.93912382374,0.008366708000011158
martin_spotify,6,512,0,176144.4335719543,0.01004895799999872
martin_spotify,6,512,1,177156.41723280223,0.00939945799999009
martin_spotify,6,512,2,172939.1743492089,0.00948554100000365
martin_spotify,6,512,3,174511.15623001722,0.010719374999993647
martin_spotify,6,512,4,174392.70854703934,0.009511125000003062
martin_spotify,6,768,0,173702.4202732491,0.015460708000006207
martin_spotify,6,768,1,173334.3391368738,0.014619249999995532
martin_spotify,6,768,2,172371.65494002416,0.017447791999998685
martin_spotify,6,768,3,174152.8974051069,0.015606750000003444
martin_spotify,6,768,4,172858.26715901567,0.013975833999992915
martin_spotify,6,1024,0,173901.3302564211,0.023074374999993097
martin_spotify,6,1024,1,173036.47174209153,0.021108499999996866
martin_spotify,6,1024,2,172399.70752195612,0.024939625000001797
martin_spotify,6,1024,3,173681.70191922656,0.025593250000000012
martin_spotify,6,1024,4,172994.62270915846,0.020747333000002754
martin_spotify,6,1536,0,172823.83443345918,0.03745200000000182
martin_spotify,6,1536,1,172276.82146323306,0.03867891699999859
martin_spotify,6,1536,2,173011.22609825307,0.03813862500000198
martin_spotify,6,1536,3,172328.72797855615,0.04027424999999596
martin_spotify,6,1536,4,172599.44416407903,0.03783929099999739
martin_spotify,6,2048,0,171988.8167584282,0.05403916699999911
martin_spotify,6,2048,1,171521.63140013567,0.057323875000008684
martin_spotify,6,2048,2,172079.75469521811,0.05768737500000043
martin_spotify,6,2048,3,172396.4662145796,0.047874958000008405
martin_spotify,6,2048,4,172416.02035649915,0.052073459000013145
martin_spotify,6,3072,0,171725.52628694862,0.06692683400000021
martin_spotify,6,3072,1,170896.51837076352,0.10651174999999569
martin_spotify,6,3072,2,171249.54011002625,0.12654104099999586
martin_spotify,6,3072,3,172131.39638684533,0.07804883299999688
martin_spotify,6,3072,4,171655.77075968648,0.06394999999999129
martin_spotify,6,4096,0,171943.09585557866,0.09022658299998909
martin_spotify,6,4096,1,171014.52873556246,0.12502612499999088
martin_spotify,6,4096,2,171394.88153066504,0.11507145900000637
martin_spotify,6,4096,3,170783.3070552721,0.11037629199999799
martin_spotify,6,4096,4,170921.27365242873,0.10566050000001326
martin_spotify,6,8192,0,170782.34348356287,0.15123124999999504
martin_spotify,6,8192,1,170605.67424094144,0.11448470899999563
martin_spotify,6,8192,2,170910.972455104,0.14790987500001052
martin_spotify,6,8192,3,171404.11104529706,0.1494297919999923
martin_spotify,6,8192,4,170643.05195051566,0.12996737500000677
martin_spotify,8,64,0,180892.0779288955,0.005113541999989479
martin_spotify,8,64,1,168991.84028926093,0.005588541999998142
martin_spotify,8,64,2,179182.10675636423,0.006134709000008343
martin_spotify,8,64,3,172588.93757738674,0.006077417000000196
martin_spotify,8,64,4,179789.96549087594,0.005096957999995766
martin_spotify,8,96,0,172661.2015277637,0.006420292000001382
martin_spotify,8,96,1,158350.89264932348,0.005904624999999442
martin_spotify,8,96,2,181888.9713525621,0.005474667000001432
martin_spotify,8,96,3,167122.0166022111,0.005663291999994158
martin_spotify,8,96,4,175143.02270774986,0.005574124999995433
martin_spotify,8,128,0,160167.24593207697,0.00646204200000966
martin_spotify,8,128,1,157429.82044081736,0.005590666999992777
martin_spotify,8,128,2,157536.59312942234,0.004317167000010613
martin_spotify,8,128,3,164087.28010930895,0.00457391700000187
martin_spotify,8,128,4,170636.59643223166,0.004484165999997458
martin_spotify,8,192,0,152217.84341920848,0.005618083999991086
martin_spotify,8,192,1,155462.08951858897,0.005641959000001862
martin_spotify,8,192,2,162573.97753395856,0.00578141700000856
martin_spotify,8,192,3,152535.65952035945,0.005587042000001929
martin_spotify,8,192,4,163764.28151521343,0.005846292000001085
martin_spotify,8,256,0,153028.98337766435,0.005858415999995259
martin_spotify,8,256,1,155133.7303153151,0.00615241699999558
martin_spotify,8,256,2,154515.8607183416,0.005728082999993944
martin_spotify,8,256,3,157555.34891627912,0.0058729160000012826
martin_spotify,8,256,4,159770.71581610403,0.006441957999996362
martin_spotify,8,384,0,150822.0847941179,0.010809292000004689
martin_spotify,8,384,1,151680.8610284455,0.010180958000006513
martin_spotify,8,384,2,153671.35104501122,0.011138208999994959
martin_spotify,8,384,3,156615.82626424648,0.009979916999995453
martin_spotify,8,384,4,153976.1863646573,0.011291583000001992
martin_spotify,8,512,0,149347.49279541796,0.00988083299999687
martin_spotify,8,512,1,152451.45646273415,0.01030204100000276
martin_spotify,8,512,2,150739.8990722318,0.010192375000002585
martin_spotify,8,512,3,150908.2175161566,0.010063875000000166
martin_spotify,8,512,4,150502.65632916288,0.008595333999991794
martin_spotify,8,768,0,149176.50531913145,0.0141410830000126
martin_spotify,8,768,1,150865.04456436445,0.01475316699999496
martin_spotify,8,768,2,150550.3508710977,0.017745916999999167
martin_spotify,8,768,3,149810.8882019506,0.015268042000002424
martin_spotify,8,768,4,149398.096851559,0.018073916999995276
martin_spotify,8,1024,0,148076.8669515316,0.021286207999992257
martin_spotify,8,1024,1,150260.5297736706,0.0269104169999963
martin_spotify,8,1024,2,151095.92939434218,0.022811875000002146
martin_spotify,8,1024,3,147876.5811164842,0.02247266700000239
martin_spotify,8,1024,4,148815.76263622072,0.021308165999997186
martin_spotify,8,1536,0,147323.9134021102,0.045517666999998596
martin_spotify,8,1536,1,149190.8821764542,0.05578112500000998
martin_spotify,8,1536,2,148081.29079949294,0.08859612500000935
martin_spotify,8,1536,3,147704.13036929382,0.048839041999997335
martin_spotify,8,1536,4,147968.24492279792,0.04638541699999621
martin_spotify,8,2048,0,147563.34343308618,0.04948341699999048
martin_spotify,8,2048,1,147510.3749651409,0.053209708000011346
martin_spotify,8,2048,2,147766.29570262364,0.05759329199999286
martin_spotify,8,2048,3,147717.7361705666,0.05492199999999059
martin_spotify,8,2048,4,147707.378780715,0.061554708000002734
martin_spotify,8,3072,0,147149.68021498213,0.07907791599998859
martin_spotify,8,3072,1,147120.24189441008,0.13530454200000008
martin_spotify,8,3072,2,146721.71037467336,0.11678770800000393
martin_spotify,8,3072,3,146758.08860690214,0.08219033299999978
martin_spotify,8,3072,4,146998.6424046137,0.08638345800000025
martin_spotify,8,4096,0,147239.28013530027,0.12835116700000526
martin_spotify,8,4096,1,146678.31646854238,0.12602712500000735
martin_spotify,8,4096,2,146391.0801355446,0.13111679200000026
martin_spotify,8,4096,3,146593.0169881568,0.14669616699998755
martin_spotify,8,4096,4,146780.39199429215,0.15690070899999853
martin_spotify,8,8192,0,146347.32276106565,0.165044709
martin_spotify,8,8192,1,146372.90141878385,0.1950203330000022
martin_spotify,8,8192,2,146337.25303506217,0.2201324579999948
martin_spotify,8,8192,3,146418.5917715859,0.17932183300000304
martin_spotify,8,8192,4,146423.82384144305,0.14281758300001002
martin_spotify,12,64,0,146820.23989514975,0.007785124999998061
martin_spotify,12,64,1,147672.51428004148,0.0071576659999976755
martin_spotify,12,64,2,155003.78972487416,0.007671583000004034
martin_spotify,12,64,3,151746.5501696376,0.007260334000008584
martin_spotify,12,64,4,148270.47000431523,0.006369332999994981
martin_spotify,12,96,0,143277.44284892787,0.007664582999993286
martin_spotify,12,96,1,137115.4572423716,0.007152417000000355
martin_spotify,12,96,2,146251.8514646987,0.00705370900000446
martin_spotify,12,96,3,147059.1453330503,0.007859625000008919
martin_spotify,12,96,4,145470.54599000904,0.006449375000002533
martin_spotify,12,128,0,138517.60110367285,0.0075529169999981605
martin_spotify,12,128,1,141553.27211398212,0.006856084000006035
martin_spotify,12,128,2,140283.37925793228,0.007176708000002918
martin_spotify,12,128,3,138691.49621984622,0.00819354099999714
martin_spotify,12,128,4,143328.9512179453,0.007378666999997563
martin_spotify,12,192,0,134765.62980567035,0.008056500000009237
martin_spotify,12,192,1,134274.446451717,0.008678583000005347
martin_spotify,12,192,2,136770.35419166842,0.008030375000004142
martin_spotify,12,192,3,135192.8723492683,0.007633750000010764
martin_spotify,12,192,4,135745.78038162793,0.0075692079999925
martin_spotify,12,256,0,129971.39276784302,0.00804587499999343
martin_spotify,12,256,1,134039.39137973174,0.007657749999992802
martin_spotify,12,256,2,130310.86815343924,0.009011999999998466
martin_spotify,12,256,3,131111.30678941993,0.0074991670000059685
martin_spotify,12,256,4,131785.4476421386,0.007761834000007184
martin_spotify,12,384,0,127971.98355308612,0.011444499999996083
martin_spotify,12,384,1,127921.45441220741,0.01196320900000103
martin_spotify,12,384,2,127263.7773711311,0.013106499999992138
martin_spotify,12,384,3,128650.6760969549,0.012582584000000452
martin_spotify,12,384,4,131038.09446125299,0.015092917000004036
martin_spotify,12,512,0,125094.98107158563,0.014951083999989123
martin_spotify,12,512,1,127625.46118141293,0.014596124999997073
martin_spotify,12,512,2,125043.37706074418,0.01454466699999557
martin_spotify,12,512,3,129352.95288363175,0.013558958000004395
martin_spotify,12,512,4,126772.8550603526,0.014566750000000184
martin_spotify,12,768,0,125385.34903639836,0.020261415999996757
martin_spotify,12,768,1,125922.52401749633,0.02010425000000282
martin_spotify,12,768,2,126202.73741860206,0.01852129200000263
martin_spotify,12,768,3,126345.3473314904,0.019941916999997034
martin_spotify,12,768,4,125337.90017447868,0.01917104199999642
martin_spotify,12,1024,0,123231.70211006237,0.027493208999999297
martin_spotify,12,1024,1,125312.19150896392,0.030828208999992057
martin_spotify,12,1024,2,124026.7031705742,0.025258624999992207
martin_spotify,12,1024,3,124006.19439929712,0.02604325000000074
martin_spotify,12,1024,4,123580.11721879918,0.028582749999998214
martin_spotify,12,1536,0,123805.60076570579,0.04336291700001027
martin_spotify,12,1536,1,124797.38840033195,0.04697129200000916
martin_spotify,12,1536,2,122745.88026806571,0.05152512499999773
martin_spotify,12,1536,3,123315.3393085556,0.04086225000000354
martin_spotify,12,1536,4,122843.10756245199,0.04949262499999918
martin_spotify,12,2048,0,123012.8003726397,0.07153154099999881
martin_spotify,12,2048,1,121944.76837430077,0.07184837500000185
martin_spotify,12,2048,2,122304.4415117862,0.06688883300000725
martin_spotify,12,2048,3,122114.72497119971,0.06254141600000196
martin_spotify,12,2048,4,122467.297934645,0.07179737500000272
martin_spotify,12,3072,0,121309.31185040058,0.12855333299999927
martin_spotify,12,3072,1,121401.08655877547,0.11910691699999632
martin_spotify,12,3072,2,122808.66406002479,0.1189997500000004
martin_spotify,12,3072,3,121360.10440717083,0.10172041699999568
martin_spotify,12,3072,4,122953.44594229182,0.11334570800001131
martin_spotify,12,4096,0,121070.8305057006,0.13197212500000433
martin_spotify,12,4096,1,121253.07235054759,0.16618520900000533
martin_spotify,12,4096,2,121117.91273826528,0.14190866600000618
martin_spotify,12,4096,3,121426.12558290773,0.14058812500000784
martin_spotify,12,4096,4,121769.75285808959,0.14431991700000424
martin_spotify,12,8192,0,120770.31585820379,0.1566936250000026
martin_spotify,12,8192,1,121081.50077443082,0.1889438339999998
martin_spotify,12,8192,2,121116.69148840361,0.19333779200000833
martin_spotify,12,8192,3,121168.92046980988,0.1798823329999948
martin_spotify,12,8192,4,121007.26554861641,0.18586662499998852
martin_spotify,16,64,0,134406.73769911964,0.008651374999999462
martin_spotify,16,64,1,134518.29991239813,0.009054541000011795
martin_spotify,16,64,2,135191.1090480302,0.008601291999994487
martin_spotify,16,64,3,136206.20084138904,0.008342040999991696
martin_spotify,16,64,4,136654.04187628505,0.007818749999998431
martin_spotify,16,96,0,130493.84624577955,0.007787084000000277
martin_spotify,16,96,1,127834.35196331727,0.008732707999996592
martin_spotify,16,96,2,131534.71204967346,0.008105082999989577
martin_spotify,16,96,3,126809.39492869371,0.007941250000001787
martin_spotify,16,96,4,134341.32823820174,0.00727291699999455
martin_spotify,16,128,0,125430.75980860445,0.008496167000004107
martin_spotify,16,128,1,125501.63222857266,0.00800262500000315
martin_spotify,16,128,2,126463.2065675828,0.006934499999999844
martin_spotify,16,128,3,124062.03727188008,0.009810290999993754
martin_spotify,16,128,4,129638.67563152165,0.009341500000004999
martin_spotify,16,192,0,118185.57736052509,0.009120207999998797
martin_spotify,16,192,1,121907.17155893598,0.00813937499999895
martin_spotify,16,192,2,118022.33220668788,0.007916915999999219
martin_spotify,16,192,3,119543.18002046042,0.011738874999991822
martin_spotify,16,192,4,123631.1657379768,0.00914891700000453
martin_spotify,16,256,0,115207.05051995604,0.0102736249999964
martin_spotify,16,256,1,118827.86747263525,0.010036417000009124
martin_spotify,16,256,2,116462.35486390881,0.008760500000008165
martin_spotify,16,256,3,117404.37400903805,0.009177415999999994
martin_spotify,16,256,4,120745.7943730418,0.009624291000008611
martin_spotify,16,384,0,114183.1679485798,0.013408791999992786
martin_spotify,16,384,1,114744.4901262021,0.01334162499999536
martin_spotify,16,384,2,114082.67361751669,0.013501124999990566
martin_spotify,16,384,3,118019.20343331454,0.011092000000004987
martin_spotify,16,384,4,115928.23986218663,0.014014375000002133
martin_spotify,16,512,0,111355.86233938129,0.01230295800000647
martin_spotify,16,512,1,115792.34146693528,0.011909041999999204
martin_spotify,16,512,2,111002.42202801058,0.011904790999992088
martin_spotify,16,512,3,114635.60016743303,0.01397270799999717
martin_spotify,16,512,4,114735.17382977219,0.011637125000007131
martin_spotify,16,768,0,110586.30223910461,0.017905458000001317
martin_spotify,16,768,1,114158.51021264461,0.01786670900000331
martin_spotify,16,768,2,111317.47983453578,0.017113041000001772
martin_spotify,16,768,3,112291.08835180075,0.017732749999993302
martin_spotify,16,768,4,110867.96737828475,0.01665062499999692
martin_spotify,16,1024,0,109176.8578911666,0.024861540999992826
martin_spotify,16,1024,1,112154.1179321835,0.029876542000010886
martin_spotify,16,1024,2,108710.07571255293,0.027456459000006816
martin_spotify,16,1024,3,110909.73998207774,0.02564041699999109
martin_spotify,16,1024,4,109280.16986928222,0.027656000000007452
martin_spotify,16,1536,0,108968.68110613641,0.04044816699999387
martin_spotify,16,1536,1,108712.3129465285,0.04597641600000202
martin_spotify,16,1536,2,109025.32365610237,0.04249883299999624
martin_spotify,16,1536,3,108695.70164096232,0.05432541599999752
martin_spotify,16,1536,4,108542.70944254885,0.0544490000000053
martin_spotify,16,2048,0,108552.66705829362,0.06806045800000504
martin_spotify,16,2048,1,109023.2767377512,0.07106037499998763
martin_spotify,16,2048,2,108494.0493013835,0.08452037499999676
martin_spotify,16,2048,3,107071.87380544588,0.06613937500000588
martin_spotify,16,2048,4,109251.02604513343,0.06922479199999998
martin_spotify,16,3072,0,107643.18759597698,0.1143080829999974
martin_spotify,16,3072,1,106814.52178484146,0.11369383299999924
martin_spotify,16,3072,2,107021.58026135492,0.12005770800000448
martin_spotify,16,3072,3,106331.22554988273,0.1058907909999931
martin_spotify,16,3072,4,107654.12857329537,0.12308508400001017
martin_spotify,16,4096,0,106917.59923358409,0.2226512499999984
martin_spotify,16,4096,1,106795.95381670189,0.1260227080000078
martin_spotify,16,4096,2,106888.05030228425,0.14904020899999182
martin_spotify,16,4096,3,106212.35758296144,0.14858283300000608
martin_spotify,16,4096,4,106826.8448298033,0.16805775000000267
martin_spotify,16,8192,0,105965.46077763334,0.25849145800000883
martin_spotify,16,8192,1,105947.30694722822,0.2903340000000014
martin_spotify,16,8192,2,105830.56588600934,0.21840195800000117
martin_spotify,16,8192,3,105961.38701169555,0.20049133300000221
martin_spotify,16,8192,4,106078.13557725662,0.19433837500000095
martin_spotify,24,64,0,111218.58185626815,0.009640709000009906
martin_spotify,24,64,1,117110.77419782129,0.008440707999994856
martin_spotify,24,64,2,121619.89603000546,0.009522958999994557
martin_spotify,24,64,3,115527.1698881998,0.010256499999997004
martin_spotify,24,64,4,118148.82357611341,0.008821791999992001
martin_spotify,24,96,0,116629.06321081032,0.00995324999999525
martin_spotify,24,96,1,110583.69491857637,0.009676083000002222
martin_spotify,24,96,2,116407.77525246725,0.009244832999996788
martin_spotify,24,96,3,112274.0505066752,0.009182082999998897
martin_spotify,24,96,4,112021.90302147507,0.009206707999993569
martin_spotify,24,128,0,110716.15313865752,0.009479458000001273
martin_spotify,24,128,1,106126.77507344697,0.009908374999994862
martin_spotify,24,128,2,105142.68265231614,0.010117457999996304
martin_spotify,24,128,3,108448.61742422338,0.011188875000001985
martin_spotify,24,128,4,112059.64805930376,0.008560541999997895
martin_spotify,24,192,0,103329.21766319574,0.009824499999993463
martin_spotify,24,192,1,104598.74532178254,0.009615541999991706
martin_spotify,24,192,2,103079.09845211667,0.009271874999996044
martin_spotify,24,192,3,103270.91345384649,0.0094988330000092
martin_spotify,24,192,4,104495.40280699849,0.01010441699999376
martin_spotify,24,256,0,99163.9762636223,0.011083291000005602
martin_spotify,24,256,1,103913.66109373211,0.010100832999995646
martin_spotify,24,256,2,100654.7779499853,0.010617125000010219
martin_spotify,24,256,3,101658.98089835835,0.01090987499999585
martin_spotify,24,256,4,101197.64696089056,0.010684667000006698
martin_spotify,24,384,0,97672.61046461188,0.013494417000003978
martin_spotify,24,384,1,100581.36544211028,0.01360908300000574
martin_spotify,24,384,2,97446.6155588368,0.01422562500000879
martin_spotify,24,384,3,98638.512406094,0.014344416000000138
martin_spotify,24,384,4,101767.88080247787,0.012988917000001265
martin_spotify,24,512,0,94659.00866908382,0.015278834000000074
martin_spotify,24,512,1,97397.36312866956,0.016031666000003497
martin_spotify,24,512,2,95138.35271043841,0.01677458300000012
martin_spotify,24,512,3,97443.20971332732,0.01432337500000358
martin_spotify,24,512,4,96756.24149010872,0.016425875000010137
martin_spotify,24,768,0,93072.70725079019,0.022399458999998956
martin_spotify,24,768,1,94697.27039175297,0.02218154100000902
martin_spotify,24,768,2,94018.46980321364,0.020722165999998765
martin_spotify,24,768,3,94194.19526956628,0.020917999999994663
martin_spotify,24,768,4,93979.91877236532,0.02226920799999732
martin_spotify,24,1024,0,93424.32764046818,0.030431625000005624
martin_spotify,24,1024,1,93149.26354241539,0.029332084000003533
martin_spotify,24,1024,2,92363.55617272433,0.03329479200000662
martin_spotify,24,1024,3,92888.46481470982,0.02776695800000084
martin_spotify,24,1024,4,94124.17196001965,0.03012212499999123
martin_spotify,24,1536,0,91206.83141574393,0.04625933300000895
martin_spotify,24,1536,1,91907.05985317795,0.04811183300000721
martin_spotify,24,1536,2,91668.64227554417,0.049378416999999786
martin_spotify,24,1536,3,90292.20031158887,0.045040374999999244
martin_spotify,24,1536,4,92475.51807133316,0.047895166999992966
martin_spotify,24,2048,0,91199.2304855544,0.07423845900000003
martin_spotify,24,2048,1,90582.67899822997,0.05964337500000738
martin_spotify,24,2048,2,90586.92128784601,0.0670178329999942
martin_spotify,24,2048,3,91107.33557690568,0.07141891700000258
martin_spotify,24,2048,4,91391.71046198737,0.06374720900001307
martin_spotify,24,3072,0,89637.68982799657,0.1130793749999981
martin_spotify,24,3072,1,89729.14615086625,0.11295987500000138
martin_spotify,24,3072,2,89924.11319423853,0.11345279200000391
martin_spotify,24,3072,3,89480.04807000578,0.11925887499999988
martin_spotify,24,3072,4,91069.20102537046,0.10006008300000246
martin_spotify,24,4096,0,89801.46064305624,0.15549350000000572
martin_spotify,24,4096,1,89368.61413680522,0.20365200000000527
martin_spotify,24,4096,2,89588.15858300624,0.21003845799999965
martin_spotify,24,4096,3,89401.29461097233,0.1531058750000085
martin_spotify,24,4096,4,89776.58256245924,0.16921499999999412
martin_spotify,24,8192,0,88433.75536615033,0.26576604199999565
martin_spotify,24,8192,1,89023.40575954661,0.27240245800000196
martin_spotify,24,8192,2,88808.61500779437,0.2768911250000059
martin_spotify,24,8192,3,88593.38577687107,0.29419699999999693
martin_spotify,24,8192,4,88896.43886649136,0.2471750830000019
martin_spotify,32,64,0,105475.94215878662,0.010768499999997516
martin_spotify,32,64,1,106677.02087868039,0.009845249999997918
martin_spotify,32,64,2,110129.03977058156,0.009910040999997705
martin_spotify,32,64,3,106598.22913721483,0.010644541999994317
martin_spotify,32,64,4,105173.12713785686,0.010130333999995855
martin_spotify,32,96,0,102838.83209527616,0.010532416999993188
martin_spotify,32,96,1,100159.1856864171,0.010786957999997071
martin_spotify,32,96,2,106787.74565470526,0.010324957999998219
martin_spotify,32,96,3,100538.75978445346,0.01030629100000624
martin_spotify,32,96,4,102920.62511693352,0.010071416000002387
martin_spotify,32,128,0,98431.2792570395,0.010798457999996458
martin_spotify,32,128,1,98289.41199812612,0.010890958999993927
martin_spotify,32,128,2,96409.69011874794,0.011001833000008787
martin_spotify,32,128,3,99317.18439926989,0.012416958000002865
martin_spotify,32,128,4,101213.88558948506,0.010935291999999208
martin_spotify,32,192,0,94159.23674333922,0.012229167000000984
martin_spotify,32,192,1,97265.36387981317,0.011955082999989486
martin_spotify,32,192,2,92319.16181362691,0.031002041999997232
martin_spotify,32,192,3,91367.6502326472,0.021694916000001285
martin_spotify,32,192,4,91943.11788553177,0.018760333000003016
martin_spotify,32,256,0,91005.74534334523,0.01282283300000131
martin_spotify,32,256,1,91535.67118998527,0.012835999999992964
martin_spotify,32,256,2,90850.77983811873,0.012371542000011004
martin_spotify,32,256,3,90501.06144889299,0.012797292000001903
martin_spotify,32,256,4,92446.48998001133,0.012480041000003439
martin_spotify,32,384,0,86557.2592140976,0.017194416999998907
martin_spotify,32,384,1,87784.74780966803,0.015009333000008951
martin_spotify,32,384,2,87368.86542897922,0.016218124999994643
martin_spotify,32,384,3,89618.19603888632,0.014547249999992573
martin_spotify,32,384,4,89550.67359348162,0.015189125000006243
martin_spotify,32,512,0,84331.08974970167,0.01764137499999663
martin_spotify,32,512,1,87662.12673868482,0.016800958000004584
martin_spotify,32,512,2,85474.22807583667,0.018965166000000977
martin_spotify,32,512,3,86919.89908281185,0.01752700000000118
martin_spotify,32,512,4,86674.12861873348,0.01694304200000829
martin_spotify,32,768,0,83832.4359403977,0.02233479200000943
martin_spotify,32,768,1,84340.72636972106,0.02187737500000253
martin_spotify,32,768,2,83602.22769453524,0.02373679199999401
martin_spotify,32,768,3,85558.30311955359,0.021627207999998177
martin_spotify,32,768,4,83866.52647601464,0.02146083300000612
martin_spotify,32,1024,0,83033.48467716757,0.03123137500000439
martin_spotify,32,1024,1,84259.46564760723,0.02962400000001253
martin_spotify,32,1024,2,82507.1876131422,0.030148624999995377
martin_spotify,32,1024,3,82933.33092662142,0.02785958300000857
martin_spotify,32,1024,4,83186.89361289916,0.029140083000001482
martin_spotify,32,1536,0,81811.22056663623,0.05509083300000839
martin_spotify,32,1536,1,82529.39400011448,0.04937791700000105
martin_spotify,32,1536,2,81684.83289506983,0.04859966600000121
martin_spotify,32,1536,3,81274.354860132,0.04661320900000021
martin_spotify,32,1536,4,82093.5327182994,0.05160291699999675
martin_spotify,32,2048,0,80861.77315048932,0.06465045799998848
martin_spotify,32,2048,1,81471.49430476209,0.06852891699999475
martin_spotify,32,2048,2,80623.4850552804,0.06836612499999717
martin_spotify,32,2048,3,80342.96214908382,0.06958654199999614
martin_spotify,32,2048,4,81439.46601736416,0.07113045899998838
martin_spotify,32,3072,0,79757.4361372474,0.1447906669999952
martin_spotify,32,3072,1,79493.93549490019,0.10851416700000982
martin_spotify,32,3072,2,79481.4903452169,0.12448891600000422
martin_spotify,32,3072,3,79669.56460619785,0.13221449999998924
martin_spotify,32,3072,4,81168.72902146919,0.11992662500000506
martin_spotify,32,4096,0,79685.6719653994,0.18286849999999788
martin_spotify,32,4096,1,79775.71815632064,0.15957045800000458
martin_spotify,32,4096,2,78908.87149586412,0.21432624999999916
martin_spotify,32,4096,3,78934.91675899025,0.1768660839999967
martin_spotify,32,4096,4,79792.99499520971,0.1549047919999964
martin_spotify,32,8192,0,78376.17620153796,0.2692569999999961
martin_spotify,32,8192,1,78091.57141636545,0.27181429200000196
martin_spotify,32,8192,2,78643.00563352277,0.24030987500000833
martin_spotify,32,8192,3,78772.39087795801,0.25719345799998905
martin_spotify,32,8192,4,78571.32763291016,0.27244366700000455
martin_spotify,48,64,0,89889.14151474737,0.015086166000003232
martin_spotify,48,64,1,94836.80429387186,0.01391062499999407
martin_spotify,48,64,2,94409.21164266813,0.014041832999993176
martin_spotify,48,64,3,92254.59466096507,0.014601374999998029
martin_spotify,48,64,4,90331.75004795362,0.01554258400000208
martin_spotify,48,96,0,89353.13697708369,0.01412791699999616
martin_spotify,48,96,1,86200.19297237083,0.014685958000001165
martin_spotify,48,96,2,91191.69594895266,0.01657941700000265
martin_spotify,48,96,3,86394.78971234559,0.014219792000005782
martin_spotify,48,96,4,87274.00480698372,0.014794124999994551
martin_spotify,48,128,0,86761.698515927,0.014884041000001957
martin_spotify,48,128,1,84599.47216512199,0.015484291000007033
martin_spotify,48,128,2,85290.85705460295,0.015599708999999962
martin_spotify,48,128,3,83484.33611502018,0.015435834000001591
martin_spotify,48,128,4,86008.56891751164,0.016974000000004708
martin_spotify,48,192,0,81806.69283776695,0.015738124999998604
martin_spotify,48,192,1,80291.93205099803,0.01653916599998695
martin_spotify,48,192,2,80930.13401345063,0.015516958999995722
martin_spotify,48,192,3,79906.71150330023,0.015465125000005742
martin_spotify,48,192,4,81011.28064506914,0.01626029099999471
martin_spotify,48,256,0,78647.9930019376,0.016779541999994763
martin_spotify,48,256,1,79921.32643590528,0.01643162499999562
martin_spotify,48,256,2,78801.99964942446,0.016390208000004236
martin_spotify,48,256,3,77288.19778489377,0.017502540999998928
martin_spotify,48,256,4,79244.44698402405,0.016656915999988087
martin_spotify,48,384,0,74823.28766184577,0.01975212500001078
martin_spotify,48,384,1,75915.43928219946,0.019325082999998244
martin_spotify,48,384,2,74275.26034221755,0.019077874999993583
martin_spotify,48,384,3,75638.81512609664,0.02005345899999611
martin_spotify,48,384,4,77728.3114966767,0.019417833000005658
martin_spotify,48,512,0,73260.42028495995,0.021431833000008282
martin_spotify,48,512,1,74152.89762662956,0.021346833000009724
martin_spotify,48,512,2,73687.02677047628,0.02147220800000582
martin_spotify,48,512,3,75229.21884315312,0.02057479100000137
martin_spotify,48,512,4,73842.35368501321,0.021051291000006245
martin_spotify,48,768,0,72271.69616571385,0.02618083299999796
martin_spotify,48,768,1,72938.60327550453,0.02640008299999863
martin_spotify,48,768,2,71212.78144650909,0.02652612500000373
martin_spotify,48,768,3,72840.81535895083,0.028336125000009815
martin_spotify,48,768,4,73463.73955013043,0.027533208999997782
martin_spotify,48,1024,0,70449.85422735411,0.033867749999998864
martin_spotify,48,1024,1,72017.608128362,0.03231783300000757
martin_spotify,48,1024,2,70703.64125946708,0.03245970800000464
martin_spotify,48,1024,3,71086.9538951553,0.03351741599999514
martin_spotify,48,1024,4,71184.33822985218,0.03340204199999164
martin_spotify,48,1536,0,69019.15638695471,0.05153074999999774
martin_spotify,48,1536,1,69782.0325262404,0.053441124999991985
martin_spotify,48,1536,2,69083.10316602499,0.051462874999998576
martin_spotify,48,1536,3,69476.82903885937,0.05332541700001059
martin_spotify,48,1536,4,69923.0617164483,0.049412165999996205
martin_spotify,48,2048,0,68574.59627823513,0.06732104099999958
martin_spotify,48,2048,1,67801.54576282164,0.07685883300000285
martin_spotify,48,2048,2,68447.45869743293,0.07330912499999442
martin_spotify,48,2048,3,68605.89995681147,0.07935566599999788
martin_spotify,48,2048,4,68400.07791880588,0.07266316599999811
martin_spotify,48,3072,0,66716.21277479283,0.13085966699999574
martin_spotify,48,3072,1,67171.39479749292,0.11588170800000341
martin_spotify,48,3072,2,67089.45336666652,0.13082791699999063
martin_spotify,48,3072,3,67379.25151348686,0.11245387499999993
martin_spotify,48,3072,4,67861.55442387042,0.1144991249999947
martin_spotify,48,4096,0,66253.05018135814,0.16461345799999094
martin_spotify,48,4096,1,66462.68606767556,0.23348820800001135
martin_spotify,48,4096,2,66819.87405170481,0.16358020799999906
martin_spotify,48,4096,3,66271.66921425349,0.16800474999999437
martin_spotify,48,4096,4,67043.34525121604,0.15016566600000658
martin_spotify,48,8192,0,65817.1508109492,0.2586880839999992
martin_spotify,48,8192,1,65275.822065319386,0.28053829099999916
martin_spotify,48,8192,2,65452.462298615086,0.2957472499999909
martin_spotify,48,8192,3,65308.56342868194,0.27402879199999575
martin_spotify,48,8192,4,65604.6522270651,0.28000141700000825
martin_spotify,64,96,0,82319.28005264283,0.019662957999997843
martin_spotify,64,96,1,79467.83336189397,0.019453374999997664
martin_spotify,64,96,2,82807.89194740096,0.019283417000011127
martin_spotify,64,96,3,76580.12403646628,0.02110974999999371
martin_spotify,64,96,4,78696.56715836404,0.02012579199998754
martin_spotify,64,128,0,78047.70016873826,0.020058208000008904
martin_spotify,64,128,1,76964.08220142392,0.020577041999999324
martin_spotify,64,128,2,75916.14110205472,0.021181166999994616
martin_spotify,64,128,3,74452.68382820979,0.020060583000002907
martin_spotify,64,128,4,76363.71047677974,0.021749292000009746
martin_spotify,64,192,0,73578.86486238976,0.023626417000002675
martin_spotify,64,192,1,73364.27059103649,0.02233116700000437
martin_spotify,64,192,2,72124.63720742188,0.023189833000003546
martin_spotify,64,192,3,72241.42537347111,0.022826542000004224
martin_spotify,64,192,4,74614.59709578162,0.021660959000001867
martin_spotify,64,256,0,71476.27891412734,0.02274362500000393
martin_spotify,64,256,1,71243.70344283602,0.022533791000000747
martin_spotify,64,256,2,70803.3305698257,0.02392929100000174
martin_spotify,64,256,3,69511.60322983042,0.022715750000003254
martin_spotify,64,256,4,71595.97311531406,0.023019791999999484
martin_spotify,64,384,0,67327.71200167568,0.02689137500000527
martin_spotify,64,384,1,67402.87611864456,0.02772829200000615
martin_spotify,64,384,2,67633.35407887661,0.027679750000004333
martin_spotify,64,384,3,68313.98340807778,0.027174833000003673
martin_spotify,64,384,4,70645.52539224511,0.028109583000002658
martin_spotify,64,512,0,65530.45238498716,0.029433416000003376
martin_spotify,64,512,1,66543.52414187528,0.032106749999996964
martin_spotify,64,512,2,65904.62098776067,0.029519917000001783
martin_spotify,64,512,3,65622.56985605507,0.029410375000011868
martin_spotify,64,512,4,67034.06896774222,0.02740787499999442
martin_spotify,64,768,0,64175.327812851276,0.03701554100000237
martin_spotify,64,768,1,65178.47834974196,0.037713207999999554
martin_spotify,64,768,2,64312.651381497795,0.03568562499999928
martin_spotify,64,768,3,64670.571562197256,0.03654750000001172
martin_spotify,64,768,4,65048.56732622601,0.03479691700000842
martin_spotify,64,1024,0,62334.90414805126,0.041601459000006
martin_spotify,64,1024,1,63601.9352551338,0.04036233300000447
martin_spotify,64,1024,2,62008.81001151374,0.04348820799999942
martin_spotify,64,1024,3,62439.10958495694,0.043052334000009296
martin_spotify,64,1024,4,63610.80588220495,0.04147720800000343
martin_spotify,64,1536,0,60706.03092947305,0.056103999999990606
martin_spotify,64,1536,1,61046.99030442372,0.06451437500000168
martin_spotify,64,1536,2,61633.538664685635,0.05403487499999926
martin_spotify,64,1536,3,62209.309493441295,0.057652500000003215
martin_spotify,64,1536,4,62462.15750148632,0.05663816699998847
martin_spotify,64,2048,0,60173.50554728606,0.0804820000000035
martin_spotify,64,2048,1,59923.24974322178,0.07805020899999704
martin_spotify,64,2048,2,60826.373114308306,0.07827891699999157
martin_spotify,64,2048,3,60451.924745983175,0.07559116599999527
martin_spotify,64,2048,4,61032.393436460225,0.07520645900000034
martin_spotify,64,3072,0,59610.11207543158,0.13715037499999028
martin_spotify,64,3072,1,59216.61222448718,0.12414249999999072
martin_spotify,64,3072,2,59450.660539412514,0.12937075000000675
martin_spotify,64,3072,3,59761.23123941215,0.11731441700000289
martin_spotify,64,3072,4,59396.22317121258,0.11148391700000104
martin_spotify,64,4096,0,59045.326669013164,0.15796433399999898
martin_spotify,64,4096,1,58698.638680927805,0.16992550000000506
martin_spotify,64,4096,2,59333.09692920018,0.19087166699999614
martin_spotify,64,4096,3,59070.40115250363,0.18385862500001338
martin_spotify,64,4096,4,59012.21253675099,0.17844108299999561
martin_spotify,64,8192,0,57651.617612916634,0.298750124999998
martin_spotify,64,8192,1,57524.1537926214,0.26709283300000664
martin_spotify,64,8192,2,57725.69458155073,0.29885683400000573
martin_spotify,64,8192,3,57843.62514175132,0.3272442080000104
martin_spotify,64,8192,4,57851.9571119228,0.27129012500000727
uber,2,64,0,1096735.5029461985,0.007852584000005436
uber,2,64,1,936874.8978851697,0.007971291000004044
uber,2,64,2,978779.0403311407,0.008080292000002487
uber,2,64,3,1030549.5898307991,0.007189792000005468
uber,2,64,4,956860.9214528337,0.008457625000005464
uber,2,96,0,1103179.7487963797,0.009723875000005933
uber,2,96,1,915761.0421279434,0.008179041999994752
uber,2,96,2,1103487.0508237274,0.009028125000000387
uber,2,96,3,1043553.5872397064,0.007904792000005045
uber,2,96,4,991628.905133699,0.009267583999999829
uber,2,128,0,951113.8290938447,0.008435333999997852
uber,2,128,1,915476.4055178307,0.008539874999996755
uber,2,128,2,920144.0685017556,0.011726499999994644
uber,2,128,3,1024273.9232187546,0.007343833000007294
uber,2,128,4,985337.3705797666,0.009544417000000749
uber,2,192,0,932764.2083993559,0.009284334000000172
uber,2,192,1,915883.1968601153,0.008853041999998368
uber,2,192,2,920258.8579807457,0.008956166999993798
uber,2,192,3,916676.3443585429,0.00869170800000063
uber,2,192,4,968965.8885565753,0.00970799999998917
uber,2,256,0,921995.9864761073,0.009120999999993273
uber,2,256,1,915273.5522104886,0.009377000000000635
uber,2,256,2,922151.8816270527,0.00888858300000095
uber,2,256,3,923673.8820892598,0.00937266699999384
uber,2,256,4,956323.9636844507,0.009071583999997301
uber,2,384,0,918877.8737878706,0.01101954199999966
uber,2,384,1,917399.6326268971,0.013120959000005428
uber,2,384,2,923563.1209974039,0.013091833000004272
uber,2,384,3,914974.5274968618,0.013309667000001468
uber,2,384,4,933746.8740585273,0.015642459000005715
uber,2,512,0,919450.6461838648,0.012320083000005866
uber,2,512,1,916513.7588270978,0.013948374999998236
uber,2,512,2,923650.8898967067,0.010478166999988048
uber,2,512,3,914632.7352952234,0.016688916999996195
uber,2,512,4,925407.0495311149,0.014160167000000001
uber,2,768,0,917742.6242031237,0.0161885830000017
uber,2,768,1,914838.1538570672,0.01409087500000794
uber,2,768,2,919381.9986025951,0.014719040999992217
uber,2,768,3,914547.4724533946,0.01531108300000028
uber,2,768,4,921460.1479470971,0.019067165999999247
uber,2,1024,0,916809.2515860985,0.02158779200000538
uber,2,1024,1,914740.9369217255,0.017710749999992004
uber,2,1024,2,918763.2527951832,0.02230645800000275
uber,2,1024,3,914679.1168099301,0.017645790999992528
uber,2,1024,4,917273.7493050783,0.017265749999992863
uber,2,1536,0,914630.7301269269,0.025279457999999977
uber,2,1536,1,915524.7967020661,0.028753750000007017
uber,2,1536,2,914899.3595579875,0.023520417000000293
uber,2,1536,3,914589.1677406732,0.02433429200000603
uber,2,1536,4,916472.379331431,0.030012958000000367
uber,2,2048,0,914275.849961147,0.0325456660000043
uber,2,2048,1,915573.2214940803,0.03221366699999351
uber,2,2048,2,914164.5625039823,0.03647262500000181
uber,2,2048,3,914905.9847775772,0.03230766600000834
uber,2,2048,4,914998.6356756222,0.03355941700000642
uber,2,3072,0,914416.1261016689,0.04736179100000015
uber,2,3072,1,914721.03996712,0.041249167000003695
uber,2,3072,2,914098.520717264,0.04170637500000396
uber,2,3072,3,914684.4738700696,0.04073841599999639
uber,2,3072,4,914812.0908806495,0.048465666000012675
uber,2,4096,0,914616.1557144851,0.04912766700000759
uber,2,4096,1,915654.2868525194,0.059820375000001036
uber,2,4096,2,914074.1371845406,0.04751879100000167
uber,2,4096,3,915038.6162656295,0.04654116599999725
uber,2,4096,4,914578.8375089756,0.046649999999999636
uber,2,8192,0,915194.7193902511,0.05456879200001197
uber,2,8192,1,915100.0390999954,0.06615941699999439
uber,2,8192,2,914311.0225802355,0.07772437500000251
uber,2,8192,3,914403.7520584387,0.061402041999997437
uber,2,8192,4,914517.3332751113,0.05954091699999253
uber,3,64,0,699213.6366669979,0.007659333000006541
uber,3,64,1,683832.5714690192,0.0069767499999926486
uber,3,64,2,647576.0102485211,0.007171083000002909
uber,3,64,3,683995.2105864588,0.00783970900000952
uber,3,64,4,672751.4706509633,0.008300207999994313
uber,3,96,0,677613.5154869673,0.007596583999998074
uber,3,96,1,700596.939444187,0.008184208000017179
uber,3,96,2,644778.3917866063,0.007605667000007088
uber,3,96,3,686358.8348604067,0.008336291000006213
uber,3,96,4,695837.3693840436,0.006799833000002309
uber,3,128,0,674156.2626003822,0.008144208000004483
uber,3,128,1,676225.5706520375,0.008090750000008029
uber,3,128,2,635801.8833716285,0.008736166999995021
uber,3,128,3,675622.0704103941,0.011585458000013205
uber,3,128,4,690733.864293979,0.014656874999985803
uber,3,192,0,673446.4766360355,0.00992949999999837
uber,3,192,1,624041.8197453524,0.009614875000011125
uber,3,192,2,624862.7510074358,0.010597584000009874
uber,3,192,3,657588.0644669028,0.011736249999984238
uber,3,192,4,660984.561552166,0.009332166000007192
uber,3,256,0,671923.8685390668,0.010683333000002904
uber,3,256,1,621706.4914245276,0.009879291999993711
uber,3,256,2,625375.833231623,0.009222166999990122
uber,3,256,3,654487.0053394493,0.009409582999978738
uber,3,256,4,637151.2190515671,0.00933566699998778
uber,3,384,0,655306.8888281536,0.013228375000011283
uber,3,384,1,625625.5363869593,0.013698374999989937
uber,3,384,2,626126.286704009,0.014559124999976802
uber,3,384,3,644940.2814331655,0.011924416999988807
uber,3,384,4,642761.7698287407,0.012654749999995829
uber,3,512,0,648314.0674015983,0.014100458000001481
uber,3,512,1,623959.9713742652,0.016036000000013928
uber,3,512,2,623391.9398571169,0.022277959000007286
uber,3,512,3,630334.2574030191,0.01463333299997771
uber,3,512,4,644028.7030647745,0.013988209000018514
uber,3,768,0,634366.4414032628,0.018013999999993757
uber,3,768,1,624383.1259419903,0.018336291999986543
uber,3,768,2,621190.0362483396,0.016461082999995824
uber,3,768,3,623344.5825160916,0.01413116599999853
uber,3,768,4,622545.6058003994,0.02058470800000123
uber,3,1024,0,631171.9306178036,0.02000666600000045
uber,3,1024,1,622786.8209243963,0.018424124999995684
uber,3,1024,2,621336.3184356384,0.022037375000024895
uber,3,1024,3,622569.6757740565,0.027875500000021702
uber,3,1024,4,623744.553329141,0.01880183399998714
uber,3,1536,0,627633.3291941391,0.02706033300000854
uber,3,1536,1,622954.8262805034,0.024862124999998514
uber,3,1536,2,620572.0331965834,0.0246324169999923
uber,3,1536,3,621041.8114129864,0.03353445799999122
uber,3,1536,4,622138.6653359731,0.022759874999991325
uber,3,2048,0,623161.5444069338,0.03930258300002265
uber,3,2048,1,621954.8976623933,0.03267533299998604
uber,3,2048,2,620421.2864392392,0.0366332500000226
uber,3,2048,3,621456.1078822863,0.04451095900000723
uber,3,2048,4,621362.7470110712,0.03960183300000608
uber,3,3072,0,622215.8078925612,0.05900062499998171
uber,3,3072,1,620461.6588454876,0.07280229099998792
uber,3,3072,2,620442.7813947747,0.06846954200000255
uber,3,3072,3,620648.1705512269,0.051268958000008524
uber,3,3072,4,620928.8442057477,0.05536237500001562
uber,3,4096,0,620950.0529275641,0.057855625000001965
uber,3,4096,1,620500.2122590898,0.06737304099999619
uber,3,4096,2,620376.2576571043,0.08212691599999289
uber,3,4096,3,621039.5915428853,0.06854937500000347
uber,3,4096,4,620545.0227533707,0.04794870899999637
uber,3,8192,0,620447.0746406225,0.08169904199999678
uber,3,8192,1,621359.5228295774,0.07811891700001183
uber,3,8192,2,620621.3710428196,0.05554670800000849
uber,3,8192,3,620585.0400165133,0.07860095799998135
uber,3,8192,4,620671.6431033767,0.0865148329999954
uber,4,64,0,479156.98571180704,0.009303666000022304
uber,4,64,1,429758.8346841359,0.008429583000008734
uber,4,64,2,429846.8108226052,0.008668999999997595
uber,4,64,3,564039.3229822096,0.007915542000006326
uber,4,64,4,442278.90365249134,0.0074871249999830525
uber,4,96,0,508994.2999021652,0.008470041999999012
uber,4,96,1,426629.6987144834,0.008138458000019
uber,4,96,2,430160.84423384635,0.007587040999993633
uber,4,96,3,446700.6210787266,0.008692666999991161
uber,4,96,4,521854.6091125086,0.008371457999999166
uber,4,128,0,440363.94364028814,0.007766208999981927
uber,4,128,1,421332.7475321163,0.008596166999979005
uber,4,128,2,420373.31050845975,0.009351874999993015
uber,4,128,3,436897.4811323276,0.008777666000014506
uber,4,128,4,521686.04748695646,0.00791429199998106
uber,4,192,0,439832.7011750756,0.009492832999995926
uber,4,192,1,417611.2980832766,0.009603416999993897
uber,4,192,2,418668.0555427475,0.009855375000000777
uber,4,192,3,427095.2078325044,0.008833916000014597
uber,4,192,4,493222.0677957117,0.009579124999987698
uber,4,256,0,423341.7433010684,0.009529959000019517
uber,4,256,1,420137.3104883381,0.010299500000002126
uber,4,256,2,422677.95441371936,0.009215666000017109
uber,4,256,3,431632.3210903652,0.010397834000002604
uber,4,256,4,450567.7569971978,0.009442750000005162
uber,4,384,0,429758.7615254954,0.012303792000011526
uber,4,384,1,420900.47904201347,0.012257500000004029
uber,4,384,2,420958.7936448797,0.013064582999987806
uber,4,384,3,423990.7341359087,0.011095542000020941
uber,4,384,4,432659.8121974349,0.012410290999980589
uber,4,512,0,431293.4841855951,0.01361545899999328
uber,4,512,1,417332.0269811049,0.011931083000007447
uber,4,512,2,417184.9535622287,0.01154158299999608
uber,4,512,3,417240.4699859643,0.0119209580000188
uber,4,512,4,429220.0209686261,0.014493791000006695
uber,4,768,0,427279.7075805085,0.014990500000010343
uber,4,768,1,416173.1177697836,0.01653566699999942
uber,4,768,2,415643.7537352366,0.01653029199999878
uber,4,768,3,414145.1624110755,0.017240667000010035
uber,4,768,4,416001.69023774023,0.015633207999997012
uber,4,1024,0,422807.7395716682,0.020442833000004157
uber,4,1024,1,417304.7881952527,0.019331125000007887
uber,4,1024,2,416467.4791562451,0.01823808299999996
uber,4,1024,3,413937.5953772572,0.019823000000002367
uber,4,1024,4,416526.43990869663,0.022584666999989622
uber,4,1536,0,416101.7920962431,0.02883008300000256
uber,4,1536,1,418501.44708067016,0.024974332999988746
uber,4,1536,2,415588.97079949995,0.028599209000020664
uber,4,1536,3,414052.64043880627,0.026849040999991303
uber,4,1536,4,416551.95973151637,0.027913167000008343
uber,4,2048,0,414199.2170842344,0.03442920800000593
uber,4,2048,1,416815.57018136344,0.034593042000011565
uber,4,2048,2,414124.8781112227,0.033112250000016274
uber,4,2048,3,414642.80254374084,0.03866500000000883
uber,4,2048,4,414754.9933031189,0.030705499999982067
uber,4,3072,0,414159.1972771485,0.050355832999997574
uber,4,3072,1,413876.2761230145,0.05130900000000338
uber,4,3072,2,414135.86559629877,0.048507916999994904
uber,4,3072,3,414472.0792456388,0.05011079199999813
uber,4,3072,4,414348.788982834,0.0477909579999789
uber,4,4096,0,414328.51081230864,0.05572970800000121
uber,4,4096,1,413893.80493357475,0.05405249999998318
uber,4,4096,2,413776.6079945637,0.056046790999999985
uber,4,4096,3,414862.5555858362,0.07181587499999864
uber,4,4096,4,414674.3009659424,0.049238207999991346
uber,4,8192,0,414199.48562568135,0.07883554199997889
uber,4,8192,1,413757.85572989646,0.08438204199998722
uber,4,8192,2,413748.8244863351,0.0776361669999801
uber,4,8192,3,414480.6641042819,0.07665720900001816
uber,4,8192,4,413866.4335638651,0.08018562499998438
uber,6,64,0,316454.3806535594,0.007937458000014885
uber,6,64,1,285984.66093012656,0.008854958000000579
uber,6,64,2,288473.22003749455,0.008214167000005546
uber,6,64,3,324044.59707233496,0.008214707999997017
uber,6,64,4,291041.5191278699,0.008837541000019655
uber,6,96,0,282142.75861938845,0.009212250000018685
uber,6,96,1,282197.933565673,0.009030916999989813
uber,6,96,2,276231.85533781926,0.007763374999996131
uber,6,96,3,316654.63373297756,0.00866462499999443
uber,6,96,4,282028.20238342707,0.007873959000022523
uber,6,128,0,278492.57701480144,0.009756458999987672
uber,6,128,1,275293.094816919,0.009391750000020238
uber,6,128,2,275458.5355877713,0.008947583999997732
uber,6,128,3,315275.91576001456,0.008829915999996274
uber,6,128,4,282900.86256106227,0.00960941700000717
uber,6,192,0,272588.8056665004,0.009023291999994854
uber,6,192,1,270846.0699221221,0.009799207999975579
uber,6,192,2,276550.12456580566,0.009758792000013727
uber,6,192,3,283208.8232801642,0.011257624999984728
uber,6,192,4,276262.108852481,0.01041345799998794
uber,6,256,0,268358.28090238693,0.01097091700000874
uber,6,256,1,269716.3669695653,0.010497832999988077
uber,6,256,2,274608.50209892855,0.010267290999991019
uber,6,256,3,273865.73297417175,0.0112802080000165
uber,6,256,4,273236.2237995353,0.011121250000002192
uber,6,384,0,268010.235459106,0.014705292000002146
uber,6,384,1,267522.82241267926,0.013443333999987317
uber,6,384,2,276272.0681470207,0.0158747920000053
uber,6,384,3,267977.4425222156,0.015897499999994125
uber,6,384,4,270089.8030826112,0.013516416000015852
uber,6,512,0,268912.5818045387,0.01445358300000521
uber,6,512,1,264825.79774470767,0.013614082999993116
uber,6,512,2,265604.5908174559,0.015159000000011247
uber,6,512,3,265169.5547807365,0.01811291599997844
uber,6,512,4,267987.8792208775,0.017181832999995095
uber,6,768,0,266940.1565088692,0.0202508749999879
uber,6,768,1,265472.0879426172,0.022596374999977797
uber,6,768,2,264755.3071333978,0.016732833000020264
uber,6,768,3,263877.67231165717,0.017052750000004835
uber,6,768,4,266112.7424965971,0.02053787500000226
uber,6,1024,0,265173.2450272311,0.026052792000001546
uber,6,1024,1,264985.073404511,0.022801708999992343
uber,6,1024,2,264763.25800167205,0.022785666000004312
uber,6,1024,3,264075.1727688882,0.02412295900001027
uber,6,1024,4,264765.9600540648,0.025043166000017436
uber,6,1536,0,264161.51569279836,0.027986459000004515
uber,6,1536,1,265445.00866373273,0.028417665999995734
uber,6,1536,2,264412.9800707973,0.02718329199998948
uber,6,1536,3,263812.0188777319,0.02866199999999708
uber,6,1536,4,264719.8302610763,0.035960458000005247
uber,6,2048,0,263339.08409425523,0.03756495800001858
uber,6,2048,1,265164.88635602803,0.038658625000010716
uber,6,2048,2,264332.7699599285,0.04278620799999544
uber,6,2048,3,263666.95988073206,0.045117166000011366
uber,6,2048,4,263992.72265940346,0.04708495799999923
uber,6,3072,0,263544.7732317285,0.04720012499998916
uber,6,3072,1,264514.0250323539,0.05797983300001874
uber,6,3072,2,263991.78897163505,0.04919779200000107
uber,6,3072,3,263255.70488276216,0.05289554199998747
uber,6,3072,4,264493.5619706495,0.06496129199999245
uber,6,4096,0,263261.4450790508,0.0568965409999862
uber,6,4096,1,263554.7823524703,0.06585041599998931
uber,6,4096,2,263503.58632465475,0.08144116700000836
uber,6,4096,3,263122.7283432811,0.06747479100002352
uber,6,4096,4,263665.62391162675,0.07280395799998018
uber,6,8192,0,263130.7535958741,0.1104400000000112
uber,6,8192,1,263257.2944442966,0.10109037499998408
uber,6,8192,2,263042.78228617925,0.07864454199997795
uber,6,8192,3,263012.8399087559,0.08054779100001497
uber,6,8192,4,263459.5986245429,0.1049067090000051
uber,8,64,0,261678.72119958038,0.009076625000005833
uber,8,64,1,249133.29549484738,0.008052834000011444
uber,8,64,2,223088.02060662076,0.009045334000006733
uber,8,64,3,257632.25189694515,0.009254749999996648
uber,8,64,4,241809.82204800626,0.008691375000012158
uber,8,96,0,236219.86096281427,0.009513707999985854
uber,8,96,1,222933.63607264505,0.009211707999980945
uber,8,96,2,225836.21304435717,0.007965708000000404
uber,8,96,3,226575.43273553438,0.009505458000006684
uber,8,96,4,219612.97533780793,0.008821375000025
uber,8,128,0,226152.38295184285,0.008936125000019501
uber,8,128,1,222055.16605045288,0.009587584000001925
uber,8,128,2,217062.51428447274,0.010064458999977433
uber,8,128,3,230609.21844909934,0.010155666000002839
uber,8,128,4,215765.38542704645,0.009666457999998102
uber,8,192,0,236795.6967825442,0.010901332999992519
uber,8,192,1,211993.26796871197,0.009794959000004155
uber,8,192,2,238805.8509030058,0.010238583000017343
uber,8,192,3,215565.56822402778,0.010378750000000991
uber,8,192,4,219763.11221737685,0.01040516599999819
uber,8,256,0,216780.29093683316,0.009863499999994474
uber,8,256,1,214481.1720589594,0.011286916999978303
uber,8,256,2,234118.03760391742,0.011567415999991226
uber,8,256,3,213097.0572836889,0.011989583000001858
uber,8,256,4,213229.3594057006,0.011252458000001297
uber,8,384,0,213179.87734736621,0.015608333000017183
uber,8,384,1,214890.5918175292,0.015226042000023199
uber,8,384,2,211779.10144876808,0.013831417000005786
uber,8,384,3,211285.06359420795,0.014733750000004875
uber,8,384,4,211955.3356501615,0.015233249999994314
uber,8,512,0,212929.8674537912,0.014260750000005373
uber,8,512,1,207238.16335632236,0.016237875000001623
uber,8,512,2,212208.4675774922,0.01649479100001372
uber,8,512,3,209309.39529706023,0.01518425000000434
uber,8,512,4,209173.75015701345,0.015595915999995213
uber,8,768,0,204521.21322645113,0.019831999999979644
uber,8,768,1,207081.7512728232,0.01954679199999987
uber,8,768,2,208163.17745243662,0.020791166000009298
uber,8,768,3,203187.53267101807,0.01899879199999077
uber,8,768,4,204050.78659381066,0.018540416000007554
uber,8,1024,0,204281.50132473832,0.02678279100001646
uber,8,1024,1,202458.13166922383,0.025952458999995542
uber,8,1024,2,202538.9513936813,0.025459458000000268
uber,8,1024,3,201613.701282361,0.023633541999998897
uber,8,1024,4,208455.08379700955,0.024439375000014252
uber,8,1536,0,206273.70593069965,0.036476458999999295
uber,8,1536,1,203163.66998883238,0.034691291000001456
uber,8,1536,2,201011.34160497392,0.03458858299998724
uber,8,1536,3,208075.02149767373,0.03989945899999725
uber,8,1536,4,206289.34400488655,0.03164908400000854
uber,8,2048,0,204097.4942025714,0.040787542000003896
uber,8,2048,1,202099.40252311857,0.04354795800000488
uber,8,2048,2,201383.9954067576,0.04315500000001293
uber,8,2048,3,201174.82453935122,0.050003540999995266
uber,8,2048,4,201623.10476153012,0.036703750000015134
uber,8,3072,0,205674.7969860054,0.061386167000023306
uber,8,3072,1,200690.82396517158,0.05406375000001162
uber,8,3072,2,200696.77745961226,0.05910908399999926
uber,8,3072,3,200457.27060999218,0.054158792000009726
uber,8,3072,4,201416.56288654965,0.050018249999993714
uber,8,4096,0,200152.5702427147,0.07675262500001168
uber,8,4096,1,200432.1034599503,0.07457504100000278
uber,8,4096,2,200358.07080562192,0.06844937500000015
uber,8,4096,3,200433.3801997466,0.07565666700000406
uber,8,4096,4,200479.65730867832,0.07710558299999093
uber,8,8192,0,200189.16462298282,0.11494991699998991
uber,8,8192,1,200295.32310642677,0.0781477499999994
uber,8,8192,2,200054.99845422266,0.08708187500002396
uber,8,8192,3,200093.6697625892,0.0856325409999954
uber,8,8192,4,200025.43512599284,0.08301174999999716
uber,12,64,0,176394.4431457762,0.010947500000014543
uber,12,64,1,164858.01516809812,0.009504417000016474
uber,12,64,2,168081.47891916597,0.01106216700000573
uber,12,64,3,171814.31099222891,0.009824750000007043
uber,12,64,4,183250.3849702313,0.010718249999996488
uber,12,96,0,159562.17390521328,0.010775208000012526
uber,12,96,1,156499.3589026143,0.010487917000006064
uber,12,96,2,154564.43625592664,0.010753999999991493
uber,12,96,3,175263.2102111107,0.010369999999994661
uber,12,96,4,149273.86493946842,0.0103757910000013
uber,12,128,0,164310.27754968213,0.012256957999994711
uber,12,128,1,152550.74685684644,0.0108197920000066
uber,12,128,2,161706.12130563782,0.01078608299999928
uber,12,128,3,156997.19743023597,0.012143374999993739
uber,12,128,4,151355.01208753468,0.011614667000003465
uber,12,192,0,147461.13875082598,0.012666707999983373
uber,12,192,1,156978.89718183994,0.01138879200001952
uber,12,192,2,152523.23502929136,0.011184084000007033
uber,12,192,3,149994.6815331439,0.013289415999992116
uber,12,192,4,149208.5289638293,0.012897624999993695
uber,12,256,0,145359.58963502335,0.014903165999982093
uber,12,256,1,150291.3348361494,0.012657541999999466
uber,12,256,2,139935.33580516189,0.01277824999999666
uber,12,256,3,147825.74258560897,0.013288291999998592
uber,12,256,4,142890.58886416018,0.014350082999982305
uber,12,384,0,143525.60943060106,0.017195834000006016
uber,12,384,1,142252.73232000286,0.016350708000004488
uber,12,384,2,151248.34652616244,0.01840041600001996
uber,12,384,3,138353.3752784371,0.016998000000000957
uber,12,384,4,140179.99633638232,0.017029583000010007
uber,12,512,0,135751.53486849842,0.018412416999979087
uber,12,512,1,138101.29055583655,0.018400374999998803
uber,12,512,2,137364.7276038137,0.01684966599998461
uber,12,512,3,138111.99389275015,0.015524583000001257
uber,12,512,4,138125.67869988983,0.01621108399999116
uber,12,768,0,135734.82677856108,0.024955082999980505
uber,12,768,1,135407.12568559533,0.02132187500001237
uber,12,768,2,138391.87558827657,0.022426417000019683
uber,12,768,3,138195.0435591537,0.021831417000015563
uber,12,768,4,136580.18313366786,0.025152208999998038
uber,12,1024,0,134695.27411341,0.03165062499999749
uber,12,1024,1,134642.5087097047,0.025845082999978786
uber,12,1024,2,134428.15093861494,0.02611366700000417
uber,12,1024,3,135427.48490852144,0.027411374999985583
uber,12,1024,4,135434.65200401322,0.02958725000002005
uber,12,1536,0,133569.99016205355,0.03605054100000871
uber,12,1536,1,135369.41700122325,0.036360166999998
uber,12,1536,2,135546.28562854978,0.0376012500000229
uber,12,1536,3,134246.59356772405,0.03660845800001766
uber,12,1536,4,134949.83981577968,0.03823054200000797
uber,12,2048,0,133265.1883039064,0.06205720799999881
uber,12,2048,1,133590.59601770443,0.052842083000001594
uber,12,2048,2,135156.40286857224,0.043787583000010954
uber,12,2048,3,133426.13756217383,0.049630624999991824
uber,12,2048,4,133395.94085956426,0.05249625000001856
uber,12,3072,0,133079.35062294212,0.07136299999999096
uber,12,3072,1,133668.97948016095,0.07284033299998782
uber,12,3072,2,133494.76845571,0.05361058399998342
uber,12,3072,3,134901.8162646754,0.07492083299999308
uber,12,3072,4,132915.1238154003,0.07084358400001634
uber,12,4096,0,132709.58300577075,0.10275812500000825
uber,12,4096,1,133321.18439912636,0.07146079100002112
uber,12,4096,2,132290.26367678828,0.09163979099997732
uber,12,4096,3,133078.21239732552,0.09192600000000084
uber,12,4096,4,132675.54857696712,0.0867625839999846
uber,12,8192,0,132445.50098279063,0.12736083299998313
uber,12,8192,1,132541.09555100914,0.11690670800001612
uber,12,8192,2,132069.96035793066,0.11288912500000947
uber,12,8192,3,132034.42870056938,0.09316812500000538
uber,12,8192,4,132070.9800893762,0.12131016699999009
uber,16,64,0,145674.99971948564,0.012001416999993353
uber,16,64,1,119116.64095764783,0.011910583000002362
uber,16,64,2,131131.35470711504,0.011215584000012768
uber,16,64,3,135252.64774345144,0.012401791999991474
uber,16,64,4,123445.79919825743,0.009957584000005681
uber,16,96,0,121852.92911900974,0.011117917000007083
uber,16,96,1,111394.68958565991,0.01125633399999515
uber,16,96,2,130194.68256956514,0.011935332999996717
uber,16,96,3,119310.92382882409,0.012350624999982074
uber,16,96,4,113506.68579935849,0.013192583000005698
uber,16,128,0,125426.35154307167,0.012883209000023044
uber,16,128,1,115615.67667344518,0.012618625000015982
uber,16,128,2,123144.00870022751,0.011831542000010131
uber,16,128,3,120984.76855360894,0.011827499999981228
uber,16,128,4,122213.81408949914,0.013064540999977226
uber,16,192,0,121216.80983953118,0.013273375000011356
uber,16,192,1,104780.62230405683,0.013184999999992897
uber,16,192,2,108545.31550171063,0.012828250000012531
uber,16,192,3,112061.87779180967,0.014128333000002158
uber,16,192,4,114655.65084780821,0.014930375000005824
uber,16,256,0,103445.27364697447,0.014917083000000275
uber,16,256,1,103579.18477774237,0.015044291999998904
uber,16,256,2,105893.18692310347,0.015515208000010716
uber,16,256,3,107754.57143000822,0.015326958000002833
uber,16,256,4,108715.90764470569,0.015658250000001317
uber,16,384,0,102043.16893356005,0.01907970799999248
uber,16,384,1,103621.50301739338,0.018616750000006732
uber,16,384,2,99060.43400625761,0.02046141700000703
uber,16,384,3,107038.51871067096,0.018961084000011397
uber,16,384,4,108288.71631006802,0.01936875000001237
uber,16,512,0,101402.98757055792,0.01973095800002511
uber,16,512,1,98696.74537150243,0.01961149999999634
uber,16,512,2,101188.47739114557,0.019909249999983558
uber,16,512,3,98261.04015482638,0.01909583300002282
uber,16,512,4,97527.6671886913,0.019367625000001
uber,16,768,0,97861.81343591466,0.026548500000018294
uber,16,768,1,98395.89935200886,0.023839959000014233
uber,16,768,2,98457.02536428845,0.02459279199999287
uber,16,768,3,99497.27669557963,0.0270267919999867
uber,16,768,4,96493.94166433974,0.02661366700002077
uber,16,1024,0,98719.38894586638,0.03181850000001418
uber,16,1024,1,96164.95087757052,0.027733874999995578
uber,16,1024,2,96139.2876984468,0.03395399999999427
uber,16,1024,3,97709.6307578743,0.030820583000007673
uber,16,1024,4,95883.37082696795,0.02965304099998889
uber,16,1536,0,97323.49130598998,0.040469374999986485
uber,16,1536,1,96629.8680589299,0.03865483399999903
uber,16,1536,2,95399.54706825335,0.04856345799998962
uber,16,1536,3,96955.56844106765,0.03675895800000717
uber,16,1536,4,95961.18792186923,0.04438170900002092
uber,16,2048,0,95769.6455004422,0.049084415999999464
uber,16,2048,1,95883.61125371985,0.04905641700000274
uber,16,2048,2,96509.97122682232,0.05450220900002023
uber,16,2048,3,96589.20457665932,0.04679358300001013
uber,16,2048,4,96627.02549886848,0.04737612499999955
uber,16,3072,0,96407.66794071843,0.065035249999994
uber,16,3072,1,94734.58282517454,0.060145500000004404
uber,16,3072,2,94654.41180148395,0.08194541599999638
uber,16,3072,3,94782.65967119046,0.08445100000000139
uber,16,3072,4,94932.04662735024,0.07973841599999787
uber,16,4096,0,95699.64956614324,0.09055012499999293
uber,16,4096,1,95983.47924955419,0.08995850000002292
uber,16,4096,2,94556.97771126608,0.08245287500000131
uber,16,4096,3,94610.49801371849,0.0862872910000192
uber,16,4096,4,96032.11684903696,0.08536900000001424
uber,16,8192,0,94470.77246938793,0.10706170899999279
uber,16,8192,1,94366.68402563904,0.10730012499999475
uber,16,8192,2,95318.0248939241,0.12071545800000649
uber,16,8192,3,94293.04880970264,0.11370470899998963
uber,16,8192,4,95683.23385592848,0.10258012500000291
uber,24,64,0,99172.29655171843,0.012917874999999412
uber,24,64,1,84367.964535829,0.014489042000008112
uber,24,64,2,92928.82451010386,0.013424874999998337
uber,24,64,3,97508.7611755477,0.013479915999994319
uber,24,64,4,92244.0693124778,0.013230958000008286
uber,24,96,0,88756.20395534927,0.013814458999974022
uber,24,96,1,82286.69981327935,0.01570779200000061
uber,24,96,2,92717.19140892751,0.015135958000001892
uber,24,96,3,91339.00741259525,0.014861625000008871
uber,24,96,4,84323.22405499962,0.015006707999987157
uber,24,128,0,80685.4311221102,0.01673312500000179
uber,24,128,1,78414.3235942179,0.016514165999979014
uber,24,128,2,81821.754759591,0.017866290999990042
uber,24,128,3,82164.49751694853,0.017499249999985977
uber,24,128,4,84505.87524356636,0.01737074999999777
uber,24,192,0,78320.50569293588,0.018322291999993467
uber,24,192,1,73032.00996851033,0.019152708000007124
uber,24,192,2,81328.96500821256,0.019310208999996803
uber,24,192,3,77683.97691512009,0.01985358299998552
uber,24,192,4,80892.28273111969,0.019199791999994886
uber,24,256,0,72920.70774859683,0.020178290999979254
uber,24,256,1,73148.63741103145,0.020208832999998094
uber,24,256,2,77184.18751199711,0.021373750000009295
uber,24,256,3,76011.24292888855,0.021741375000004837
uber,24,256,4,71134.09160140809,0.0202903330000197
uber,24,384,0,70134.39678795713,0.02221841700000482
uber,24,384,1,70197.94631635392,0.022856415999996216
uber,24,384,2,71484.84508452677,0.023293166000001975
uber,24,384,3,70850.98827165962,0.023609082999996645
uber,24,384,4,73144.69168671139,0.023203708000011147
uber,24,512,0,71356.88598105384,0.02589995800002498
uber,24,512,1,68969.44456984673,0.024669791999997415
uber,24,512,2,69368.08070359069,0.026006624999979522
uber,24,512,3,70498.62480480965,0.026899499999984755
uber,24,512,4,71028.6402761198,0.025362833000002638
uber,24,768,0,68337.93226693544,0.028337334000013925
uber,24,768,1,67843.5299787387,0.027667624999992313
uber,24,768,2,67607.11281945699,0.028723500000012336
uber,24,768,3,69293.13165371615,0.030082375000006323
uber,24,768,4,69589.346220996,0.02960733300000129
uber,24,1024,0,66873.65066099404,0.03457470800000806
uber,24,1024,1,68340.9964571427,0.0336684160000118
uber,24,1024,2,66896.39138082202,0.03482712500002094
uber,24,1024,3,67708.89021050857,0.03243429099998707
uber,24,1024,4,70649.56783595419,0.03834395800001289
uber,24,1536,0,66429.62332888687,0.04416920799999957
uber,24,1536,1,66911.17124755884,0.048901125000014645
uber,24,1536,2,66747.0079240186,0.04988233399998876
uber,24,1536,3,66316.24270441591,0.048461083999995935
uber,24,1536,4,68047.29048611339,0.04685304199998086
uber,24,2048,0,66170.97605797688,0.06255541699999867
uber,24,2048,1,67143.64571442334,0.059136332999997876
uber,24,2048,2,64811.52409965794,0.060974958000002744
uber,24,2048,3,66185.78679254916,0.051113374999999905
uber,24,2048,4,68826.22263401398,0.050551041000005625
uber,24,3072,0,65431.78406620636,0.08280541700000299
uber,24,3072,1,67512.893124018,0.08173512499999447
uber,24,3072,2,63948.89065253965,0.07892012500002465
uber,24,3072,3,66116.27476016665,0.08776387500000737
uber,24,3072,4,65698.83694350683,0.07648674999998661
uber,24,4096,0,65516.46756764055,0.09438912499999219
uber,24,4096,1,64132.48806821112,0.09332399999999552
uber,24,4096,2,65210.68305778922,0.09762850000001322
uber,24,4096,3,65025.39922249984,0.09603824999999233
uber,24,4096,4,65223.40509728764,0.11233129100000383
uber,24,8192,0,63705.934713357914,0.13335695800000735
uber,24,8192,1,65494.953264280135,0.12567716600000267
uber,24,8192,2,63910.815409187126,0.14063162499999748
uber,24,8192,3,63171.57607586951,0.13591645799999696
uber,24,8192,4,64320.804086637574,0.12242829199999505
uber,32,64,0,82454.40333124142,0.013756292000010717
uber,32,64,1,70339.88572561681,0.014147042000018928
uber,32,64,2,67279.11716254882,0.01684208300000023
uber,32,64,3,81160.27074533595,0.01524187500001517
uber,32,64,4,77375.40690086805,0.016296291000003293
uber,32,96,0,69436.7366212462,0.015976084000016044
uber,32,96,1,66715.12962338518,0.01696562500001164
uber,32,96,2,66939.62252463079,0.01765858299998513
uber,32,96,3,68012.75158401705,0.019044250000007423
uber,32,96,4,64647.3807598027,0.019928666999987854
uber,32,128,0,64243.330495317336,0.020664624999994885
uber,32,128,1,60063.78201855713,0.020869625000017322
uber,32,128,2,65415.214286096845,0.020265833999985716
uber,32,128,3,67808.35584059506,0.02169866600002024
uber,32,128,4,68290.05486747841,0.023544082999990223
uber,32,192,0,56764.47131471042,0.022033292000003257
uber,32,192,1,58323.79898416788,0.023436834000023055
uber,32,192,2,60157.702857078875,0.0234777910000048
uber,32,192,3,59476.919909207,0.024425041000000647
uber,32,192,4,60867.224789227024,0.035856749999993554
uber,32,256,0,58736.58213985064,0.026451041000001396
uber,32,256,1,54464.41684681796,0.024216790999986415
uber,32,256,2,60260.99908885262,0.023368707999992466
uber,32,256,3,58055.15648110229,0.023568457999999737
uber,32,256,4,54960.81395829507,0.024899749999974574
uber,32,384,0,57079.91858780382,0.02637858299999607
uber,32,384,1,54659.9658797404,0.026408707999991066
uber,32,384,2,56945.513757645516,0.026814500000000407
uber,32,384,3,56468.10791317423,0.02614350000001764
uber,32,384,4,58594.000193561515,0.026996041000018067
uber,32,512,0,56981.76993679484,0.029267000000004373
uber,32,512,1,52874.48279460159,0.028247583000023724
uber,32,512,2,54919.056263384875,0.02875954199998887
uber,32,512,3,53639.1067106406,0.029028333000013617
uber,32,512,4,56999.26198433397,0.029365666999979112
uber,32,768,0,52366.875197956026,0.03449458399998662
uber,32,768,1,52881.80115371618,0.03210799999999381
uber,32,768,2,52491.877726404964,0.032495415999989063
uber,32,768,3,54674.05708154056,0.033475000000009913
uber,32,768,4,53604.621945781364,0.03563566600001877
uber,32,1024,0,51730.73566081375,0.03871049999997922
uber,32,1024,1,52007.08981159132,0.03879604099998346
uber,32,1024,2,50715.4988449292,0.03846408300000803
uber,32,1024,3,52995.242617439326,0.03767949999999587
uber,32,1024,4,53862.300226163694,0.038609457999996266
uber,32,1536,0,51331.09982526038,0.05290420899999049
uber,32,1536,1,51506.23851139821,0.05661070799999379
uber,32,1536,2,50374.007207940165,0.05203408400001308
uber,32,1536,3,51971.440662056375,0.05404441700000007
uber,32,1536,4,51212.85610182406,0.05266800000001126
uber,32,2048,0,50976.25332543071,0.06946333299998741
uber,32,2048,1,49978.85852439313,0.06315037500002063
uber,32,2048,2,48567.86197555376,0.06528974999997672
uber,32,2048,3,49654.2539033245,0.06642558300001156
uber,32,2048,4,49390.0659494714,0.0626133330000016
uber,32,3072,0,49402.5782569598,0.08659154100001842
uber,32,3072,1,50621.86404184816,0.07936429199997974
uber,32,3072,2,48482.56467133727,0.08287375000000452
uber,32,3072,3,48793.03020366803,0.09285966599998119
uber,32,3072,4,49682.0950292716,0.09659325000001218
uber,32,4096,0,48808.102890583286,0.11834837500001072
uber,32,4096,1,48836.402007619276,0.11619937500000788
uber,32,4096,2,47567.33345981485,0.11352124999999091
uber,32,4096,3,47823.40185163979,0.11053179199998908
uber,32,4096,4,48234.52130020963,0.10985558400000173
uber,32,8192,0,48807.507783497975,0.1589331669999865
uber,32,8192,1,47787.285061161136,0.125483083000006
uber,32,8192,2,48102.0161428738,0.1385595829999886
uber,32,8192,3,47459.03579765039,0.15980054199999927
uber,32,8192,4,48577.08174537815,0.1311414589999913
uber,48,64,0,68505.37482740245,0.02085916699999757
uber,48,64,1,57914.33537130427,0.022378625000015973
uber,48,64,2,57333.883535789624,0.023325457999987975
uber,48,64,3,67758.54684160293,0.022052709000007553
uber,48,64,4,66299.88131898771,0.02342649999999935
uber,48,96,0,56045.04493097428,0.02606787499999541
uber,48,96,1,51088.69984742687,0.025157458999984783
uber,48,96,2,51135.44833402328,0.02780179199999111
uber,48,96,3,49409.81137079998,0.027967332999992323
uber,48,96,4,50944.367402992524,0.029263874999998052
uber,48,128,0,51595.1268760726,0.029714250000012044
uber,48,128,1,44232.65969786403,0.029154375000018717
uber,48,128,2,51313.50931743088,0.028169124999976702
uber,48,128,3,47996.64146087069,0.028665416999984927
uber,48,128,4,48522.44460538411,0.026896707999981118
uber,48,192,0,41511.743183651284,0.029245874999986654
uber,48,192,1,40236.717882489655,0.030136124999984304
uber,48,192,2,44008.154103057364,0.034012125000003834
uber,48,192,3,39677.00169773142,0.029959625000003598
uber,48,192,4,44534.141703886955,0.030312875000021222
uber,48,256,0,37661.01368528224,0.02992754199999581
uber,48,256,1,39221.77752754361,0.031410875000005944
uber,48,256,2,41544.90769231582,0.03055383299999903
uber,48,256,3,39688.33638119164,0.030028791999995974
uber,48,256,4,41285.04986406842,0.029252833000015244
uber,48,384,0,38897.38621061911,0.03399704099999212
uber,48,384,1,38165.92707434472,0.03370783300002245
uber,48,384,2,40333.114180392535,0.03549362500001507
uber,48,384,3,37090.46376669116,0.03418533400000001
uber,48,384,4,38010.34694713049,0.033968708999992714
uber,48,512,0,39158.231405490005,0.03734316699998885
uber,48,512,1,36539.6685078339,0.036740207999997665
uber,48,512,2,38562.76419071184,0.03842083300000354
uber,48,512,3,38020.85663354108,0.037565499999999474
uber,48,512,4,36479.258505303755,0.050459875000001375
uber,48,768,0,36190.154260093426,0.04135908300000324
uber,48,768,1,34871.053501309594,0.042945209000009754
uber,48,768,2,35644.935896973635,0.0446560839999961
uber,48,768,3,36475.17412110776,0.043353332999998884
uber,48,768,4,37681.47711774948,0.0430560830000104
uber,48,1024,0,36185.97394865718,0.04818362499997875
uber,48,1024,1,34546.03385689062,0.04820433300000104
uber,48,1024,2,34704.63226146703,0.06443225000001007
uber,48,1024,3,34964.799512851205,0.04770862500001272
uber,48,1024,4,35268.49270355697,0.046296584000003804
uber,48,1536,0,34091.9985394611,0.06303791700000261
uber,48,1536,1,34918.07306996487,0.06305462500000658
uber,48,1536,2,33366.662488765825,0.0646302919999755
uber,48,1536,3,34157.05239567997,0.06094720799998754
uber,48,1536,4,33718.574265474315,0.0611786249999966
uber,48,2048,0,33826.8122288198,0.08170849999999064
uber,48,2048,1,33512.649690026316,0.07375858399998947
uber,48,2048,2,32752.115301707905,0.07768491699999913
uber,48,2048,3,34429.88132040278,0.073995291000017
uber,48,2048,4,33739.41689193162,0.07790520899999365
uber,48,3072,0,32763.995484200725,0.11039645799999676
uber,48,3072,1,33024.94134704127,0.10717116699998996
uber,48,3072,2,32677.56651523461,0.10336937499999976
uber,48,3072,3,32148.880185691414,0.10721929200002478
uber,48,3072,4,33348.58505978392,0.09489083299999379
uber,48,4096,0,32360.540441076675,0.1297423750000064
uber,48,4096,1,33088.6688979403,0.1274652500000002
uber,48,4096,2,32237.218164265323,0.1206732089999889
uber,48,4096,3,32550.933537449735,0.11749037500001691
uber,48,4096,4,32656.40891352334,0.11486579199998914
uber,48,8192,0,32042.078784538895,0.17491308300000696
uber,48,8192,1,31921.566277914495,0.18939187500001253
uber,48,8192,2,31877.064261911593,0.16131654199998025
uber,48,8192,3,31788.37212136959,0.15001945800000271
uber,48,8192,4,31750.471925485384,0.17887962500000754
uber,64,96,0,49488.326787739774,0.027979917000010346
uber,64,96,1,45445.50942256378,0.027448417000016434
uber,64,96,2,45136.42078817934,0.028545874999991838
uber,64,96,3,43879.96139449195,0.0292224160000103
uber,64,96,4,43441.89832336907,0.03313954199998648
uber,64,128,0,41175.65231960124,0.034389709000009816
uber,64,128,1,36820.537647876765,0.03511329200000546
uber,64,128,2,41728.116657048224,0.03531524999999647
uber,64,128,3,39055.28232368651,0.03549554200000671
uber,64,128,4,43442.13322446417,0.03475904199999036
uber,64,192,0,34190.23381046838,0.03618866700000467
uber,64,192,1,31890.26176897889,0.035755625000007285
uber,64,192,2,34994.56231057621,0.037016334000014695
uber,64,192,3,31270.580340579767,0.03624537500002134
uber,64,192,4,37673.705301748014,0.03600108399999158
uber,64,256,0,31338.419382416912,0.037526541999994834
uber,64,256,1,31301.224827496266,0.03646529200000259
uber,64,256,2,33236.02992784913,0.03821600000000558
uber,64,256,3,30574.277547316557,0.03637087500001712
uber,64,256,4,31405.14884983228,0.04283087500002125
uber,64,384,0,30305.964285387436,0.04102470899999844
uber,64,384,1,29938.578572761253,0.040327541999999994
uber,64,384,2,31255.8697651434,0.040177792000008594
uber,64,384,3,27278.421277924976,0.040076875000011114
uber,64,384,4,30119.9894727191,0.03918887499997936
uber,64,512,0,28614.84496552622,0.042530125000013186
uber,64,512,1,28688.81310043379,0.04200820899998803
uber,64,512,2,29562.042591999067,0.04152900000002546
uber,64,512,3,28096.623891179373,0.04214083299999061
uber,64,512,4,28795.369305347034,0.043289874999999256
uber,64,768,0,26782.1904653505,0.050156333000018094
uber,64,768,1,27397.21396675391,0.04949004099998433
uber,64,768,2,26476.661123655667,0.053516416000007894
uber,64,768,3,27804.030677573224,0.04624045899998919
uber,64,768,4,27322.349615336083,0.04527745800001526
uber,64,1024,0,25847.79294497566,0.05260058400000389
uber,64,1024,1,26807.916264851923,0.054843624999989515
uber,64,1024,2,25845.394757259415,0.058342124999995804
uber,64,1024,3,26086.162507585203,0.054243208000002596
uber,64,1024,4,27930.869501665282,0.06253475000002595
uber,64,1536,0,25124.63270372037,0.07103770800000575
uber,64,1536,1,25725.397776018108,0.07655320899999651
uber,64,1536,2,25544.157546096845,0.07266595900000539
uber,64,1536,3,25501.78411318644,0.07442795800000113
uber,64,1536,4,25064.18589730947,0.07302833299999634
uber,64,2048,0,25193.248525631647,0.09293741600001226
uber,64,2048,1,24796.141477334426,0.0912490000000048
uber,64,2048,2,24663.19498118995,0.0877472499999783
uber,64,2048,3,24413.899861655154,0.09444858300000192
uber,64,2048,4,24115.94760563853,0.08654245799999671
uber,64,3072,0,24313.497970672233,0.12737850000002027
uber,64,3072,1,24480.156251061097,0.11883712499999888
uber,64,3072,2,24574.948254012757,0.12207991700000775
uber,64,3072,3,24237.191356624182,0.15833183300000542
uber,64,3072,4,24844.93163416569,0.11407624999998234
uber,64,4096,0,23921.394959768044,0.14941879200000585
uber,64,4096,1,24229.5619036402,0.15195587499999874
uber,64,4096,2,24028.45472896077,0.1320350000000019
uber,64,4096,3,24009.1570190122,0.14915479199999027
uber,64,4096,4,23947.714735493555,0.1409603749999917
uber,64,8192,0,23652.8233696315,0.18363183299999264
uber,64,8192,1,23582.49025349741,0.19147495799998637
uber,64,8192,2,23664.77234941572,0.18232304100001784
uber,64,8192,3,23677.086319341925,0.18674129100000414
uber,64,8192,4,23852.506472379537,0.20701720799999634
donuts,2,64,0,947843.1827137385,0.010746375000024955
donuts,2,64,1,929041.5610853003,0.011007417000001851
donuts,2,64,2,946878.1713885054,0.01116083400000889
donuts,2,64,3,1017928.4203017236,0.010444499999977097
donuts,2,64,4,952875.1707224537,0.011213083000001234
donuts,2,96,0,969537.4200097059,0.011941415999984883
donuts,2,96,1,926592.4867591653,0.012055790999994542
donuts,2,96,2,932151.426348586,0.011700625000003129
donuts,2,96,3,1000614.27635014,0.012712457999981552
donuts,2,96,4,934411.2428294368,0.012808957999993709
donuts,2,128,0,950425.2936669713,0.012641833999992969
donuts,2,128,1,958958.2049118484,0.01324304199999915
donuts,2,128,2,933246.0275150541,0.01339391700000192
donuts,2,128,3,980572.2869765303,0.013451624999987644
donuts,2,128,4,934128.05558084,0.01361429199999975
donuts,2,192,0,932290.9621435757,0.012762625000021899
donuts,2,192,1,923812.0944469789,0.013882249999994656
donuts,2,192,2,935755.3565621503,0.013213291999988996
donuts,2,192,3,930006.0366780224,0.012898583000009012
donuts,2,192,4,927320.0901685493,0.014199915999995483
donuts,2,256,0,930465.6300095358,0.01316162500000928
donuts,2,256,1,929340.8248615904,0.013091709000008223
donuts,2,256,2,932120.7211726357,0.012963124999998854
donuts,2,256,3,926606.4936949745,0.013341749999995045
donuts,2,256,4,928000.044285661,0.013229374999980337
donuts,2,384,0,924896.0568347804,0.01471629100001337
donuts,2,384,1,927277.2455938412,0.01484095799997931
donuts,2,384,2,923976.0003787723,0.014116708000017297
donuts,2,384,3,954748.3954159246,0.013543207999987317
donuts,2,384,4,931052.9295474708,0.015128250000003618
donuts,2,512,0,930165.6839837455,0.014724833999991915
donuts,2,512,1,931637.4891118302,0.016687665999995716
donuts,2,512,2,924471.4053383778,0.014974042000005738
donuts,2,512,3,928088.7644137354,0.016045875000003207
donuts,2,512,4,929020.2784347134,0.015111499999989064
donuts,2,768,0,927262.4518642005,0.01918262500001333
donuts,2,768,1,924179.9446696516,0.01635029199999849
donuts,2,768,2,924814.161517716,0.01726304100000675
donuts,2,768,3,923924.7871312473,0.020847583000005443
donuts,2,768,4,925369.0697979721,0.017083250000013095
donuts,2,1024,0,924176.39951632,0.02091533300000492
donuts,2,1024,1,923393.1259663248,0.019485250000002452
donuts,2,1024,2,926729.9774874166,0.021293250000013586
donuts,2,1024,3,923393.6600715489,0.02168891700000586
donuts,2,1024,4,925310.2639050803,0.01948175000001129
donuts,2,1536,0,925230.3701106866,0.02706279099999165
donuts,2,1536,1,923524.7148448194,0.026512166999992814
donuts,2,1536,2,927384.1703841641,0.0268451669999763
donuts,2,1536,3,924288.2116631859,0.023941375000021026
donuts,2,1536,4,924158.0814373204,0.023799708000012743
donuts,2,2048,0,924288.9567281348,0.031714958999998544
donuts,2,2048,1,923463.9613505519,0.03150241700001288
donuts,2,2048,2,928997.5525101757,0.03544637499999226
donuts,2,2048,3,923349.6339184378,0.030384999999995443
donuts,2,2048,4,924017.8540331306,0.027034165999992865
donuts,2,3072,0,923884.6618991873,0.038261124999991125
donuts,2,3072,1,923487.7271663987,0.04216920800001844
donuts,2,3072,2,924128.3534351205,0.04263308299999835
donuts,2,3072,3,923311.0804240204,0.0457189579999806
donuts,2,3072,4,923670.5368734082,0.03861279200000922
donuts,2,4096,0,923434.7538570554,0.05382129200000918
donuts,2,4096,1,923673.5144001466,0.06242258400001788
donuts,2,4096,2,923699.4853229572,0.05006508299999268
donuts,2,4096,3,923385.4681635767,0.048337207999992415
donuts,2,4096,4,923467.4745303006,0.04122045799999796
donuts,2,8192,0,923094.5563430075,0.059816124999997555
donuts,2,8192,1,923666.2063030082,0.05238008300000274
donuts,2,8192,2,923315.3774070952,0.05175604199999384
donuts,2,8192,3,923059.5216702194,0.05810216699998705
donuts,2,8192,4,923164.0566631644,0.03936691699999528
donuts,3,64,0,668054.6920534704,0.008063790999983667
donuts,3,64,1,629581.1419033697,0.008217334000022447
donuts,3,64,2,703459.973995377,0.009100791999998137
donuts,3,64,3,693738.2089088642,0.009052375000010215
donuts,3,64,4,655130.4846968928,0.010253167000001895
donuts,3,96,0,678769.9084960078,0.00976116699999352
donuts,3,96,1,627392.4678307774,0.010347875000007889
donuts,3,96,2,700511.0082275178,0.0107789160000209
donuts,3,96,3,642463.8354184111,0.009463999999979933
donuts,3,96,4,643975.6718374597,0.009841708000010385
donuts,3,128,0,651439.4690142752,0.010233957999986387
donuts,3,128,1,633617.9897458312,0.01000441700000465
donuts,3,128,2,659426.8517422134,0.010879249999987906
donuts,3,128,3,625757.5850652325,0.011516459000006307
donuts,3,128,4,626719.1402291623,0.011090625000008458
donuts,3,192,0,630135.4088721874,0.011649374999990414
donuts,3,192,1,623464.8769494295,0.011668874999998025
donuts,3,192,2,687673.1925262517,0.01272741700000779
donuts,3,192,3,621104.9846103552,0.012788208999978679
donuts,3,192,4,634574.0262967148,0.017849957999999333
donuts,3,256,0,626079.176916387,0.014309040999989975
donuts,3,256,1,625952.2544590228,0.012734292000004643
donuts,3,256,2,651884.3246076998,0.013249875000013844
donuts,3,256,3,626806.3925828916,0.012897458000026063
donuts,3,256,4,631670.513354396,0.013352625000010221
donuts,3,384,0,620018.4063972124,0.01704833299999109
donuts,3,384,1,624150.3181583831,0.015525666999991472
donuts,3,384,2,633574.7731457836,0.014931541000009929
donuts,3,384,3,629682.6940311153,0.018228209000000106
donuts,3,384,4,631822.6981517405,0.017933459000005314
donuts,3,512,0,620706.2421451198,0.017562666000003446
donuts,3,512,1,625607.8880556565,0.01672000000002072
donuts,3,512,2,628761.8080979263,0.01727820899998278
donuts,3,512,3,645318.5052113462,0.019216083000003437
donuts,3,512,4,628772.703913225,0.016583874999980708
donuts,3,768,0,621204.3118615465,0.01976041699998632
donuts,3,768,1,620034.991459631,0.020086332999994738
donuts,3,768,2,625644.0752792731,0.018970917000018517
donuts,3,768,3,620023.9729347945,0.02013474999998266
donuts,3,768,4,619486.9300458068,0.01885737500001028
donuts,3,1024,0,619587.209429425,0.023276624999994056
donuts,3,1024,1,622471.706773133,0.022627458999977534
donuts,3,1024,2,622549.0892445606,0.023530208000011044
donuts,3,1024,3,618579.490466817,0.024063541999993276
donuts,3,1024,4,622368.4934097852,0.02425170799998
donuts,3,1536,0,621591.5787667098,0.03379591700002038
donuts,3,1536,1,620242.1897668106,0.034205749999983937
donuts,3,1536,2,618838.5281304034,0.03493920799999728
donuts,3,1536,3,620418.0321218438,0.03410825000000273
donuts,3,1536,4,619479.5494961666,0.0341878339999937
donuts,3,2048,0,619849.0902581416,0.037069957999989356
donuts,3,2048,1,620027.1272882592,0.0394328749999886
donuts,3,2048,2,618861.5143550109,0.03463762499998779
donuts,3,2048,3,619413.8398427188,0.04119529199999761
donuts,3,2048,4,618567.4336225839,0.035545500000012
donuts,3,3072,0,618538.1283193587,0.058136791999999105
donuts,3,3072,1,618878.9800318608,0.06242291699999214
donuts,3,3072,2,618514.1332122112,0.052382958000009694
donuts,3,3072,3,618736.9835029214,0.05155895799998689
donuts,3,3072,4,617663.8700260974,0.04601074999999355
donuts,3,4096,0,617820.8389145317,0.06487991699998474
donuts,3,4096,1,618678.7924075559,0.055967500000008386
donuts,3,4096,2,617790.9954574677,0.05596066700002211
donuts,3,4096,3,619777.0554248525,0.05405479199998808
donuts,3,4096,4,617714.2127401063,0.05076420800000392
donuts,3,8192,0,617537.9281462629,0.06515991699998835
donuts,3,8192,1,618716.2549870535,0.07115041700001257
donuts,3,8192,2,618244.9939904306,0.07832679099999496
donuts,3,8192,3,617925.8145251739,0.06658937500000661
donuts,3,8192,4,618255.1705395479,0.06150837499998829
donuts,4,64,0,417240.3032215462,0.008836416000008285
donuts,4,64,1,386255.07787999796,0.009169291999995721
donuts,4,64,2,424197.115921028,0.009766124999998738
donuts,4,64,3,429651.7042316424,0.009828542000008156
donuts,4,64,4,392019.0626653746,0.009286874999986594
donuts,4,96,0,411496.0045591981,0.009153916999991907
donuts,4,96,1,380317.8174516444,0.00949420899999609
donuts,4,96,2,446497.7992914882,0.009346207999982425
donuts,4,96,3,399530.72865093255,0.010435208000018292
donuts,4,96,4,389229.6517444979,0.00987616699998739
donuts,4,128,0,401711.52586604754,0.010559416999996074
donuts,4,128,1,390264.68840961705,0.013211750000010625
donuts,4,128,2,416393.06307371234,0.01234195800000748
donuts,4,128,3,381534.5601904492,0.01265649999999141
donuts,4,128,4,400158.743662378,0.012087250000007543
donuts,4,192,0,394411.7081826666,0.01215750000000071
donuts,4,192,1,378605.04358913086,0.012642750000026126
donuts,4,192,2,399589.07390813594,0.013269750000006297
donuts,4,192,3,384050.9664329142,0.01326370900000029
donuts,4,192,4,406973.1489280547,0.012865290999997114
donuts,4,256,0,383730.3882433345,0.012682124999997768
donuts,4,256,1,378346.5692736404,0.011916167000009636
donuts,4,256,2,397338.78052240575,0.013444332999995368
donuts,4,256,3,384175.57688064006,0.015174874999985377
donuts,4,256,4,388581.54028158484,0.014665958999984241
donuts,4,384,0,377118.3693442519,0.017385083999982953
donuts,4,384,1,380955.1805759789,0.016490875000016558
donuts,4,384,2,389900.53750324575,0.01825108299999556
donuts,4,384,3,376515.4448398257,0.02230062499998553
donuts,4,384,4,387526.61581026955,0.015552541999994673
donuts,4,512,0,376766.20067585283,0.01788720799999055
donuts,4,512,1,380596.87210581294,0.017237666999989187
donuts,4,512,2,385189.4554710873,0.0370026249999853
donuts,4,512,3,377102.8313863599,0.018549166999974886
donuts,4,512,4,383299.36488574574,0.01785704200000282
donuts,4,768,0,376377.2810036145,0.019981541999982255
donuts,4,768,1,380845.3133726711,0.02324537500001611
donuts,4,768,2,380743.8523485092,0.024821333999994977
donuts,4,768,3,376862.7489104723,0.02168666700001154
donuts,4,768,4,381522.82872124447,0.022132999999996628
donuts,4,1024,0,376841.2998540507,0.0249637919999941
donuts,4,1024,1,379301.11184951215,0.026268250000015314
donuts,4,1024,2,388157.8456561689,0.027466000000003987
donuts,4,1024,3,376507.1883824103,0.024029458000001114
donuts,4,1024,4,382075.3765765425,0.025083375000008346
donuts,4,1536,0,377267.82291022834,0.03287479200000121
donuts,4,1536,1,381628.22059158154,0.03721233400000301
donuts,4,1536,2,378304.32676598587,0.039382415999995146
donuts,4,1536,3,376957.42273016844,0.03246733399998902
donuts,4,1536,4,380495.5463175993,0.0340075000000013
donuts,4,2048,0,378555.3432423826,0.040207707999996956
donuts,4,2048,1,382030.43635287584,0.04643849999999361
donuts,4,2048,2,377326.5400160891,0.04778049999998757
donuts,4,2048,3,376392.5211952122,0.03927037500000097
donuts,4,2048,4,378115.72677168687,0.04147129200001132
donuts,4,3072,0,378099.7176003226,0.05693016700001863
donuts,4,3072,1,379663.4086504768,0.05368004199999632
donuts,4,3072,2,377057.61209291284,0.057083333999997876
donuts,4,3072,3,376780.3087977735,0.05233337500001767
donuts,4,3072,4,377099.14803750085,0.06326870800000961
donuts,4,4096,0,377809.8434623131,0.05871137500000145
donuts,4,4096,1,376339.812095923,0.05764095800000746
donuts,4,4096,2,376558.0297826058,0.07403745900001013
donuts,4,4096,3,376631.1213435075,0.06346070800000803
donuts,4,4096,4,376329.74824409577,0.0740825419999851
donuts,4,8192,0,376247.52865985304,0.06638825000001702
donuts,4,8192,1,376553.0011723899,0.08033549999998968
donuts,4,8192,2,376324.06540488085,0.07419108299998811
donuts,4,8192,3,376383.8438357741,0.06958283299999835
donuts,4,8192,4,376694.8291022247,0.06350283300000115
donuts,6,64,0,252085.16882765017,0.009354374999986703
donuts,6,64,1,208083.71665987177,0.010206334000002926
donuts,6,64,2,230064.96126139807,0.009899166999986164
donuts,6,64,3,244687.25417367864,0.01073929199998247
donuts,6,64,4,230483.89792113245,0.010901582999991888
donuts,6,96,0,242392.15251300976,0.010908375000013848
donuts,6,96,1,210074.00114747972,0.010262167000007594
donuts,6,96,2,224895.07369755796,0.01212370900000792
donuts,6,96,3,216798.91563220185,0.011545750000010457
donuts,6,96,4,215167.25555607677,0.013205042000009826
donuts,6,128,0,234312.69071429357,0.012545583999980181
donuts,6,128,1,220081.21682191364,0.011628958000017064
donuts,6,128,2,212940.1861842254,0.011802791000008028
donuts,6,128,3,214558.66897362648,0.014395374999992328
donuts,6,128,4,211979.000852062,0.011663541999979543
donuts,6,192,0,213541.09333585174,0.012463416999992205
donuts,6,192,1,211964.51352455278,0.015460292000000209
donuts,6,192,2,209633.44731366917,0.015105499999975791
donuts,6,192,3,209328.91005855726,0.0165577090000113
donuts,6,192,4,209095.4079192732,0.015271957999999586
donuts,6,256,0,208106.17924450513,0.012903459000000339
donuts,6,256,1,215069.88883956056,0.01454929100000868
donuts,6,256,2,212855.10952012884,0.014499125000014601
donuts,6,256,3,212022.26969371727,0.015510709000011502
donuts,6,256,4,207059.4987895708,0.013987707999973509
donuts,6,384,0,205678.17196795417,0.017614833999999746
donuts,6,384,1,206968.5382295335,0.018661375000021962
donuts,6,384,2,207844.68295735426,0.015829708000012488
donuts,6,384,3,212210.89101468178,0.016196957999994765
donuts,6,384,4,207961.8667067251,0.01697658300000171
donuts,6,512,0,205502.23612317024,0.019038832999996202
donuts,6,512,1,205340.6518336433,0.020123041999994484
donuts,6,512,2,207353.53671707227,0.021008417000018653
donuts,6,512,3,207311.93268273247,0.018838084000009303
donuts,6,512,4,208558.03003602018,0.018644917000017358
donuts,6,768,0,205499.8951753766,0.02116691699998796
donuts,6,768,1,205635.69686334257,0.021753791999998384
donuts,6,768,2,206441.91815153288,0.020416709000016908
donuts,6,768,3,206735.16479006028,0.02029229100000407
donuts,6,768,4,206054.60879323859,0.021425166999989642
donuts,6,1024,0,205142.6782838194,0.02876850000001241
donuts,6,1024,1,205602.11168730684,0.02587066700002083
donuts,6,1024,2,205700.39725728708,0.027594999999990932
donuts,6,1024,3,207590.8018635946,0.02630458299998395
donuts,6,1024,4,205857.24448393914,0.023749499999979662
donuts,6,1536,0,205493.86281058326,0.034811167000015075
donuts,6,1536,1,205312.53952920088,0.03590920799999253
donuts,6,1536,2,205057.315469776,0.032079332999984445
donuts,6,1536,3,205915.63603310537,0.03289637500000708
donuts,6,1536,4,205516.01594675906,0.039055042000001094
donuts,6,2048,0,205559.23074434948,0.040290041999980986
donuts,6,2048,1,205856.0741438339,0.04305208299999208
donuts,6,2048,2,205559.11299155836,0.039795666000003393
donuts,6,2048,3,205126.20670104751,0.03652091699999005
donuts,6,2048,4,205921.36252823035,0.04749312499998837
donuts,6,3072,0,205476.8860564409,0.04765724999998611
donuts,6,3072,1,205088.40917152152,0.04627616700000203
donuts,6,3072,2,205087.5086176215,0.054602917000011075
donuts,6,3072,3,206141.66675036045,0.061779459000007364
donuts,6,3072,4,205001.8111335437,0.05376495799998793
donuts,6,4096,0,205066.05296568252,0.049872749999991584
donuts,6,4096,1,204886.35866519273,0.062155707999977494
donuts,6,4096,2,204499.78411312544,0.060563459000007924
donuts,6,4096,3,206328.55714858454,0.06473966600000836
donuts,6,4096,4,205094.38401514888,0.07503129200000558
donuts,6,8192,0,204920.1354476645,0.06419504199999437
donuts,6,8192,1,204481.66763992704,0.08150379200000657
donuts,6,8192,2,204745.4511692356,0.09113416699997856
donuts,6,8192,3,204851.55723530444,0.06713650000000371
donuts,6,8192,4,205213.26160637508,0.05438804199999936
donuts,8,64,0,192669.6959077747,0.011081499999988864
donuts,8,64,1,148838.83432273424,0.0112749170000086
donuts,8,64,2,148387.70640308774,0.011339958000007755
donuts,8,64,3,184629.3792704085,0.011166416000008894
donuts,8,64,4,168163.44861931843,0.011509875000001557
donuts,8,96,0,168535.85275247658,0.011369624999986172
donuts,8,96,1,146505.84987149618,0.01140399999999886
donuts,8,96,2,159515.99954413986,0.01176966699998161
donuts,8,96,3,159319.6688030655,0.013011833999996725
donuts,8,96,4,155390.03950091827,0.013177333000015778
donuts,8,128,0,161636.7404387601,0.013034041999986812
donuts,8,128,1,158906.44361985975,0.014151499999996986
donuts,8,128,2,146312.6641719918,0.013193499999999858
donuts,8,128,3,152700.74852392633,0.01529058399998462
donuts,8,128,4,153179.33941278132,0.015151374999987866
donuts,8,192,0,153932.57646747184,0.014966708000002882
donuts,8,192,1,147129.52919601265,0.0127513330000113
donuts,8,192,2,147840.41697901755,0.01412058400001115
donuts,8,192,3,146943.7249927348,0.015692707999988897
donuts,8,192,4,151194.1429056252,0.01658929199999193
donuts,8,256,0,151210.4296166017,0.01728841600001374
donuts,8,256,1,147836.38684331145,0.01491491600000927
donuts,8,256,2,144422.91530114788,0.015012624999997115
donuts,8,256,3,144849.59114989173,0.016680041000000756
donuts,8,256,4,150074.58320051376,0.016974500000003445
donuts,8,384,0,144911.29566113287,0.01850204199999439
donuts,8,384,1,145706.2910343197,0.01991145799999572
donuts,8,384,2,146860.02398267767,0.018037375000005795
donuts,8,384,3,147175.54527310608,0.01873900000001072
donuts,8,384,4,147688.28612627494,0.017953500000004396
donuts,8,512,0,142555.4406425842,0.021605708000009827
donuts,8,512,1,145472.29324499008,0.02067870900000912
donuts,8,512,2,145987.91101022213,0.018900209000008772
donuts,8,512,3,143614.59775364675,0.01783883300001321
donuts,8,512,4,147441.164701632,0.01842312499999821
donuts,8,768,0,142401.17730549086,0.025014166999994814
donuts,8,768,1,144199.66554909517,0.02064529200001175
donuts,8,768,2,143437.7306773578,0.019679999999993925
donuts,8,768,3,142253.66719427187,0.024826249999989614
donuts,8,768,4,142452.63468840392,0.022336125000009588
donuts,8,1024,0,141911.66788099936,0.026605749999987438
donuts,8,1024,1,142676.39656395264,0.0273584579999806
donuts,8,1024,2,143066.6684921348,0.026652250000012145
donuts,8,1024,3,142870.5494471248,0.03634308300001976
donuts,8,1024,4,143496.01979687612,0.04067045900001176
donuts,8,1536,0,141894.13170946276,0.041514916000011226
donuts,8,1536,1,144247.90619640364,0.03455954099999303
donuts,8,1536,2,143021.9398031532,0.04102766699998028
donuts,8,1536,3,141952.48952991926,0.0395216249999919
donuts,8,1536,4,143072.36370701817,0.04784287500001483
donuts,8,2048,0,141925.60899066765,0.04989054200001419
donuts,8,2048,1,142180.6231381513,0.05298833300000183
donuts,8,2048,2,142651.939022453,0.04230254099999797
donuts,8,2048,3,141922.80776858222,0.04527162499999804
donuts,8,2048,4,142351.02015988991,0.05552241700002014
donuts,8,3072,0,141515.20497755005,0.07777312499999312
donuts,8,3072,1,141512.67071019398,0.07963745800000765
donuts,8,3072,2,142688.03243267906,0.06171687500000189
donuts,8,3072,3,141985.43568280793,0.05479345899999544
donuts,8,3072,4,141754.82453574633,0.05227162500000304
donuts,8,4096,0,141452.96030601737,0.05977483399999528
donuts,8,4096,1,141599.25102787346,0.078548708999989
donuts,8,4096,2,142008.94915569536,0.07682308400001148
donuts,8,4096,3,141690.59219078292,0.06511179200001038
donuts,8,4096,4,141691.9793111667,0.06124308400001155
donuts,8,8192,0,141306.7268517919,0.07042604200000824
donuts,8,8192,1,141416.86466816493,0.07924541700000987
donuts,8,8192,2,141288.2829728252,0.09439862499999663
donuts,8,8192,3,141426.60335500017,0.07305808300000649
donuts,8,8192,4,141153.88015576664,0.07511145799998076
donuts,12,64,0,130582.24762751204,0.01399649999999042
donuts,12,64,1,101667.71670438623,0.014522583000001532
donuts,12,64,2,105602.08882130511,0.016588874999996506
donuts,12,64,3,125323.73184776863,0.014869666999999254
donuts,12,64,4,104073.3560480914,0.013018958000003522
donuts,12,96,0,112303.16114022766,0.013955208999988145
donuts,12,96,1,97034.71952503586,0.014488750000026585
donuts,12,96,2,104175.4715809149,0.0135328329999993
donuts,12,96,3,97160.77142690934,0.013517208999985542
donuts,12,96,4,96510.7283550421,0.014640167000010251
donuts,12,128,0,95359.11275850596,0.016790917000008676
donuts,12,128,1,89535.26147615493,0.01615695800001049
donuts,12,128,2,93635.09034609755,0.017360749999994596
donuts,12,128,3,97870.81717579586,0.015497250000009899
donuts,12,128,4,96911.54812201549,0.01651004100000364
donuts,12,192,0,92493.59767515345,0.01735550000000785
donuts,12,192,1,87872.51195354806,0.018949875000004113
donuts,12,192,2,91409.76137146098,0.01906737499999167
donuts,12,192,3,91228.08174000458,0.018504540999998653
donuts,12,192,4,95046.20675786884,0.016927124999995158
donuts,12,256,0,89153.01819250632,0.02021074999998973
donuts,12,256,1,88314.5965543099,0.017222541999984742
donuts,12,256,2,87812.42946258318,0.01712054199998647
donuts,12,256,3,87790.50406337719,0.0155738329999906
donuts,12,256,4,88216.14929242687,0.01750883299999373
donuts,12,384,0,88095.10594024137,0.021273125000021764
donuts,12,384,1,89091.01480647257,0.021515834000013
donuts,12,384,2,86524.91154650616,0.020855583000013667
donuts,12,384,3,88366.03325173195,0.020121875000000955
donuts,12,384,4,86022.90331533259,0.02038845799998512
donuts,12,512,0,86524.7377300916,0.021069124999996802
donuts,12,512,1,86571.79362922623,0.02287504200000967
donuts,12,512,2,86519.85803304962,0.022387750000007145
donuts,12,512,3,86527.14445711041,0.020999499999987847
donuts,12,512,4,87541.95712531029,0.020879957999994758
donuts,12,768,0,85480.7882236121,0.024631083999992143
donuts,12,768,1,85980.88987032,0.024736708000006047
donuts,12,768,2,85645.49822132102,0.026862541000014062
donuts,12,768,3,85772.16720996638,0.024378458000001046
donuts,12,768,4,86282.89801186956,0.023735167000012325
donuts,12,1024,0,84995.01502111884,0.029304916000000958
donuts,12,1024,1,85885.82882736134,0.02776908399999911
donuts,12,1024,2,85646.59670284594,0.03090449999999123
donuts,12,1024,3,85532.77947890548,0.03163508299999762
donuts,12,1024,4,85609.83597832636,0.03212962499998184
donuts,12,1536,0,84889.54794054395,0.04749262499998963
donuts,12,1536,1,85632.8432673296,0.04286170800000377
donuts,12,1536,2,85263.44592052112,0.05161362499998745
donuts,12,1536,3,84999.3841382972,0.04430445799999916
donuts,12,1536,4,85321.08395201768,0.04376279199999544
donuts,12,2048,0,85071.54947697313,0.05369237499999713
donuts,12,2048,1,85211.2145736652,0.04868537499999093
donuts,12,2048,2,84975.56759466266,0.05867125000000328
donuts,12,2048,3,86608.48280205423,0.0493598750000217
donuts,12,2048,4,85062.79799198934,0.047160165999997616
donuts,12,3072,0,84907.1497306389,0.08469737499999042
donuts,12,3072,1,84887.61161388324,0.06278500000001941
donuts,12,3072,2,84838.9301503583,0.07592941699999756
donuts,12,3072,3,84971.54825546806,0.07426566700002013
donuts,12,3072,4,84643.8997824316,0.06579454100000248
donuts,12,4096,0,84615.41903742039,0.08408658300001548
donuts,12,4096,1,84597.75302635666,0.09747070800000301
donuts,12,4096,2,84769.60893782272,0.0709730830000126
donuts,12,4096,3,84727.65216499467,0.07030341699999099
donuts,12,4096,4,84604.60746533758,0.0804710840000098
donuts,12,8192,0,84277.50534909594,0.1244602499999985
donuts,12,8192,1,84347.87106880025,0.09618675000001531
donuts,12,8192,2,84330.29058652744,0.10813500000000431
donuts,12,8192,3,84338.64552924005,0.0978741669999863
donuts,12,8192,4,84266.00356892448,0.08563374999999951
donuts,16,64,0,96046.61022626772,0.013361709000008659
donuts,16,64,1,78214.33462188036,0.013804666999988058
donuts,16,64,2,75806.86040076191,0.013304250000004458
donuts,16,64,3,90794.44445663299,0.013491665999993074
donuts,16,64,4,89735.34521308412,0.015200042000003577
donuts,16,96,0,80329.9410282415,0.014309875000009242
donuts,16,96,1,75224.53234816296,0.01490737500000705
donuts,16,96,2,81884.75653969032,0.013965416999980107
donuts,16,96,3,73983.82991436249,0.01626212499999724
donuts,16,96,4,79572.109182896,0.015517582999990509
donuts,16,128,0,76872.50574177182,0.01549162500000989
donuts,16,128,1,76680.87146164067,0.016024625000000015
donuts,16,128,2,71063.12055088978,0.01622312500001044
donuts,16,128,3,72540.23712472616,0.018167290999997476
donuts,16,128,4,79356.05910931613,0.018548124999995252
donuts,16,192,0,71106.24883235776,0.019501166999987163
donuts,16,192,1,69244.41557338178,0.01965804099998536
donuts,16,192,2,74217.90806221396,0.018809083999997256
donuts,16,192,3,67923.12501289157,0.017790750000017397
donuts,16,192,4,74391.52535060405,0.018517666999997573
donuts,16,256,0,72210.72410481486,0.019762208000003056
donuts,16,256,1,68360.21726822246,0.019179957999995167
donuts,16,256,2,68467.97235488603,0.019883291000013514
donuts,16,256,3,66471.20183976433,0.018270915999977433
donuts,16,256,4,71790.03581153705,0.020251542000011113
donuts,16,384,0,67197.12847041263,0.02373191699999211
donuts,16,384,1,69120.43360738218,0.024073917000009715
donuts,16,384,2,66499.10055610398,0.02619695799998567
donuts,16,384,3,67383.00079054754,0.02154737499998305
donuts,16,384,4,68228.89892339103,0.02483599999999342
donuts,16,512,0,66296.04596566102,0.02590737500000273
donuts,16,512,1,66225.50673051817,0.02640866699999833
donuts,16,512,2,66694.72327195686,0.025132792000022164
donuts,16,512,3,65912.86477684589,0.022999499999997397
donuts,16,512,4,68298.15265163236,0.025044332999982544
donuts,16,768,0,65653.26282542488,0.02894120900000985
donuts,16,768,1,65350.906846438105,0.029449333000002298
donuts,16,768,2,65202.41183705996,0.026964041000013594
donuts,16,768,3,65838.41722496308,0.028077624999980344
donuts,16,768,4,65318.922234393176,0.025459332999986373
donuts,16,1024,0,64290.694391676996,0.03552504200001749
donuts,16,1024,1,65200.80519381632,0.03298404199998117
donuts,16,1024,2,65037.40164618419,0.03497737500001108
donuts,16,1024,3,64054.15465370865,0.036323334000002205
donuts,16,1024,4,65353.62363060299,0.0339764999999943
donuts,16,1536,0,65074.196402574555,0.05100954200000274
donuts,16,1536,1,64375.227332752605,0.05046237499999506
donuts,16,1536,2,63757.81378965144,0.046278749999999036
donuts,16,1536,3,63544.14594489729,0.0458059999999989
donuts,16,1536,4,64180.21141606735,0.05899695799999449
donuts,16,2048,0,65386.5956187895,0.07150029199999608
donuts,16,2048,1,63582.823172867495,0.06500204100001383
donuts,16,2048,2,63747.17337457563,0.07218699999998535
donuts,16,2048,3,63571.48412611446,0.055278999999984535
donuts,16,2048,4,63642.03001874576,0.05991020900000876
donuts,16,3072,0,63627.37770596612,0.09234179199998493
donuts,16,3072,1,63612.03138656043,0.06547708299999044
donuts,16,3072,2,63646.55468030493,0.08697087499999157
donuts,16,3072,3,63501.60480835223,0.09510162499998387
donuts,16,3072,4,63611.77637701511,0.07797225000001617
donuts,16,4096,0,63707.78019332493,0.10334383400001457
donuts,16,4096,1,63237.05596224555,0.08932245899998748
donuts,16,4096,2,63417.362671978146,0.08639279199999805
donuts,16,4096,3,63349.224968474104,0.11138266599999724
donuts,16,4096,4,63373.83986904245,0.0931538340000202
donuts,16,8192,0,63201.198524653686,0.13089845800001854
donuts,16,8192,1,63049.00734398107,0.10356000000001586
donuts,16,8192,2,63227.657263730376,0.10480612499998188
donuts,16,8192,3,63058.88904507823,0.127115874999987
donuts,16,8192,4,63133.31867666676,0.11617262499999015
donuts,24,64,0,77168.71199056141,0.015281165999994073
donuts,24,64,1,60312.76601456968,0.01533062499999005
donuts,24,64,2,60677.32238225005,0.016528375000007145
donuts,24,64,3,75156.64608783885,0.015134832999990522
donuts,24,64,4,67445.79554745524,0.015145875000001752
donuts,24,96,0,67450.87738022208,0.017111291999981404
donuts,24,96,1,56879.665654021046,0.017000125000009803
donuts,24,96,2,59554.27556396485,0.018330999999989217
donuts,24,96,3,53471.61314785519,0.018156666999999516
donuts,24,96,4,63829.066497041415,0.019128832999996348
donuts,24,128,0,55522.21157619062,0.018879916999992474
donuts,24,128,1,54244.34684669579,0.02050766700000395
donuts,24,128,2,57819.04809160923,0.020615792000000965
donuts,24,128,3,57314.07043607029,0.021102708000000803
donuts,24,128,4,54616.98266401248,0.022414916999991874
donuts,24,192,0,52292.432400182835,0.021739290999988725
donuts,24,192,1,51659.21136061663,0.02100012500000048
donuts,24,192,2,53474.103759034384,0.023003332999991244
donuts,24,192,3,51079.71031218036,0.021972416000011208
donuts,24,192,4,55257.80840816631,0.020916709000005085
donuts,24,256,0,49827.90394938227,0.02344562500002212
donuts,24,256,1,51549.64450150899,0.02141770900001916
donuts,24,256,2,50562.54288677828,0.022013083000018696
donuts,24,256,3,49163.712524327166,0.021894542000012507
donuts,24,256,4,51281.29886811995,0.02180050000001188
donuts,24,384,0,47824.25973902666,0.024525541000002704
donuts,24,384,1,48581.04418451601,0.026416167000007817
donuts,24,384,2,47532.68104357051,0.024152750000013157
donuts,24,384,3,47490.25807480717,0.026115583999995806
donuts,24,384,4,48982.71977569322,0.02387062499997228
donuts,24,512,0,47750.647091257124,0.026748417000021618
donuts,24,512,1,47069.5082793861,0.02612858300000198
donuts,24,512,2,47068.897740734814,0.027264041999984556
donuts,24,512,3,47597.299850138865,0.02675633300000868
donuts,24,512,4,48876.479457936264,0.026656500000001415
donuts,24,768,0,46986.01887019489,0.03247470799999519
donuts,24,768,1,46676.5955643588,0.031075499999985823
donuts,24,768,2,46537.09335063894,0.03322312500000635
donuts,24,768,3,45879.327975306216,0.03328625000000329
donuts,24,768,4,47040.14046066728,0.031352915999974584
donuts,24,1024,0,46990.67639511558,0.03939704199999028
donuts,24,1024,1,46249.61510835928,0.03847645800001942
donuts,24,1024,2,46145.07962111394,0.04018637499999045
donuts,24,1024,3,46047.907173802196,0.04058895800000073
donuts,24,1024,4,46682.565275203575,0.03898824999998851
donuts,24,1536,0,46549.6604105917,0.05514124999999126
donuts,24,1536,1,45792.795630259265,0.05260924999998906
donuts,24,1536,2,45443.47792837909,0.047787833000001
donuts,24,1536,3,45820.070109977256,0.054584333999997625
donuts,24,1536,4,45409.91217197283,0.0508121249999931
donuts,24,2048,0,45160.06808106916,0.06923754200002463
donuts,24,2048,1,45333.60425873692,0.06067199999998252
donuts,24,2048,2,45820.599578625166,0.062180958999988434
donuts,24,2048,3,45663.16759991451,0.0656961669999987
donuts,24,2048,4,44985.21444895515,0.06528233299999897
donuts,24,3072,0,45250.70877528656,0.08517133300000523
donuts,24,3072,1,45289.313131386654,0.08438625000002276
donuts,24,3072,2,45295.38889007672,0.08227666700000213
donuts,24,3072,3,45000.065177939985,0.09177341599999522
donuts,24,3072,4,45177.57453882098,0.07939899999999511
donuts,24,4096,0,45253.648398635225,0.10429883300000142
donuts,24,4096,1,45290.90958497542,0.1229191250000099
donuts,24,4096,2,44866.727988274244,0.11247804200002065
donuts,24,4096,3,44958.8701978539,0.0940934170000105
donuts,24,4096,4,44766.15805275807,0.10443225000000211
donuts,24,8192,0,44330.328038315536,0.13586008299998298
donuts,24,8192,1,44435.873021586136,0.12876045799998792
donuts,24,8192,2,45065.160596521724,0.14668033300000616
donuts,24,8192,3,44762.736066994796,0.13582916699999714
donuts,24,8192,4,44604.30326011644,0.14432270800000424
donuts,32,64,0,61236.31676698853,0.016335375000011254
donuts,32,64,1,47863.76399876148,0.02030541700000299
donuts,32,64,2,48128.25473432151,0.018016040999981442
donuts,32,64,3,62827.05619707228,0.019285375000009708
donuts,32,64,4,54192.927879353636,0.019901458000020966
donuts,32,96,0,51673.960970216285,0.020996334000017214
donuts,32,96,1,42644.266882383345,0.020747792000008758
donuts,32,96,2,46850.533231747686,0.024144000000006827
donuts,32,96,3,44657.43710108263,0.023291291999981922
donuts,32,96,4,47248.27922228348,0.023239249999988942
donuts,32,128,0,43271.895576640556,0.023326459000003297
donuts,32,128,1,43053.51510534063,0.02337537500000053
donuts,32,128,2,47727.97982082629,0.02332183300001134
donuts,32,128,3,43681.517779397276,0.023478874999995014
donuts,32,128,4,46415.75962871747,0.023265291999990723
donuts,32,192,0,41848.51876817304,0.024045833000002403
donuts,32,192,1,41200.89814135391,0.025565583000002334
donuts,32,192,2,43550.00507878574,0.025882916999989902
donuts,32,192,3,39942.632697606285,0.024008167000005187
donuts,32,192,4,43682.94915080571,0.024935790999990104
donuts,32,256,0,40016.50906205144,0.024896250000011833
donuts,32,256,1,39594.89918226858,0.02463291700001946
donuts,32,256,2,39981.933923155906,0.026752874999999676
donuts,32,256,3,39271.37529002469,0.025725582999996277
donuts,32,256,4,40618.8661244358,0.02567404200001988
donuts,32,384,0,38072.66601561972,0.02890066599999841
donuts,32,384,1,38548.94474043253,0.030185582999990856
donuts,32,384,2,38239.369631213754,0.03014500000000453
donuts,32,384,3,38378.6127593843,0.02933604099999343
donuts,32,384,4,38163.66157710518,0.027966582999994216
donuts,32,512,0,37040.84009190293,0.03438162500000885
donuts,32,512,1,37230.74708371019,0.0351728330000185
donuts,32,512,2,38751.57429019623,0.03307779200000027
donuts,32,512,3,37511.31119874346,0.03128391700002453
donuts,32,512,4,38850.8776143532,0.03225816700000905
donuts,32,768,0,36435.47260548572,0.03900383399999896
donuts,32,768,1,36567.097000553484,0.04247104200001672
donuts,32,768,2,36993.62457041147,0.03644266600002766
donuts,32,768,3,36823.462533089034,0.03681137500001341
donuts,32,768,4,36626.88188547389,0.035654792000002544
donuts,32,1024,0,35348.82884915536,0.04233541700000387
donuts,32,1024,1,36290.306016981434,0.04460212499998306
donuts,32,1024,2,36735.187714991516,0.07013916699997935
donuts,32,1024,3,36462.860409348854,0.04244162500000925
donuts,32,1024,4,35830.34147658396,0.044045874999994794
donuts,32,1536,0,34644.26462236508,0.06757625000000189
donuts,32,1536,1,35419.344627018094,0.05959833299999673
donuts,32,1536,2,35474.88905432266,0.06207716700001242
donuts,32,1536,3,35126.14518690329,0.05285329099999103
donuts,32,1536,4,35262.628040787524,0.05828804200001514
donuts,32,2048,0,35579.506531794985,0.07391024999998308
donuts,32,2048,1,34863.93832011812,0.06915495800001281
donuts,32,2048,2,35731.044233879424,0.06735429099998669
donuts,32,2048,3,35076.24479170379,0.07013883400000509
donuts,32,2048,4,35184.16172120882,0.06703183299998727
donuts,32,3072,0,34618.886306661334,0.09742749999998068
donuts,32,3072,1,34657.94552760676,0.09268508299999212
donuts,32,3072,2,34979.66875565663,0.09844583299999954
donuts,32,3072,3,34756.014837806855,0.09618454100001372
donuts,32,3072,4,34759.58438764426,0.08822641600002612
donuts,32,4096,0,34626.31666247692,0.13342829199999073
donuts,32,4096,1,34768.88079222921,0.1120513330000108
donuts,32,4096,2,34432.464957239456,0.11931654200000708
donuts,32,4096,3,34624.15009954927,0.12909458299998278
donuts,32,4096,4,34847.009132955194,0.11936687499999721
donuts,32,8192,0,34057.888155781606,0.1747900839999943
donuts,32,8192,1,34785.67339138615,0.17505983399999536
donuts,32,8192,2,34211.57526062465,0.1586181670000144
donuts,32,8192,3,34335.48674570856,0.14923533300000713
donuts,32,8192,4,34352.46528582877,0.15857074999999554
donuts,48,64,0,53337.416264417196,0.024039415999993707
donuts,48,64,1,37831.21609781679,0.02648937500001125
donuts,48,64,2,39398.57429849071,0.025541374999988875
donuts,48,64,3,54783.49754791143,0.02724170799999115
donuts,48,64,4,41269.62109166774,0.027353583999996545
donuts,48,96,0,43217.443557192804,0.029770291999994924
donuts,48,96,1,30237.53381450844,0.03140999999999394
donuts,48,96,2,36085.240121199626,0.030394290999993245
donuts,48,96,3,32580.15864989684,0.031036749999998392
donuts,48,96,4,36367.115976051726,0.030655291999977408
donuts,48,128,0,34349.2242777027,0.030058999999994285
donuts,48,128,1,30344.279660762277,0.03138237500002106
donuts,48,128,2,32961.81856200367,0.030954124999993837
donuts,48,128,3,31584.64105087679,0.03229991699998891
donuts,48,128,4,32869.744486827476,0.031228333000001385
donuts,48,192,0,30145.669744115246,0.03188937499999156
donuts,48,192,1,29593.606385218103,0.03190270899997927
donuts,48,192,2,30217.517578746396,0.03322670900001867
donuts,48,192,3,29662.621656652813,0.031337083000011035
donuts,48,192,4,33877.1604138265,0.031283207999990736
donuts,48,256,0,29098.855785583535,0.03387125000000424
donuts,48,256,1,29024.254710039266,0.03368220799998767
donuts,48,256,2,28344.592464992216,0.03362058299998694
donuts,48,256,3,27985.850518024403,0.03471483300000955
donuts,48,256,4,29785.87367644941,0.03492154200000641
donuts,48,384,0,26838.44714193732,0.03697129100001462
donuts,48,384,1,28424.113636990536,0.036500833000019384
donuts,48,384,2,27230.478411154807,0.03667429199998651
donuts,48,384,3,28635.199156980027,0.037292833000009296
donuts,48,384,4,28113.89087389725,0.036410916999983556
donuts,48,512,0,26443.178917690693,0.041861459000017476
donuts,48,512,1,26750.224960659227,0.04157091700000137
donuts,48,512,2,26151.78692704206,0.03907704200000239
donuts,48,512,3,27134.109028081035,0.04538183300002174
donuts,48,512,4,27446.022757165334,0.04088208400000326
donuts,48,768,0,26336.198303309542,0.04210179200001107
donuts,48,768,1,26285.781068542776,0.04408008300001143
donuts,48,768,2,26207.781383946232,0.044904457999990655
donuts,48,768,3,26321.830732020226,0.0443135419999976
donuts,48,768,4,25846.21732556892,0.043684458000001314
donuts,48,1024,0,25486.775990421935,0.05346349999999234
donuts,48,1024,1,25642.93802057136,0.05068441700001358
donuts,48,1024,2,25553.542797712525,0.051131707999985565
donuts,48,1024,3,25551.184388234935,0.05143016600001715
donuts,48,1024,4,25649.04407780986,0.05181675000000041
donuts,48,1536,0,24802.755487700324,0.07122866700001396
donuts,48,1536,1,24938.16985825008,0.06307483300000172
donuts,48,1536,2,24788.782640578323,0.06413545899999917
donuts,48,1536,3,24877.620847567236,0.06445708399999717
donuts,48,1536,4,24390.520552648057,0.06465954200001534
donuts,48,2048,0,24412.24126392046,0.09041024999999081
donuts,48,2048,1,24736.453604943123,0.07734450000000948
donuts,48,2048,2,24890.528130248047,0.0847150410000097
donuts,48,2048,3,24978.703580581274,0.08031454100000701
donuts,48,2048,4,24395.170937877683,0.08220441700001402
donuts,48,3072,0,24296.08632256559,0.10977695799999765
donuts,48,3072,1,24392.456605470226,0.11616800000001604
donuts,48,3072,2,24674.924951874335,0.12486658299999931
donuts,48,3072,3,24322.300678104057,0.10708862499998872
donuts,48,3072,4,24072.786619601695,0.12079491599999415
donuts,48,4096,0,23855.770284988175,0.14959387500002208
donuts,48,4096,1,23891.113819191523,0.15109433299997477
donuts,48,4096,2,24056.349639106043,0.1408620830000018
donuts,48,4096,3,24342.02655455115,0.16499774999999772
donuts,48,4096,4,23936.358501378934,0.14636333400000012
donuts,48,8192,0,23645.76686320545,0.18616204099998868
donuts,48,8192,1,23554.620717639136,0.1981267919999823
donuts,48,8192,2,23708.88220661565,0.180265334000012
donuts,48,8192,3,23611.203825563658,0.1939715420000141
donuts,48,8192,4,23561.06410804454,0.18055695800001104
donuts,64,96,0,39059.70318773448,0.026469249999991007
donuts,64,96,1,25294.203784861904,0.029074709000013854
donuts,64,96,2,31278.34120366235,0.030589250000019774
donuts,64,96,3,27750.741336338036,0.03174066599999037
donuts,64,96,4,30436.14212718367,0.03503245800001764
donuts,64,128,0,29012.54025145601,0.036146417000026076
donuts,64,128,1,24588.973413460615,0.03541479199998321
donuts,64,128,2,28038.068668972344,0.03532612499998322
donuts,64,128,3,26526.296115540328,0.03598495800000023
donuts,64,128,4,26616.82089916408,0.03603429099999289
donuts,64,192,0,25294.902955807047,0.03713704200001189
donuts,64,192,1,23938.874605661586,0.037012916999998424
donuts,64,192,2,23781.391755873945,0.03683841599999482
donuts,64,192,3,23012.57151241664,0.037930458000005274
donuts,64,192,4,25685.46802077277,0.0369677500000023
donuts,64,256,0,22457.323899178737,0.037915790999988985
donuts,64,256,1,22975.182395395535,0.040139417000006006
donuts,64,256,2,23560.46887672347,0.04009979200000657
donuts,64,256,3,23062.67721082961,0.03796324999999001
donuts,64,256,4,24034.752316390397,0.03850358299999357
donuts,64,384,0,21789.359527425226,0.04225370800000405
donuts,64,384,1,22029.03694983047,0.04159850000002052
donuts,64,384,2,21081.4450613672,0.0414608749999843
donuts,64,384,3,22759.224512611338,0.04256587500000819
donuts,64,384,4,22448.27225754428,0.041342040999978735
donuts,64,512,0,20859.677252018584,0.04563820900000337
donuts,64,512,1,21593.443523392383,0.04431670799999665
donuts,64,512,2,21286.582359858792,0.04610733300000902
donuts,64,512,3,21682.882687330377,0.044386875000014925
donuts,64,512,4,21609.714266715768,0.045019749999994474
donuts,64,768,0,20359.907651502555,0.05134350000000154
donuts,64,768,1,20410.410276085317,0.053220957999997154
donuts,64,768,2,20661.32104939362,0.051288207999988344
donuts,64,768,3,21321.027543273583,0.05284000000000333
donuts,64,768,4,20259.380060087224,0.05120979200000875
donuts,64,1024,0,20026.074171468943,0.060017874999999776
donuts,64,1024,1,20054.105309051985,0.05898445799999763
donuts,64,1024,2,20607.084204489416,0.060666499999996404
donuts,64,1024,3,20310.076999568955,0.05804824999998459
donuts,64,1024,4,20213.78833094065,0.05797516599997721
donuts,64,1536,0,19340.44176179061,0.07910412500001485
donuts,64,1536,1,19473.193609000802,0.07386670799999706
donuts,64,1536,2,19113.930018340307,0.07756141600000888
donuts,64,1536,3,20094.579526249756,0.07876816699999267
donuts,64,1536,4,19322.887106355996,0.07705945799997949
donuts,64,2048,0,19194.030709113013,0.09478920799998036
donuts,64,2048,1,19060.102966536877,0.09927362499999504
donuts,64,2048,2,19230.01259913352,0.10318420799998762
donuts,64,2048,3,19642.668230737283,0.09607162500000754
donuts,64,2048,4,18914.654425624947,0.09728291700000113
donuts,64,3072,0,18870.82676830344,0.12913520799997968
donuts,64,3072,1,18858.174192969578,0.1319447500000024
donuts,64,3072,2,19013.018703119244,0.12578049999999052
donuts,64,3072,3,19291.055641934487,0.1235077500000159
donuts,64,3072,4,18876.89918804325,0.1258808750000071
donuts,64,4096,0,18776.73813780428,0.15556191599998215
donuts,64,4096,1,18713.33210365148,0.1548251670000127
donuts,64,4096,2,18730.888906047876,0.16288833400000158
donuts,64,4096,3,18770.05446124766,0.16457737499999325
donuts,64,4096,4,18821.89452984424,0.15157400000001076
donuts,64,8192,0,18426.731110359455,0.2167208340000002
donuts,64,8192,1,18397.316717074973,0.21972008299999857
donuts,64,8192,2,18463.498853111363,0.2182305000000042
donuts,64,8192,3,18492.994575351702,0.21774637499999017
donuts,64,8192,4,18493.570677012587,0.20446420900000817
birb,2,64,0,1006392.1641604155,0.025450083000009727
birb,2,64,1,902138.4617003014,0.025003792000006797
birb,2,64,2,904074.5693214246,0.02575341700000422
birb,2,64,3,941314.0786550221,0.024812209000003804
birb,2,64,4,1017111.9370745317,0.024792375000004085
birb,2,96,0,925573.7018357172,0.025650750000011158
birb,2,96,1,903394.3152781852,0.0266487080000104
birb,2,96,2,912961.1862320878,0.025079750000003287
birb,2,96,3,922104.2681144859,0.025863999999984344
birb,2,96,4,1004262.0490703247,0.026685208000003513
birb,2,128,0,922206.8303922085,0.027150625000018636
birb,2,128,1,900979.0543704232,0.028320833000009316
birb,2,128,2,909101.6849039998,0.027163916999995763
birb,2,128,3,920186.0762637386,0.027674749999988535
birb,2,128,4,980436.0122749548,0.02702441599998906
birb,2,192,0,916160.3285786193,0.027579000000002907
birb,2,192,1,898896.5355644888,0.029508917000015344
birb,2,192,2,896320.9195160025,0.029814082999990887
birb,2,192,3,907511.993004856,0.030432249999989835
birb,2,192,4,951390.9689950802,0.030290291000000025
birb,2,256,0,903881.5324732156,0.030607042000013962
birb,2,256,1,894899.7100021512,0.029549540999994406
birb,2,256,2,897414.3511148344,0.03063683300001685
birb,2,256,3,908453.8240219386,0.029651875000013206
birb,2,256,4,935242.5143502079,0.03006583300000898
birb,2,384,0,898124.0644864835,0.033002291000002515
birb,2,384,1,898669.6086100482,0.0320529580000084
birb,2,384,2,899149.0923778772,0.0310307919999957
birb,2,384,3,898574.7269084584,0.03151733299998227
birb,2,384,4,916365.2122691174,0.03286370800000782
birb,2,512,0,896520.8472340076,0.0320673749999969
birb,2,512,1,898763.8872784917,0.03310641600000963
birb,2,512,2,895960.6650610273,0.03271462499998279
birb,2,512,3,899094.3290935998,0.031561792000019295
birb,2,512,4,904047.412520369,0.031826792000003934
birb,2,768,0,894645.29940015,0.03410183299999403
birb,2,768,1,897173.9477071243,0.03473120800001084
birb,2,768,2,895230.0764503705,0.03318712499998355
birb,2,768,3,895346.814049961,0.033372708000001694
birb,2,768,4,897774.93066655,0.03416708299999982
birb,2,1024,0,893989.8216651152,0.03705695800002218
birb,2,1024,1,895974.649111324,0.03573883299998215
birb,2,1024,2,895163.621333744,0.03586587500001315
birb,2,1024,3,894763.4507250651,0.03814487500000041
birb,2,1024,4,898042.798622438,0.03707687499999679
birb,2,1536,0,895656.3500349688,0.040704333000007864
birb,2,1536,1,894418.6564243932,0.041028249999982336
birb,2,1536,2,895025.71225851,0.04128566700001102
birb,2,1536,3,894613.2181249248,0.04289079200000856
birb,2,1536,4,894925.7571277679,0.04327424999999607
birb,2,2048,0,894215.3349874639,0.04531650000001264
birb,2,2048,1,893528.8713525996,0.04883020899998769
birb,2,2048,2,894491.5400442329,0.0462010829999997
birb,2,2048,3,894832.1950525284,0.04503945799999087
birb,2,2048,4,894947.9494514336,0.046304749999990236
birb,2,3072,0,893608.5754745874,0.050692166999994015
birb,2,3072,1,893574.0176191479,0.05372245899999939
birb,2,3072,2,894159.9337705078,0.051261374999995724
birb,2,3072,3,893924.7639969836,0.04978133299999854
birb,2,3072,4,896540.5578251216,0.04898608299998841
birb,2,4096,0,893702.3556596739,0.06147383299997955
birb,2,4096,1,894189.9876897078,0.05613345900002287
birb,2,4096,2,893958.891604719,0.052006541999986666
birb,2,4096,3,893703.4267892939,0.05492604200000528
birb,2,4096,4,894667.6638442652,0.052184707999998636
birb,2,8192,0,893561.1653498227,0.060626167000009445
birb,2,8192,1,893332.1782459432,0.057884833999992225
birb,2,8192,2,893596.4273458103,0.05667224999999121
birb,2,8192,3,894254.3356889216,0.060808250000008
birb,2,8192,4,894260.7099634012,0.05757712499999457
birb,3,64,0,490679.35315911577,0.021917541000021856
birb,3,64,1,485471.53647457686,0.021256750000020475
birb,3,64,2,494440.11632168293,0.02076737499999126
birb,3,64,3,484484.89681581,0.021401209000003973
birb,3,64,4,498864.22586192464,0.022436416999994435
birb,3,96,0,490135.4103678409,0.023176790999997365
birb,3,96,1,478573.74959768,0.02205020799999602
birb,3,96,2,490902.29643893684,0.02354920899998092
birb,3,96,3,480718.47539234586,0.023292707999985396
birb,3,96,4,492132.63525231555,0.02334408400000143
birb,3,128,0,492040.1234766105,0.024255750000008902
birb,3,128,1,481128.46410684334,0.024228209000000334
birb,3,128,2,484435.27554538514,0.024664583000003404
birb,3,128,3,479084.2766655856,0.024448624999990898
birb,3,128,4,479272.2623609005,0.024198333000015282
birb,3,192,0,487706.3039433037,0.025754124999991745
birb,3,192,1,484927.9307183502,0.026966333000018494
birb,3,192,2,481463.52383233927,0.02554066700000135
birb,3,192,3,481636.9593236905,0.027077415999997356
birb,3,192,4,477176.2355239787,0.025494124999994483
birb,3,256,0,484924.6407623954,0.02594745799999032
birb,3,256,1,481128.9145383924,0.026764708000001747
birb,3,256,2,480902.9023693975,0.028952250000003232
birb,3,256,3,484086.9702530105,0.028089166000000887
birb,3,256,4,477000.2106318403,0.027449708999995437
birb,3,384,0,479151.69792052667,0.031118208000009417
birb,3,384,1,480370.6447991078,0.030326792000010983
birb,3,384,2,478223.49752431136,0.0302501670000197
birb,3,384,3,477242.55705591745,0.03038012499999354
birb,3,384,4,476650.1650504308,0.031756749999999556
birb,3,512,0,477654.3618968957,0.03144574999998895
birb,3,512,1,478540.41035213805,0.03219337499999142
birb,3,512,2,479875.2996437219,0.03261687500000221
birb,3,512,3,476442.7132876352,0.032774208999995835
birb,3,512,4,477638.9630717878,0.03310370799999873
birb,3,768,0,476657.95387086936,0.034861333000009154
birb,3,768,1,478172.3360175544,0.036968708000017614
birb,3,768,2,481027.18642509624,0.03628595899999709
birb,3,768,3,476430.5173877269,0.03481720799999266
birb,3,768,4,476389.09439703124,0.034042209000006096
birb,3,1024,0,476700.64287889,0.04052079100000583
birb,3,1024,1,477960.1745431322,0.040521374999997306
birb,3,1024,2,478705.661481662,0.038783458000011706
birb,3,1024,3,476413.9710448567,0.037317999999999074
birb,3,1024,4,476290.56362159754,0.037968124999991915
birb,3,1536,0,478882.7429399781,0.04483845800001518
birb,3,1536,1,477211.4053338924,0.05124100000000453
birb,3,1536,2,479903.3598625983,0.04661695800001553
birb,3,1536,3,475987.8473804089,0.04453687500000569
birb,3,1536,4,476110.1516445346,0.04779320800000164
birb,3,2048,0,477951.6628329909,0.048614082999989705
birb,3,2048,1,476801.4114912267,0.04946766599999819
birb,3,2048,2,476282.9204037752,0.05110320800000068
birb,3,2048,3,475924.0750417855,0.04397920800002453
birb,3,2048,4,476084.5998230196,0.04473287499999401
birb,3,3072,0,476307.8243301109,0.06437837499998977
birb,3,3072,1,476674.9727644874,0.06198020799999426
birb,3,3072,2,476040.9643835327,0.05570483299999296
birb,3,3072,3,475816.5321013653,0.049240542000006826
birb,3,3072,4,476798.0318136289,0.05831370799998581
birb,3,4096,0,476042.927311054,0.06073050000000535
birb,3,4096,1,476227.4132148228,0.0635972919999972
birb,3,4096,2,476058.59823798644,0.060252084000012474
birb,3,4096,3,475800.39839319576,0.05385095799999817
birb,3,4096,4,476479.81531274883,0.07149066700000617
birb,3,8192,0,475764.95085371024,0.060231459000021914
birb,3,8192,1,475935.56055927876,0.05939833299999009
birb,3,8192,2,475717.9719985398,0.06619620800000803
birb,3,8192,3,475804.6800749678,0.06187445800000546
birb,3,8192,4,475946.20526602067,0.06264600000000087
birb,4,64,0,387330.3112392854,0.022211249999998017
birb,4,64,1,340404.3623130987,0.020703083999990213
birb,4,64,2,368120.2041892372,0.022022458999998662
birb,4,64,3,349900.908288212,0.021790834000000814
birb,4,64,4,378336.45948867936,0.021812584000002744
birb,4,96,0,360763.47831189475,0.02224895899999524
birb,4,96,1,340614.5535658295,0.022677791000006664
birb,4,96,2,354562.3921105496,0.023917290999975194
birb,4,96,3,346020.1002868353,0.02363591700000711
birb,4,96,4,405981.12530322926,0.024299333000016077
birb,4,128,0,357590.44744809123,0.02389324999998621
birb,4,128,1,338644.658837913,0.024513834000003953
birb,4,128,2,349730.13097475335,0.024110041999989562
birb,4,128,3,344067.3888933417,0.024668875000003254
birb,4,128,4,396853.185160461,0.024159499999996115
birb,4,192,0,358237.78856024914,0.02605645799999934
birb,4,192,1,340339.3295676096,0.02711608399999932
birb,4,192,2,344506.5475009256,0.027231416999995872
birb,4,192,3,363063.9975381164,0.026653375000023516
birb,4,192,4,377465.74207059643,0.0259789590000139
birb,4,256,0,353726.4649327952,0.02723395900000014
birb,4,256,1,338702.84045999614,0.029458290999997416
birb,4,256,2,341762.28809896286,0.02825279099999989
birb,4,256,3,367764.8868805305,0.02915879200000404
birb,4,256,4,342862.93687670375,0.028029584000023533
birb,4,384,0,347631.98739578057,0.03290429199998357
birb,4,384,1,341906.42646074225,0.02974754199999552
birb,4,384,2,336228.5639739192,0.03274974999999358
birb,4,384,3,345766.7533456297,0.032762208000008286
birb,4,384,4,340293.7146755821,0.03336662500001353
birb,4,512,0,347112.8898668934,0.03483945799999333
birb,4,512,1,339418.91316275304,0.037133832999984406
birb,4,512,2,335111.5931628341,0.03579587500001935
birb,4,512,3,334650.2757432364,0.03497858399998677
birb,4,512,4,339571.01562668156,0.0325367910000125
birb,4,768,0,340229.5416701319,0.03699854100000266
birb,4,768,1,337657.83324218914,0.037819250000012516
birb,4,768,2,334402.3056704456,0.042548792000019375
birb,4,768,3,340755.4395377391,0.039903083000012884
birb,4,768,4,337691.47627808334,0.03802787500001159
birb,4,1024,0,334069.5348155668,0.042920041999991554
birb,4,1024,1,335995.79725789774,0.03985441700001502
birb,4,1024,2,333982.1624202186,0.04428108299998712
birb,4,1024,3,333649.76289377385,0.04003012499998704
birb,4,1024,4,338719.7547985973,0.04020700000000943
birb,4,1536,0,334469.4456055192,0.05513395899998841
birb,4,1536,1,333838.89865895227,0.04849191700000688
birb,4,1536,2,335302.238368903,0.05088287500001343
birb,4,1536,3,334227.47942987713,0.0464727499999924
birb,4,1536,4,336320.8875275527,0.04879070800001273
birb,4,2048,0,334633.4304938376,0.059592374999994036
birb,4,2048,1,333320.39664293244,0.05793662499999641
birb,4,2048,2,333492.7418168754,0.05719704199998432
birb,4,2048,3,333740.3040794013,0.052253459000013436
birb,4,2048,4,334546.929986544,0.05550875000000133
birb,4,3072,0,333333.7257496638,0.07883508399999073
birb,4,3072,1,333694.9529331541,0.06308154199999194
birb,4,3072,2,333328.18581594684,0.06443308300001149
birb,4,3072,3,333363.3267921302,0.06286679199999412
birb,4,3072,4,334538.39611999434,0.06960150000000453
birb,4,4096,0,333371.84417961555,0.08836079199997471
birb,4,4096,1,333269.80755717313,0.06765712500001086
birb,4,4096,2,333309.8721186698,0.08513295800000265
birb,4,4096,3,333160.58789008576,0.06376054200001136
birb,4,4096,4,333443.07473481295,0.0714727079999875
birb,4,8192,0,333092.64311842335,0.0824310829999888
birb,4,8192,1,333200.3079363223,0.09040879200000518
birb,4,8192,2,333063.1429030882,0.09474458300002198
birb,4,8192,3,333134.26735807623,0.08610216599998921
birb,4,8192,4,333386.0392194701,0.08821112500001504
birb,6,64,0,252441.15119141265,0.021351500000008627
birb,6,64,1,260786.15616206644,0.029045625000009068
birb,6,64,2,266024.7596764462,0.022180875000003653
birb,6,64,3,251147.41983151156,0.022202792000001637
birb,6,64,4,255243.9743916961,0.021526541000014277
birb,6,96,0,250651.60574542312,0.022063416999998253
birb,6,96,1,259018.89385017555,0.022194500000011885
birb,6,96,2,255231.87181431282,0.02378295799999819
birb,6,96,3,248978.81895176938,0.0242409999999893
birb,6,96,4,251114.72578072574,0.024148165999974935
birb,6,128,0,239592.99858516402,0.027427500000015925
birb,6,128,1,242585.2320681706,0.025312499999984084
birb,6,128,2,247695.84180757272,0.023876291999982868
birb,6,128,3,246511.796273082,0.025168417000003274
birb,6,128,4,246834.04873218533,0.025140332999995962
birb,6,192,0,245110.25881231052,0.025461040999999796
birb,6,192,1,239663.82784010394,0.025049542000004976
birb,6,192,2,240568.7535342095,0.025847166000005473
birb,6,192,3,238225.25747433485,0.026793457999986003
birb,6,192,4,234979.83934746459,0.02703999999999951
birb,6,256,0,238323.21062187201,0.02703741599998466
birb,6,256,1,236553.12563624294,0.026905375000012555
birb,6,256,2,238083.03327163102,0.02819720799999459
birb,6,256,3,244217.99781772657,0.028341916000016454
birb,6,256,4,234533.8192948171,0.028763709000003246
birb,6,384,0,252697.5121935763,0.03270858299998736
birb,6,384,1,236664.10438763606,0.03246766699999171
birb,6,384,2,233620.12122284697,0.03199245799999062
birb,6,384,3,232160.97571153918,0.03351199999997334
birb,6,384,4,245177.8805726781,0.032166332999992164
birb,6,512,0,233451.30332814023,0.03420620899998994
birb,6,512,1,235207.1673025072,0.0322400000000016
birb,6,512,2,232873.62806548062,0.03353920800000765
birb,6,512,3,230559.02806422365,0.034933707999982744
birb,6,512,4,245003.0743003693,0.03816704100000834
birb,6,768,0,231655.94632764024,0.03990529099999662
birb,6,768,1,233714.4289054613,0.03812029200000211
birb,6,768,2,231379.69885890634,0.04060545799998749
birb,6,768,3,230006.41787374998,0.03770825000000855
birb,6,768,4,230527.78452707987,0.03742987499998662
birb,6,1024,0,231440.10878410508,0.04712933400000452
birb,6,1024,1,234996.93431770714,0.04335916700000553
birb,6,1024,2,231495.85345857276,0.04402004199999965
birb,6,1024,3,230624.79141988544,0.042578958000007106
birb,6,1024,4,229811.9411320234,0.03872824999999125
birb,6,1536,0,230738.8231457004,0.05144283399999949
birb,6,1536,1,230369.53034316734,0.05209700000000339
birb,6,1536,2,230534.03631470227,0.048228999999992084
birb,6,1536,3,230428.56550267496,0.05003216600002247
birb,6,1536,4,230045.7148186326,0.050739500000020143
birb,6,2048,0,230872.66426467587,0.05679637500000467
birb,6,2048,1,230816.50220034976,0.05875900000000911
birb,6,2048,2,230303.672375411,0.0514578750000112
birb,6,2048,3,230437.25717991067,0.0593183750000037
birb,6,2048,4,229426.21611648,0.05764620900001205
birb,6,3072,0,230170.92504461945,0.07558212500001105
birb,6,3072,1,230323.5338935005,0.07794225000000665
birb,6,3072,2,229622.28745363,0.06513270799999304
birb,6,3072,3,230135.95098893016,0.07354779100000997
birb,6,3072,4,229196.7990740061,0.06987291699999787
birb,6,4096,0,229848.38730072312,0.09030050000001211
birb,6,4096,1,229820.3252420155,0.07742141599999286
birb,6,4096,2,229049.9379510847,0.09683762500000626
birb,6,4096,3,231258.11167357347,0.11581345799999099
birb,6,4096,4,230263.11374555496,0.10272374999999556
birb,6,8192,0,228798.96686028433,0.09988579200000913
birb,6,8192,1,229093.85814506168,0.12479449999997883
birb,6,8192,2,229191.96902059639,0.1138805829999967
birb,6,8192,3,231386.88178969108,0.09789499999999407
birb,6,8192,4,228900.82067878745,0.10951016600000685
birb,8,64,0,209297.2175274186,0.021846124999996164
birb,8,64,1,185059.46619500837,0.02311791599998969
birb,8,64,2,207385.07905529957,0.02188583299999891
birb,8,64,3,199405.1068297123,0.022597666999985222
birb,8,64,4,208569.21032973577,0.022016415999985384
birb,8,96,0,199516.90936986392,0.02236224999998626
birb,8,96,1,178664.74307097812,0.022312208000016653
birb,8,96,2,207232.39440815535,0.022397082999987106
birb,8,96,3,179723.33322469043,0.022020083000001023
birb,8,96,4,210277.8990272895,0.02339424999999551
birb,8,128,0,205333.11682541177,0.024711416999991798
birb,8,128,1,178080.23708706867,0.023614584000000605
birb,8,128,2,197822.10326750166,0.024581000000011954
birb,8,128,3,176482.14155614172,0.02474691599999801
birb,8,128,4,201233.14343280045,0.025709375000019463
birb,8,192,0,197332.78771616644,0.026068707999996832
birb,8,192,1,178434.26993994077,0.026171875000017053
birb,8,192,2,188556.36635171674,0.027499874999989515
birb,8,192,3,180922.1847671615,0.026768875000016124
birb,8,192,4,203211.30819555797,0.026491749999991043
birb,8,256,0,185411.15014035496,0.027137332999984665
birb,8,256,1,178095.29359701986,0.028494625000007545
birb,8,256,2,184628.92395319368,0.027619040999979916
birb,8,256,3,178446.60542887013,0.027622625000049084
birb,8,256,4,177560.35233161564,0.028793249999978343
birb,8,384,0,182102.96009661147,0.03030966599999374
birb,8,384,1,177560.05453307714,0.03137845900005232
birb,8,384,2,180808.18558472913,0.03271404099996289
birb,8,384,3,174899.14368797175,0.03415979199996855
birb,8,384,4,176261.35940593775,0.03258341599996584
birb,8,512,0,177328.3410624865,0.0344993329999852
birb,8,512,1,175131.5679814075,0.03394670799997357
birb,8,512,2,175115.81950684485,0.03234320899997556
birb,8,512,3,173082.30858618458,0.03327058299998953
birb,8,512,4,176774.80222195323,0.03212825000002795
birb,8,768,0,175536.26200436865,0.03845879200002855
birb,8,768,1,174578.45986352302,0.03865254200002255
birb,8,768,2,175025.72200997977,0.04288204199997381
birb,8,768,3,177016.84299440283,0.037275999999963005
birb,8,768,4,182431.6827591787,0.041566999999986365
birb,8,1024,0,173110.94864396958,0.046141999999974814
birb,8,1024,1,174998.22332854458,0.04549450000001798
birb,8,1024,2,174620.85474290248,0.045841124999981275
birb,8,1024,3,177579.7868975347,0.04169112499999983
birb,8,1024,4,172619.82131453956,0.040557291999959943
birb,8,1536,0,173841.28168484007,0.05942662500001461
birb,8,1536,1,174305.57050482935,0.052730416000031255
birb,8,1536,2,172913.35847414212,0.059440791000042736
birb,8,1536,3,178853.12419046764,0.060909750000007534
birb,8,1536,4,175097.41004362263,0.053447624999989785
birb,8,2048,0,172904.81196078812,0.06750079199997572
birb,8,2048,1,174562.95659662344,0.06507612500001869
birb,8,2048,2,171972.36565321044,0.07624249999997801
birb,8,2048,3,173376.09475200565,0.061754666000013
birb,8,2048,4,177272.3838825463,0.06584825000004457
birb,8,3072,0,172495.2744242626,0.09057579200003829
birb,8,3072,1,173890.47804173012,0.08617204199998696
birb,8,3072,2,172127.36665332565,0.08769895900002211
birb,8,3072,3,171621.36493753293,0.07341745899998386
birb,8,3072,4,173461.75694638607,0.07953645800000686
birb,8,4096,0,171775.7462214118,0.09783075000001418
birb,8,4096,1,172918.67607690647,0.10345024999998031
birb,8,4096,2,172027.40929499423,0.10376979099999062
birb,8,4096,3,171874.69913422968,0.1202086249999752
birb,8,4096,4,176863.09513523546,0.10606041699998059
birb,8,8192,0,171545.50777089992,0.10716024999999263
birb,8,8192,1,172077.87045200006,0.12030733400001736
birb,8,8192,2,171727.24933583077,0.12490399999995816
birb,8,8192,3,171805.24359257735,0.1413238330000013
birb,8,8192,4,172448.35020782324,0.12627120799999147
birb,12,64,0,143307.97443809442,0.023658667000006517
birb,12,64,1,142446.29060243155,0.023584834000018873
birb,12,64,2,161618.74568266072,0.02289475000003449
birb,12,64,3,135466.5485463769,0.02366150000000289
birb,12,64,4,157545.18856655268,0.023741999999970176
birb,12,96,0,135964.0823158305,0.023691917000007834
birb,12,96,1,132271.5558166264,0.023206666000021414
birb,12,96,2,150914.22566341798,0.023770790999947167
birb,12,96,3,133383.72397805596,0.023200540999994246
birb,12,96,4,144911.99521996686,0.024307833000023038
birb,12,128,0,130684.92669149178,0.024462916000004498
birb,12,128,1,138352.7216716682,0.025520207999988997
birb,12,128,2,144274.85624740293,0.02651808399997435
birb,12,128,3,130349.4663452905,0.025995958999999402
birb,12,128,4,135672.36353740454,0.026198874999977306
birb,12,192,0,130981.7878894006,0.027006832999973085
birb,12,192,1,131318.3124484294,0.027782375000015236
birb,12,192,2,131884.7484710172,0.027474625000024844
birb,12,192,3,128830.76772936176,0.028449625000007472
birb,12,192,4,134094.30974497928,0.028049915999986297
birb,12,256,0,130195.01226909789,0.02907854199997928
birb,12,256,1,130065.80905324596,0.029653167000049052
birb,12,256,2,129496.33664696853,0.029238749999990432
birb,12,256,3,129950.50855962014,0.029884791000029054
birb,12,256,4,130895.11078708273,0.029602457999999388
birb,12,384,0,130797.02429224865,0.03446208299999398
birb,12,384,1,125690.07724948628,0.034522374999994554
birb,12,384,2,130095.17223228344,0.03468341600000713
birb,12,384,3,126486.22754480764,0.03386545799997975
birb,12,384,4,127138.45265892416,0.03524395900001309
birb,12,512,0,125101.2433362162,0.035321625000051426
birb,12,512,1,123100.230642209,0.0361767080000277
birb,12,512,2,121280.63693208167,0.03689891699997361
birb,12,512,3,122408.77315635372,0.03546879199996056
birb,12,512,4,124953.1160114785,0.03466683300001705
birb,12,768,0,121427.11923235674,0.03942470800001274
birb,12,768,1,122567.37651495931,0.040071500000010474
birb,12,768,2,121034.47804439995,0.0414403340000149
birb,12,768,3,123420.60286147989,0.04068087499996409
birb,12,768,4,121143.73216604046,0.04135549999995192
birb,12,1024,0,121873.91671871314,0.04870441599996411
birb,12,1024,1,121534.73800942599,0.0455889159999856
birb,12,1024,2,119727.50055788326,0.046288875000016105
birb,12,1024,3,121907.62992499965,0.04873512500000743
birb,12,1024,4,121934.95407179662,0.046360082999967744
birb,12,1536,0,120704.15047576885,0.0642647080000529
birb,12,1536,1,120491.41396730734,0.056897875000004206
birb,12,1536,2,118116.59810859,0.05552112500004114
birb,12,1536,3,123813.13532880062,0.05556349999994836
birb,12,1536,4,119547.81280443394,0.05795237500001349
birb,12,2048,0,118894.52747547436,0.07139845899996544
birb,12,2048,1,119689.46960964186,0.10437799999999697
birb,12,2048,2,119823.48939317356,0.06545429200002673
birb,12,2048,3,120452.17066167577,0.05509679099998266
birb,12,2048,4,120095.53877979486,0.07200604199999816
birb,12,3072,0,119602.67253284839,0.08072679100001778
birb,12,3072,1,118407.98946151916,0.09276820799999541
birb,12,3072,2,118164.59333071265,0.0811124159999963
birb,12,3072,3,119005.11971756913,0.0790217910000024
birb,12,3072,4,118091.21331770037,0.0845077920000108
birb,12,4096,0,118655.18755790438,0.11114979200004882
birb,12,4096,1,118195.80894309914,0.09522520800004486
birb,12,4096,2,117828.325131948,0.12266862499996023
birb,12,4096,3,118662.7156188547,0.09940725000001294
birb,12,4096,4,118364.51019911116,0.12286733299998787
birb,12,8192,0,118066.86222903174,0.16051987500003406
birb,12,8192,1,117297.55051470942,0.1398390840000161
birb,12,8192,2,117848.75582599008,0.15536991700003
birb,12,8192,3,118352.56626415908,0.13311850000002323
birb,12,8192,4,117662.51439947421,0.13278174999999237
birb,16,64,0,120432.14058900301,0.0256278339999767
birb,16,64,1,121732.30213398057,0.02540658399999529
birb,16,64,2,134130.90612008935,0.024964583999974366
birb,16,64,3,106039.69431365776,0.024300041999993027
birb,16,64,4,121544.88958158511,0.02639245799997525
birb,16,96,0,104590.81979610003,0.025453832999971837
birb,16,96,1,111856.67379825935,0.026075082999966526
birb,16,96,2,129802.92408335429,0.02454183300000068
birb,16,96,3,103315.99253289186,0.025619249999977
birb,16,96,4,116416.58372205615,0.0254399169999715
birb,16,128,0,104300.58524700034,0.025760166999987177
birb,16,128,1,110247.39275936218,0.026944667000009304
birb,16,128,2,114066.24076284708,0.027583333999984916
birb,16,128,3,104633.31714831476,0.02709045800003196
birb,16,128,4,109110.27537738046,0.02901124999999638
birb,16,192,0,102206.21144526853,0.030078166999999212
birb,16,192,1,107126.60578343068,0.029136665999999423
birb,16,192,2,104973.73680886377,0.028357875000040167
birb,16,192,3,97932.11227871929,0.029785000000003947
birb,16,192,4,110682.71700512686,0.029582374999961303
birb,16,256,0,102585.49859176042,0.0308787499999994
birb,16,256,1,102570.31336976141,0.0332300000000032
birb,16,256,2,104723.65831571586,0.032728833000021496
birb,16,256,3,97878.74723695172,0.032690457999990485
birb,16,256,4,95874.13967679617,0.032299333000025854
birb,16,384,0,102260.33897830368,0.03741312500000049
birb,16,384,1,97273.2600240733,0.03549141700000291
birb,16,384,2,96771.57309656555,0.034428832999992665
birb,16,384,3,94577.61775995264,0.038437999999985095
birb,16,384,4,95824.24197664941,0.03632137499999999
birb,16,512,0,91685.53922362169,0.037455000000022665
birb,16,512,1,93455.65240282228,0.039357624999979635
birb,16,512,2,94708.4929740362,0.03829250000001139
birb,16,512,3,93591.67865490621,0.037267541999995046
birb,16,512,4,92302.81106622888,0.038038541000048554
birb,16,768,0,91697.3918811188,0.044786833999978626
birb,16,768,1,93056.67832252478,0.041293291999977555
birb,16,768,2,92323.59510628719,0.04154941600000939
birb,16,768,3,92329.85344948039,0.04016483300000573
birb,16,768,4,92830.79521527588,0.04416041600001108
birb,16,1024,0,91863.87289816464,0.045690958000022874
birb,16,1024,1,89742.28441209876,0.04952450000001818
birb,16,1024,2,90087.83614707699,0.04861158399995702
birb,16,1024,3,92705.87106773176,0.04676249999999982
birb,16,1024,4,90532.10970994283,0.0470337920000361
birb,16,1536,0,91040.6469681517,0.0607702080000081
birb,16,1536,1,89790.0191518358,0.05869799999999259
birb,16,1536,2,91278.62978119431,0.06508145800000875
birb,16,1536,3,89350.72616996085,0.05834316700003228
birb,16,1536,4,88850.4452459684,0.06522291600003882
birb,16,2048,0,90495.76353384471,0.06891445899998416
birb,16,2048,1,88499.26537116057,0.06823008400004937
birb,16,2048,2,88275.46501118665,0.07198362499997302
birb,16,2048,3,89189.50711127491,0.06749687500001755
birb,16,2048,4,88847.56552646129,0.07229412499998489
birb,16,3072,0,88635.40803727291,0.09556199999997261
birb,16,3072,1,88588.89887670192,0.09847108299999263
birb,16,3072,2,88938.90078678602,0.09048795799998288
birb,16,3072,3,87763.2063855177,0.08845508299998528
birb,16,3072,4,88334.30225413259,0.09448154199998271
birb,16,4096,0,88497.8806399272,0.12885741699994924
birb,16,4096,1,87917.62928717029,0.10957983299999796
birb,16,4096,2,88468.71093820276,0.10789608300001419
birb,16,4096,3,87572.04872450295,0.10686204099999941
birb,16,4096,4,88310.64086404024,0.09437120800004095
birb,16,8192,0,87969.31856118326,0.1283518750000212
birb,16,8192,1,87696.97977670262,0.1633329579999554
birb,16,8192,2,87472.87514755462,0.1447024159999728
birb,16,8192,3,88018.37299537992,0.15664954200002512
birb,16,8192,4,87361.63219002764,0.15338479100000768
birb,24,64,0,87526.97284236283,0.02621770899997955
birb,24,64,1,95917.52237971239,0.026489583999989463
birb,24,64,2,108625.74227403654,0.02725100000003522
birb,24,64,3,82130.8919069468,0.026040542000032474
birb,24,64,4,91881.99787944138,0.026795125000035114
birb,24,96,0,74988.2498361478,0.02744129199999179
birb,24,96,1,84062.05842313988,0.028267249999998967
birb,24,96,2,88915.8198959323,0.028004124999995383
birb,24,96,3,74368.78097893078,0.0289476250000007
birb,24,96,4,84388.00046573291,0.029490458999987368
birb,24,128,0,75530.95963520632,0.030571541999961482
birb,24,128,1,81470.82955810218,0.03132349999998496
birb,24,128,2,86055.85415982343,0.031034540999996807
birb,24,128,3,72866.69478961329,0.032149791999984245
birb,24,128,4,76504.84752063375,0.03492454199999884
birb,24,192,0,78865.97906331545,0.033559334000017316
birb,24,192,1,73864.17077299126,0.03433699999999362
birb,24,192,2,80748.58307018466,0.03531345800001873
birb,24,192,3,72283.41890964826,0.035586999999964064
birb,24,192,4,74482.32571544588,0.03612895800000615
birb,24,256,0,71479.46890291224,0.038170957999966504
birb,24,256,1,70116.4970954583,0.04036129200000005
birb,24,256,2,73004.96859124655,0.04139966700000741
birb,24,256,3,72715.6189187817,0.03956133299999465
birb,24,256,4,73104.4787099021,0.03978045899998506
birb,24,384,0,70888.09210790318,0.04512683300004028
birb,24,384,1,70210.82219140364,0.04367816699999594
birb,24,384,2,67769.04755723153,0.04422325000001592
birb,24,384,3,69417.85325805553,0.04320187500002248
birb,24,384,4,68970.69711736718,0.0437270000000467
birb,24,512,0,66026.42651086036,0.04480587499995181
birb,24,512,1,69940.13377836198,0.04319229199995789
birb,24,512,2,67288.64730026503,0.043544833999987986
birb,24,512,3,67151.02804293878,0.0455326250000212
birb,24,512,4,65626.32339297517,0.04361195799998541
birb,24,768,0,66254.92482105063,0.048880291999978454
birb,24,768,1,66941.70898571544,0.04723724999996648
birb,24,768,2,63294.16857441071,0.047985707999998795
birb,24,768,3,65979.87850616466,0.04791991700000153
birb,24,768,4,64280.503848751556,0.047020791000022655
birb,24,1024,0,64923.11028363518,0.053925625000033506
birb,24,1024,1,62938.67986964729,0.051839333000032184
birb,24,1024,2,64678.6664178049,0.05217295799997146
birb,24,1024,3,65083.63849087452,0.055423625000003085
birb,24,1024,4,63650.37161973104,0.05681216700003233
birb,24,1536,0,63294.70182076733,0.07161062500000526
birb,24,1536,1,62380.0917526081,0.0684366670000145
birb,24,1536,2,62488.00592111651,0.06667220799999996
birb,24,1536,3,65271.21470103677,0.0703474579999579
birb,24,1536,4,62798.50160784238,0.06158920800004353
birb,24,2048,0,62809.39609002293,0.0748443339999767
birb,24,2048,1,62443.55233994026,0.07948270899998988
birb,24,2048,2,62233.06728833829,0.08338441699999066
birb,24,2048,3,63219.224746999025,0.07601420899999312
birb,24,2048,4,61910.96226936477,0.0685431660000404
birb,24,3072,0,61256.26593540441,0.11187654200000452
birb,24,3072,1,60522.73855149625,0.09791699999999537
birb,24,3072,2,61217.80470080083,0.09457237500004112
birb,24,3072,3,61916.947662600505,0.09206479200003059
birb,24,3072,4,62019.82040924283,0.09413287500001388
birb,24,4096,0,61773.779873258056,0.12698762499996974
birb,24,4096,1,61295.8327957339,0.12355424999998377
birb,24,4096,2,61106.85169114225,0.12262970799997674
birb,24,4096,3,61835.047678212635,0.11296570799999017
birb,24,4096,4,61462.955753759226,0.11537670800004207
birb,24,8192,0,60873.41920763007,0.1678170419999674
birb,24,8192,1,60245.04188336274,0.1333095410000169
birb,24,8192,2,60865.76419891228,0.16039162499998838
birb,24,8192,3,60460.55479419275,0.15982004100004588
birb,24,8192,4,60522.72191588287,0.17954012500001681
birb,32,64,0,71297.70263930225,0.032355750000022
birb,32,64,1,82713.18724643109,0.030899665999982062
birb,32,64,2,98324.05905232784,0.03493020799999158
birb,32,64,3,66349.60648260583,0.03371570900003462
birb,32,64,4,74981.08668877678,0.035009207999962655
birb,32,96,0,64531.92824915562,0.03563520900002004
birb,32,96,1,71049.13677240915,0.03725266700001839
birb,32,96,2,74912.628466023,0.037881291000019246
birb,32,96,3,63874.34302676872,0.03587466599998379
birb,32,96,4,69521.88688536186,0.03927866700001914
birb,32,128,0,61773.39129401579,0.03957824999997683
birb,32,128,1,67227.25283578034,0.039031041999976424
birb,32,128,2,68435.15775107099,0.039043999999989865
birb,32,128,3,59171.35776879344,0.041454292000025816
birb,32,128,4,61734.04108761827,0.044642042000020865
birb,32,192,0,62682.83573137427,0.04475387499996941
birb,32,192,1,57132.92298996636,0.04218649999995705
birb,32,192,2,66454.87870545793,0.04104712500003416
birb,32,192,3,56390.05256814535,0.04183612500003164
birb,32,192,4,58779.90937200339,0.04134162500002958
birb,32,256,0,60471.04940287444,0.043662707999999384
birb,32,256,1,57554.25191839777,0.046473166999987825
birb,32,256,2,57255.381364551184,0.044890333000012106
birb,32,256,3,54820.95049806241,0.046311207999963244
birb,32,256,4,57555.11911102425,0.04242295900002091
birb,32,384,0,56656.4721653518,0.0493575830000168
birb,32,384,1,54995.58260969389,0.04962512499997729
birb,32,384,2,53391.79579586634,0.04795216600001595
birb,32,384,3,54944.85342372436,0.05040862499998866
birb,32,384,4,57273.74930887167,0.050329833000034796
birb,32,512,0,52652.49743619187,0.051283707999971284
birb,32,512,1,51806.03804353259,0.049449834000029114
birb,32,512,2,54260.26309645558,0.052878916999986814
birb,32,512,3,52147.1682690364,0.05039612500002022
birb,32,512,4,54368.8587893144,0.05039758300000585
birb,32,768,0,52045.27006934814,0.05405924999996614
birb,32,768,1,52610.70775691368,0.059142958999984785
birb,32,768,2,51558.18797919627,0.055803042000036385
birb,32,768,3,52090.75798391048,0.05414812500004018
birb,32,768,4,51167.44150285834,0.05452316600002405
birb,32,1024,0,51855.79197861302,0.06132449999995515
birb,32,1024,1,50365.3825814072,0.05757295799998019
birb,32,1024,2,51256.750752699794,0.06036258300002828
birb,32,1024,3,51549.8483501589,0.062493917000040256
birb,32,1024,4,50086.77555055367,0.06153437500000791
birb,32,1536,0,51062.5447628788,0.0726304579999919
birb,32,1536,1,50651.792459425844,0.07710170899997593
birb,32,1536,2,50162.71019433325,0.07535345799999504
birb,32,1536,3,50836.76025651256,0.07374620900003492
birb,32,1536,4,50233.224571008745,0.07464266700003463
birb,32,2048,0,50171.46444353513,0.09027312500001017
birb,32,2048,1,51228.72870193946,0.0843261249999614
birb,32,2048,2,49903.15009486662,0.15171374999999898
birb,32,2048,3,50765.419950628624,0.0820416669999986
birb,32,2048,4,49558.98676703027,0.08159625000001824
birb,32,3072,0,49558.69288623364,0.11656108399995446
birb,32,3072,1,49668.54781539283,0.1094254579999756
birb,32,3072,2,48921.87347705305,0.10301154100000076
birb,32,3072,3,49224.692076187726,0.10356533399999535
birb,32,3072,4,49452.08538492591,0.10483670899998287
birb,32,4096,0,49255.57388952585,0.14549070800001118
birb,32,4096,1,48522.27813995156,0.1353264169999875
birb,32,4096,2,48581.96504214084,0.13419541700000082
birb,32,4096,3,49090.85299813618,0.12931295799995723
birb,32,4096,4,49216.404624083705,0.11808579200004488
birb,32,8192,0,47931.88624648822,0.1920881250000548
birb,32,8192,1,48457.88676229177,0.1720820000000458
birb,32,8192,2,48083.732345608136,0.17245883300000742
birb,32,8192,3,47920.26251394017,0.15175941699999385
birb,32,8192,4,48495.99104149551,0.17204604199997675
birb,48,64,0,60590.01936897431,0.03630320799999254
birb,48,64,1,73278.36626373896,0.03676825000002282
birb,48,64,2,93905.9525754572,0.03819099999998343
birb,48,64,3,54909.69123237726,0.039934334000008676
birb,48,64,4,65613.1000541684,0.03869350000002214
birb,48,96,0,49425.50976921164,0.04003129199998057
birb,48,96,1,56519.581190959405,0.04051037499999666
birb,48,96,2,67385.55154721417,0.04504700000001094
birb,48,96,3,50959.622130609816,0.047131625000019994
birb,48,96,4,57799.70060813996,0.04877316699997891
birb,48,128,0,48813.61220448918,0.05077441700001373
birb,48,128,1,54893.78667534504,0.04810620800003562
birb,48,128,2,58318.1725477869,0.0483219589999635
birb,48,128,3,46246.69286400019,0.05036537500001259
birb,48,128,4,49883.906633899285,0.04973558300002878
birb,48,192,0,47042.14321893408,0.050167750000014166
birb,48,192,1,42341.24956949101,0.049918458000036026
birb,48,192,2,50774.92632297816,0.05179737500003512
birb,48,192,3,42288.46026635987,0.050932041999999456
birb,48,192,4,45494.91603681953,0.04957812500003911
birb,48,256,0,43636.450494513454,0.052346000000000004
birb,48,256,1,42960.98119828813,0.05190866699996377
birb,48,256,2,43377.93547312241,0.05192970900003502
birb,48,256,3,41397.09036117202,0.05098937500002876
birb,48,256,4,42054.0162612181,0.05349304199995686
birb,48,384,0,41201.67512476775,0.07029995799996414
birb,48,384,1,41824.757617656076,0.058226000000047407
birb,48,384,2,42856.303269331955,0.05872158399995442
birb,48,384,3,40038.61563760284,0.05566387499999337
birb,48,384,4,41187.77139101016,0.05808470900001339
birb,48,512,0,40208.335981554934,0.05709645899997895
birb,48,512,1,39940.494204342525,0.05768129199998384
birb,48,512,2,41333.13700715829,0.05708724999999504
birb,48,512,3,38694.10050338728,0.05762708299999986
birb,48,512,4,40164.44293676647,0.05931366700002627
birb,48,768,0,38085.85141965212,0.06432508299997153
birb,48,768,1,38409.10215246242,0.064033707999954
birb,48,768,2,37614.712422388555,0.06378699999999071
birb,48,768,3,37799.19400297216,0.06356112499997835
birb,48,768,4,36988.707222880315,0.060717875000023014
birb,48,1024,0,37840.862426338106,0.07051291700003048
birb,48,1024,1,37043.445502609284,0.0724217920000001
birb,48,1024,2,37079.774313133894,0.06924974999998312
birb,48,1024,3,37455.95164347437,0.07071570800002291
birb,48,1024,4,37644.320562551504,0.06706700000000865
birb,48,1536,0,36026.53858614474,0.0828540410000187
birb,48,1536,1,36893.38274213902,0.08288145800003122
birb,48,1536,2,36316.106160732306,0.0821076670000025
birb,48,1536,3,36281.09169230638,0.08308033299999806
birb,48,1536,4,37080.83446630227,0.08140491599999677
birb,48,2048,0,35389.61670540243,0.09917966699998715
birb,48,2048,1,36263.459787195156,0.09647437500001388
birb,48,2048,2,35568.18189896901,0.09470220899999049
birb,48,2048,3,36332.57450217411,0.10179429200002232
birb,48,2048,4,35955.43124481934,0.09643358300002092
birb,48,3072,0,35327.798113451114,0.13026754199995594
birb,48,3072,1,35724.75526850406,0.11981258299999809
birb,48,3072,2,35471.49432276645,0.12353579099999479
birb,48,3072,3,35233.87477027753,0.11736287500002618
birb,48,3072,4,34779.28486507416,0.12225641700001688
birb,48,4096,0,34916.509151151375,0.14672254200002044
birb,48,4096,1,34919.91134014847,0.13019454200002656
birb,48,4096,2,34828.23068598488,0.1476750000000493
birb,48,4096,3,35519.2216440261,0.14529570799999192
birb,48,4096,4,34999.40975977054,0.14611908400001994
birb,48,8192,0,34144.044852729654,0.2061788329999672
birb,48,8192,1,34133.46406066562,0.20102354199997308
birb,48,8192,2,34222.9986151773,0.18737695900000517
birb,48,8192,3,34264.05588229125,0.1953055419999714
birb,48,8192,4,33960.5609886851,0.18354470799999945
birb,64,96,0,43709.92251188903,0.040316666999956396
birb,64,96,1,51391.31820284894,0.04221862500003226
birb,64,96,2,65371.19026183947,0.043306583999992654
birb,64,96,3,44996.97509227501,0.04541220800001611
birb,64,96,4,51536.47701079983,0.04359841600000891
birb,64,128,0,42116.403764902025,0.046907707999992
birb,64,128,1,48049.24215090292,0.0492827080000211
birb,64,128,2,54410.04512702104,0.04623374999999896
birb,64,128,3,40293.57001855043,0.05140254200000527
birb,64,128,4,42664.872705305366,0.05092833300000166
birb,64,192,0,39544.61706783714,0.0524810420000108
birb,64,192,1,36274.283804073,0.05611108300001888
birb,64,192,2,43459.8707388727,0.05749045900000738
birb,64,192,3,35653.14381521986,0.05736370799996848
birb,64,192,4,37002.710371675574,0.054177709000043706
birb,64,256,0,36168.584848045364,0.05908070800001042
birb,64,256,1,35730.123017773905,0.059472416000005524
birb,64,256,2,35988.70111988424,0.058978417000048466
birb,64,256,3,33690.22552382027,0.05719824999999901
birb,64,256,4,33924.6524940796,0.0595917499999814
birb,64,384,0,34582.101746858956,0.06419162500003495
birb,64,384,1,32524.342870000186,0.06384895799999413
birb,64,384,2,33817.01515571613,0.062330374999987725
birb,64,384,3,31925.0903829228,0.06329658300001029
birb,64,384,4,33178.82941029907,0.06227283299995179
birb,64,512,0,31619.42863197383,0.06658383300003834
birb,64,512,1,31659.353892013372,0.06567250000000513
birb,64,512,2,32826.773284270064,0.06537033299997574
birb,64,512,3,30820.71334078377,0.06517054200003258
birb,64,512,4,32603.810786000166,0.06458937499996864
birb,64,768,0,29947.95879530278,0.07068554199997834
birb,64,768,1,31232.78611694744,0.07229916699998284
birb,64,768,2,30918.193123255034,0.07157362499998499
birb,64,768,3,30045.155067109205,0.07088591599995198
birb,64,768,4,30558.58262340833,0.07273270799998954
birb,64,1024,0,29818.230082735492,0.07648429200003193
birb,64,1024,1,30175.26719773027,0.07848716700004843
birb,64,1024,2,30343.905945063278,0.07915320899996914
birb,64,1024,3,30860.769938133726,0.07891975000001139
birb,64,1024,4,30420.849788528027,0.07788745800002062
birb,64,1536,0,29980.12207253356,0.0993727500000432
birb,64,1536,1,28908.849144836167,0.09937062500000593
birb,64,1536,2,29321.036130967135,0.09024483300004249
birb,64,1536,3,29273.35759210007,0.09067937499997925
birb,64,1536,4,28919.121448729882,0.09369099999997843
birb,64,2048,0,28694.111374324428,0.10965270899998814
birb,64,2048,1,28998.50860159631,0.1097233749999873
birb,64,2048,2,28369.71628734237,0.11747958299997663
birb,64,2048,3,28837.285014885343,0.10907404200003157
birb,64,2048,4,28548.59284767739,0.11217633300003627
birb,64,3072,0,28220.32758350507,0.1393532499999992
birb,64,3072,1,28132.288332214222,0.14047141700001475
birb,64,3072,2,28602.485086767876,0.13605866699998614
birb,64,3072,3,28689.708788992903,0.13809445800001185
birb,64,3072,4,27753.247303988424,0.1422680000000014
birb,64,4096,0,27863.08128509146,0.16706270900004938
birb,64,4096,1,27709.086765368425,0.1539573750000045
birb,64,4096,2,27599.766204918174,0.15222229200003312
birb,64,4096,3,27726.85574186012,0.15727808299999424
birb,64,4096,4,27298.6822634876,0.16193416699996988
birb,64,8192,0,27183.650212190707,0.21738287499999842
birb,64,8192,1,27096.15339874195,0.24405191699997886
birb,64,8192,2,27293.75933406533,0.2030736250000018
birb,64,8192,3,26902.874210942315,0.1993889579999859
birb,64,8192,4,26618.056284904633,0.21972562500002368
arhan-sunset,2,64,0,319120.5106406691,0.006175667000036356
arhan-sunset,2,64,1,330022.67097138456,0.006429166999964764
arhan-sunset,2,64,2,315445.5549058847,0.006338875000039934
arhan-sunset,2,64,3,336009.905817209,0.007206666999991285
arhan-sunset,2,64,4,312903.50220075547,0.006155874999990374
arhan-sunset,2,96,0,312569.86369841,0.007316166999999041
arhan-sunset,2,96,1,316623.309225244,0.006304708000016035
arhan-sunset,2,96,2,318292.01315392053,0.006444291999969209
arhan-sunset,2,96,3,318351.3442497222,0.006352334000041537
arhan-sunset,2,96,4,314191.98887892143,0.0068122919999495934
arhan-sunset,2,128,0,314335.21851742384,0.006417207999959373
arhan-sunset,2,128,1,317575.92359232885,0.006466624999973192
arhan-sunset,2,128,2,314380.5271397338,0.0060578750000104264
arhan-sunset,2,128,3,314959.5985085182,0.008465750000027583
arhan-sunset,2,128,4,313170.2127966406,0.006736917000011999
arhan-sunset,2,192,0,314155.04263489513,0.007728749999955653
arhan-sunset,2,192,1,316984.85856157204,0.006951707999974133
arhan-sunset,2,192,2,312686.6841883365,0.006854583000006187
arhan-sunset,2,192,3,313420.5470083914,0.00637483399998473
arhan-sunset,2,192,4,313471.3152689819,0.00755433400001948
arhan-sunset,2,256,0,313121.123371266,0.006537207999997463
arhan-sunset,2,256,1,314397.6404483479,0.006966707999993105
arhan-sunset,2,256,2,312358.1803611057,0.007419999999967786
arhan-sunset,2,256,3,314539.0007701784,0.008827624999980799
arhan-sunset,2,256,4,312339.33539936086,0.007093958999973893
arhan-sunset,2,384,0,313268.85529276734,0.01320170799999687
arhan-sunset,2,384,1,312340.75351694826,0.0115486659999533
arhan-sunset,2,384,2,312388.88839883584,0.015425542000002679
arhan-sunset,2,384,3,310960.12132060016,0.011788625000008324
arhan-sunset,2,384,4,311760.66709711903,0.010367874999985816
arhan-sunset,2,512,0,314660.0163768977,0.011072915999989164
arhan-sunset,2,512,1,311260.6218451349,0.009056165999993482
arhan-sunset,2,512,2,312097.76351501624,0.009845417000008183
arhan-sunset,2,512,3,310618.14804481354,0.009673999999961325
arhan-sunset,2,512,4,311542.1770682589,0.008473583000011331
arhan-sunset,2,768,0,311123.20861419593,0.012341875000004165
arhan-sunset,2,768,1,311094.5179552634,0.01127225000004728
arhan-sunset,2,768,2,312193.0054985625,0.011776041999951303
arhan-sunset,2,768,3,310748.67972114566,0.010839332999978524
arhan-sunset,2,768,4,310980.11470026046,0.011452916999985518
arhan-sunset,2,1024,0,310681.6491339977,0.017118416999949204
arhan-sunset,2,1024,1,310415.0912266982,0.013358750000008968
arhan-sunset,2,1024,2,312724.64169159613,0.014230375000011009
arhan-sunset,2,1024,3,313117.8082509489,0.016314125000008062
arhan-sunset,2,1024,4,310556.41547129577,0.013532415999975456
arhan-sunset,2,1536,0,310467.23705425416,0.020195958999977393
arhan-sunset,2,1536,1,312760.2439152114,0.018112665999979072
arhan-sunset,2,1536,2,310673.310100408,0.02128837499998326
arhan-sunset,2,1536,3,313503.6766583004,0.018924041999980545
arhan-sunset,2,1536,4,310250.184857785,0.0295381250000446
arhan-sunset,2,2048,0,310455.6581028096,0.03666375000000244
arhan-sunset,2,2048,1,312490.9273273839,0.0477587919999678
arhan-sunset,2,2048,2,311116.458164174,0.03441049999997858
arhan-sunset,2,2048,3,310340.6037246646,0.02055879099998492
arhan-sunset,2,2048,4,310318.91924474156,0.020977082999991126
arhan-sunset,2,3072,0,310360.45227350405,0.04630545800000618
arhan-sunset,2,3072,1,312442.68028834905,0.045594957999981034
arhan-sunset,2,3072,2,311010.64403156325,0.060923582999976134
arhan-sunset,2,3072,3,310215.224737395,0.03456491700001152
arhan-sunset,2,3072,4,310562.4750426388,0.03507645899998124
arhan-sunset,2,4096,0,310347.56979688705,0.04157787500002996
arhan-sunset,2,4096,1,312514.52066990547,0.051012249999985215
arhan-sunset,2,4096,2,310661.9987897496,0.03670133299999634
arhan-sunset,2,4096,3,310697.9732623761,0.03366837499999065
arhan-sunset,2,4096,4,310371.42784008576,0.07571195899998884
arhan-sunset,2,8192,0,310221.77397820394,0.051830999999992855
arhan-sunset,2,8192,1,310509.84735079354,0.04739679099998284
arhan-sunset,2,8192,2,310228.85046987515,0.05306712500004096
arhan-sunset,2,8192,3,310259.75859519944,0.06960062499996411
arhan-sunset,2,8192,4,310219.07293376996,0.05811833399997113
arhan-sunset,3,64,0,214096.3451857895,0.006903790999956527
arhan-sunset,3,64,1,209574.40366609045,0.005965166999999383
arhan-sunset,3,64,2,204881.16846077208,0.006427374999987023
arhan-sunset,3,64,3,194880.2287161066,0.00558904199999688
arhan-sunset,3,64,4,202439.04655259947,0.006315000000029158
arhan-sunset,3,96,0,204251.9221918585,0.007279083000014452
arhan-sunset,3,96,1,193953.61946701576,0.006383292000009533
arhan-sunset,3,96,2,196159.42117304244,0.006370916999969722
arhan-sunset,3,96,3,195426.35639731554,0.006271499999968455
arhan-sunset,3,96,4,200815.17946718485,0.005842916000005971
arhan-sunset,3,128,0,200219.91863195048,0.007398832999967908
arhan-sunset,3,128,1,194139.39602919115,0.0060137090000011995
arhan-sunset,3,128,2,193274.16242695358,0.00732645800002274
arhan-sunset,3,128,3,192699.245768852,0.006087791999959791
arhan-sunset,3,128,4,199841.6392373584,0.0077373330000227725
arhan-sunset,3,192,0,196396.86053349086,0.006363499999963551
arhan-sunset,3,192,1,200915.36075392365,0.006837082999993527
arhan-sunset,3,192,2,195528.45974089028,0.005996832999983326
arhan-sunset,3,192,3,193176.74447131238,0.00728470799998604
arhan-sunset,3,192,4,197629.00432952747,0.006014332999995986
arhan-sunset,3,256,0,194645.88770887954,0.007729458000028444
arhan-sunset,3,256,1,197043.9829642446,0.0070242499999721986
arhan-sunset,3,256,2,192328.64696651604,0.006520249999994121
arhan-sunset,3,256,3,193709.55471444243,0.006198582999957125
arhan-sunset,3,256,4,195759.66668417613,0.007521375000010266
arhan-sunset,3,384,0,193720.40904458766,0.009209249999969416
arhan-sunset,3,384,1,194312.7025037945,0.009729999999990468
arhan-sunset,3,384,2,192772.01276908282,0.010073541999986446
arhan-sunset,3,384,3,192255.4213748872,0.008109292000028745
arhan-sunset,3,384,4,194519.80891253485,0.009291749999988497
arhan-sunset,3,512,0,193571.549314909,0.010406708000004983
arhan-sunset,3,512,1,193636.08858706977,0.009834417000035955
arhan-sunset,3,512,2,191628.2345956398,0.009737250000000586
arhan-sunset,3,512,3,192201.27145114663,0.010031041999980062
arhan-sunset,3,512,4,195230.41733076706,0.010715584000024592
arhan-sunset,3,768,0,192532.45946483104,0.01123308299997916
arhan-sunset,3,768,1,192110.492930431,0.014079207999998289
arhan-sunset,3,768,2,192179.0320351326,0.014579792000006364
arhan-sunset,3,768,3,191801.62904529515,0.013763167000035992
arhan-sunset,3,768,4,193804.3781428343,0.012923209000007319
arhan-sunset,3,1024,0,192140.28541947817,0.01978750000000673
arhan-sunset,3,1024,1,191723.23436741903,0.016189417000020967
arhan-sunset,3,1024,2,192036.85822250418,0.015052707999984705
arhan-sunset,3,1024,3,192326.29454265613,0.01738595799997711
arhan-sunset,3,1024,4,192080.30902297376,0.017004374999999072
arhan-sunset,3,1536,0,191687.98809654158,0.027598249999982727
arhan-sunset,3,1536,1,191761.14198067074,0.020633916999997837
arhan-sunset,3,1536,2,191860.2420890886,0.02488254100001086
arhan-sunset,3,1536,3,192135.6884652545,0.02076791599995431
arhan-sunset,3,1536,4,191790.21052055457,0.01968854099999362
arhan-sunset,3,2048,0,191806.52788538678,0.029390958000021783
arhan-sunset,3,2048,1,191635.1312045174,0.03337441599995827
arhan-sunset,3,2048,2,191706.66081515228,0.022893290999945748
arhan-sunset,3,2048,3,191676.53493033434,0.027227291000031073
arhan-sunset,3,2048,4,191819.01483796714,0.02947008299997833
arhan-sunset,3,3072,0,191535.95173410708,0.044250750000003336
arhan-sunset,3,3072,1,191650.42080667074,0.051356040999962715
arhan-sunset,3,3072,2,191541.28165463632,0.032153791999974146
arhan-sunset,3,3072,3,191491.47338656525,0.03730020800003331
arhan-sunset,3,3072,4,191708.26143901213,0.036722415999975055
arhan-sunset,3,4096,0,191678.31167418626,0.04590774999996938
arhan-sunset,3,4096,1,191725.87476434335,0.05630562499999314
arhan-sunset,3,4096,2,191517.37569941417,0.03713454199998978
arhan-sunset,3,4096,3,191528.33919586963,0.039405124999973395
arhan-sunset,3,4096,4,191630.45000659177,0.05123258399999031
arhan-sunset,3,8192,0,191487.38536864295,0.07041316700002653
arhan-sunset,3,8192,1,191556.21708237982,0.06335437499996033
arhan-sunset,3,8192,2,191544.11081493282,0.05547862499997791
arhan-sunset,3,8192,3,191504.30052703677,0.05013629199999059
arhan-sunset,3,8192,4,191531.63368464235,0.07112941700000874
arhan-sunset,4,64,0,141715.48703466702,0.006868624999981421
arhan-sunset,4,64,1,144420.35876035516,0.005969332999995913
arhan-sunset,4,64,2,163111.87098185945,0.006933500000002368
arhan-sunset,4,64,3,143134.14463349862,0.006122416999971847
arhan-sunset,4,64,4,151688.02803034108,0.007100917000002482
arhan-sunset,4,96,0,153322.9965377021,0.006015083999955095
arhan-sunset,4,96,1,144551.88563310492,0.007235958000023857
arhan-sunset,4,96,2,165428.122600335,0.00654345899999953
arhan-sunset,4,96,3,141074.00688959897,0.006589416999986497
arhan-sunset,4,96,4,148044.09057195843,0.006645582999965427
arhan-sunset,4,128,0,143316.28388629662,0.006694166999977824
arhan-sunset,4,128,1,140499.7042898456,0.006596333000004506
arhan-sunset,4,128,2,150474.2757126244,0.006738832999985789
arhan-sunset,4,128,3,138731.11703611756,0.006052832999955626
arhan-sunset,4,128,4,145799.684990008,0.007255916000019624
arhan-sunset,4,192,0,141711.34348936044,0.006259499999998752
arhan-sunset,4,192,1,143197.9379173005,0.00680725000000848
arhan-sunset,4,192,2,144748.53985864422,0.006304874999955246
arhan-sunset,4,192,3,137330.6251688,0.00820099999998547
arhan-sunset,4,192,4,144454.32763653592,0.006135500000027605
arhan-sunset,4,256,0,141126.40349899963,0.007626041999969857
arhan-sunset,4,256,1,142390.98418832844,0.007362375000013799
arhan-sunset,4,256,2,138441.54836675103,0.007428791999984696
arhan-sunset,4,256,3,138545.40813159005,0.007051624999974138
arhan-sunset,4,256,4,143260.32628185712,0.0067524579999940215
arhan-sunset,4,384,0,139940.2551767289,0.010980333000020437
arhan-sunset,4,384,1,139605.42468692013,0.008721750000006523
arhan-sunset,4,384,2,137536.453278505,0.009607874999971955
arhan-sunset,4,384,3,138539.56609692104,0.010362332999989121
arhan-sunset,4,384,4,140892.48780133386,0.009232250000025033
arhan-sunset,4,512,0,140772.2063065901,0.010082291000003352
arhan-sunset,4,512,1,139417.3168217473,0.011902416999987508
arhan-sunset,4,512,2,137366.71658990477,0.012058749999994234
arhan-sunset,4,512,3,138171.15602193645,0.010026000000038948
arhan-sunset,4,512,4,139312.836175299,0.00999866700004759
arhan-sunset,4,768,0,138492.94069461667,0.014668707999987873
arhan-sunset,4,768,1,137656.6237270978,0.014487625000015214
arhan-sunset,4,768,2,137586.53446483627,0.01394500000003518
arhan-sunset,4,768,3,137926.2978810249,0.01226425000004383
arhan-sunset,4,768,4,137797.9074515415,0.012505208999982642
arhan-sunset,4,1024,0,138249.3554263265,0.017732958000010512
arhan-sunset,4,1024,1,136923.13642055177,0.02047612499995921
arhan-sunset,4,1024,2,137433.3656640148,0.018635334000009607
arhan-sunset,4,1024,3,137321.87267081364,0.01733258299998397
arhan-sunset,4,1024,4,137462.29272636495,0.017594416999997975
arhan-sunset,4,1536,0,137850.29337970717,0.022752916999991157
arhan-sunset,4,1536,1,137081.8158411001,0.024113499999998567
arhan-sunset,4,1536,2,137016.6142294522,0.03029612500000667
arhan-sunset,4,1536,3,136997.54871338358,0.02397941700002093
arhan-sunset,4,1536,4,136987.4720449068,0.023142499999948996
arhan-sunset,4,2048,0,137587.7900446024,0.031069666999997025
arhan-sunset,4,2048,1,136845.4541129003,0.032743832999983624
arhan-sunset,4,2048,2,136825.48155187705,0.04543695900002831
arhan-sunset,4,2048,3,136849.1731958242,0.02651512500000308
arhan-sunset,4,2048,4,136999.42138460837,0.0420186670000362
arhan-sunset,4,3072,0,136808.2538734906,0.044480167000017445
arhan-sunset,4,3072,1,136943.20564560205,0.05663029199996572
arhan-sunset,4,3072,2,136708.95089106038,0.045764249999990625
arhan-sunset,4,3072,3,136780.70611669673,0.03318183300001465
arhan-sunset,4,3072,4,136849.458085921,0.04676720899999509
arhan-sunset,4,4096,0,136793.6952813251,0.06839999999999691
arhan-sunset,4,4096,1,137022.16378560697,0.05806687500000862
arhan-sunset,4,4096,2,136750.7222955517,0.04970087500004183
arhan-sunset,4,4096,3,136713.98706342437,0.05186145799996211
arhan-sunset,4,4096,4,136796.47725725925,0.05733566699996118
arhan-sunset,4,8192,0,136705.59006851536,0.06448383299999705
arhan-sunset,4,8192,1,136739.5269010891,0.08110816700002488
arhan-sunset,4,8192,2,136831.04885922215,0.08544304200000852
arhan-sunset,4,8192,3,136733.18263655115,0.057649416999993264
arhan-sunset,4,8192,4,136696.79773387965,0.083206749999988
arhan-sunset,6,64,0,90974.0836591756,0.007640707999996721
arhan-sunset,6,64,1,98589.80068119026,0.0067189170000006015
arhan-sunset,6,64,2,91532.19381928358,0.007594584000003124
arhan-sunset,6,64,3,113723.9962115216,0.0074633750000430155
arhan-sunset,6,64,4,87638.44087907072,0.00730079099997738
arhan-sunset,6,96,0,91479.7394043938,0.008104166999999052
arhan-sunset,6,96,1,93711.23509633771,0.009071541999958299
arhan-sunset,6,96,2,88120.44216438555,0.007479083000021092
arhan-sunset,6,96,3,90546.79568996475,0.008044583000014427
arhan-sunset,6,96,4,108055.87557872415,0.008334832999992159
arhan-sunset,6,128,0,93203.49698719298,0.007005458000037379
arhan-sunset,6,128,1,86552.30962266143,0.008834334000027866
arhan-sunset,6,128,2,84532.7429792149,0.0068673750000129985
arhan-sunset,6,128,3,94420.80436038534,0.0070472920000383965
arhan-sunset,6,128,4,87079.58398062395,0.007860750000020289
arhan-sunset,6,192,0,89212.5775723299,0.00793945899999926
arhan-sunset,6,192,1,87749.66361395328,0.007855000000006385
arhan-sunset,6,192,2,85640.55605065379,0.007413792000022568
arhan-sunset,6,192,3,91722.57462731123,0.008823249999977634
arhan-sunset,6,192,4,85631.2913254154,0.00762479100001201
arhan-sunset,6,256,0,86727.66751482322,0.008988917000010588
arhan-sunset,6,256,1,86767.67395004077,0.008278707999977541
arhan-sunset,6,256,2,85249.7293354659,0.00801308299998027
arhan-sunset,6,256,3,85478.19230425486,0.008318832999975712
arhan-sunset,6,256,4,85462.34090250098,0.00911575000003495
arhan-sunset,6,384,0,85735.5019330816,0.012212374999990061
arhan-sunset,6,384,1,84977.95415170651,0.012071375000004991
arhan-sunset,6,384,2,84924.18525011289,0.011686249999968368
arhan-sunset,6,384,3,86488.1212258907,0.011837249999985033
arhan-sunset,6,384,4,84080.8643185268,0.012675500000000284
arhan-sunset,6,512,0,85326.4968640889,0.012750541000002613
arhan-sunset,6,512,1,83971.5091683649,0.0118659590000334
arhan-sunset,6,512,2,84061.94784359296,0.011432082999988324
arhan-sunset,6,512,3,86229.37559119891,0.011784541999986686
arhan-sunset,6,512,4,83954.43718560819,0.011196457999972154
arhan-sunset,6,768,0,83659.29010078467,0.015884832999972787
arhan-sunset,6,768,1,83072.32353003905,0.016818833000002087
arhan-sunset,6,768,2,83736.79164828814,0.013449082999954953
arhan-sunset,6,768,3,84808.01033201281,0.01358470899998565
arhan-sunset,6,768,4,84022.40201947157,0.013194040999962908
arhan-sunset,6,1024,0,83826.73659352321,0.01671249999998281
arhan-sunset,6,1024,1,82590.17378455678,0.016224499999964337
arhan-sunset,6,1024,2,82602.40637779908,0.01694024999994781
arhan-sunset,6,1024,3,85085.21578387372,0.01901849999995875
arhan-sunset,6,1024,4,83438.06215326057,0.01787199999995437
arhan-sunset,6,1536,0,83014.00974931459,0.028712749999954212
arhan-sunset,6,1536,1,82365.7206726395,0.026932750000014494
arhan-sunset,6,1536,2,82530.69421305408,0.026590957999985676
arhan-sunset,6,1536,3,84717.71997028642,0.02597316700001784
arhan-sunset,6,1536,4,83128.33807883796,0.030321791999995185
arhan-sunset,6,2048,0,82436.73339885805,0.04262012499998491
arhan-sunset,6,2048,1,82344.04662195579,0.03346466599998621
arhan-sunset,6,2048,2,82429.65768332483,0.03160554199996568
arhan-sunset,6,2048,3,83309.47311673194,0.03678804199995511
arhan-sunset,6,2048,4,82615.18067928159,0.028630582999994658
arhan-sunset,6,3072,0,82334.16106244491,0.0522313750000194
arhan-sunset,6,3072,1,82371.86533652763,0.05042662500000006
arhan-sunset,6,3072,2,82272.72994424346,0.04563866700004837
arhan-sunset,6,3072,3,82686.06409790504,0.06013550000000123
arhan-sunset,6,3072,4,82478.39497875256,0.05076524999998355
arhan-sunset,6,4096,0,82311.58298888028,0.0726377500000126
arhan-sunset,6,4096,1,82343.84036938481,0.06748020800000631
arhan-sunset,6,4096,2,82298.90147087231,0.04821154200004685
arhan-sunset,6,4096,3,82597.01019861973,0.052817208000021765
arhan-sunset,6,4096,4,82413.50741443876,0.04545745800004397
arhan-sunset,6,8192,0,82195.61224142743,0.09238270800000237
arhan-sunset,6,8192,1,82258.10028302002,0.06676570799999126
arhan-sunset,6,8192,2,82256.66706219016,0.0774133749999919
arhan-sunset,6,8192,3,82302.81910155056,0.08641404200000125
arhan-sunset,6,8192,4,82275.4979663306,0.06760704100003068
arhan-sunset,8,64,0,73049.86404700736,0.007831624999994347
arhan-sunset,8,64,1,75176.863497707,0.007227584000020215
arhan-sunset,8,64,2,74624.82580482373,0.006740709000041534
arhan-sunset,8,64,3,71673.85257103598,0.007468582999990758
arhan-sunset,8,64,4,73447.33872719064,0.008642791999989186
arhan-sunset,8,96,0,73741.99119378226,0.008938749999970241
arhan-sunset,8,96,1,70695.93327553428,0.007730125000023236
arhan-sunset,8,96,2,66429.36823749737,0.008514833999981875
arhan-sunset,8,96,3,70004.87186230317,0.008564667000030113
arhan-sunset,8,96,4,69663.0831169361,0.007407166999996662
arhan-sunset,8,128,0,66199.8646999952,0.007877540999970734
arhan-sunset,8,128,1,68976.81312661714,0.007038291000014851
arhan-sunset,8,128,2,63491.64669397098,0.00734191699996245
arhan-sunset,8,128,3,69759.93951262475,0.0068630840000309945
arhan-sunset,8,128,4,69098.08958932334,0.007098374999998214
arhan-sunset,8,192,0,62219.59222827787,0.007769999999993615
arhan-sunset,8,192,1,66385.3628613222,0.008778541999959089
arhan-sunset,8,192,2,65558.42870041562,0.00810629200003632
arhan-sunset,8,192,3,68899.50890780688,0.008048166999969908
arhan-sunset,8,192,4,65688.94830543826,0.008022166999978708
arhan-sunset,8,256,0,66571.57023366031,0.008732874999964224
arhan-sunset,8,256,1,63762.569610717284,0.008178459000021121
arhan-sunset,8,256,2,64720.988003775245,0.009217625000019325
arhan-sunset,8,256,3,68412.39346733931,0.007886708999990333
arhan-sunset,8,256,4,65482.9196423971,0.008018082999967646
arhan-sunset,8,384,0,61322.357747635935,0.012225000000000819
arhan-sunset,8,384,1,61813.47526770247,0.011889708000012433
arhan-sunset,8,384,2,64508.40508244223,0.012090917000023182
arhan-sunset,8,384,3,67805.67882332201,0.011173999999982698
arhan-sunset,8,384,4,62432.48846528745,0.013388334000012492
arhan-sunset,8,512,0,61358.32381155096,0.012246833000006063
arhan-sunset,8,512,1,61600.44415505126,0.012666958000011164
arhan-sunset,8,512,2,64573.7721189982,0.011999500000001717
arhan-sunset,8,512,3,65755.81856198967,0.012045250000028318
arhan-sunset,8,512,4,63080.87372856957,0.011496541999974852
arhan-sunset,8,768,0,61643.838074229185,0.016106292000017675
arhan-sunset,8,768,1,61208.745245380094,0.0163370419999751
arhan-sunset,8,768,2,62245.05174303517,0.0147734579999792
arhan-sunset,8,768,3,65336.30534078688,0.01795416700002761
arhan-sunset,8,768,4,63941.831397510614,0.01641437500001075
arhan-sunset,8,1024,0,60801.64656589573,0.020549667000011596
arhan-sunset,8,1024,1,60949.43370477061,0.021435124999982236
arhan-sunset,8,1024,2,63722.37695517795,0.019653209000011884
arhan-sunset,8,1024,3,60695.0647818762,0.019675375000019812
arhan-sunset,8,1024,4,64250.74657072295,0.01947441700002628
arhan-sunset,8,1536,0,60539.46023345201,0.029977583000004415
arhan-sunset,8,1536,1,60746.14614679507,0.026235208000002785
arhan-sunset,8,1536,2,61080.33579197541,0.034209625000016786
arhan-sunset,8,1536,3,61786.75481950334,0.03278616699998338
arhan-sunset,8,1536,4,61003.31104824682,0.025950457999954324
arhan-sunset,8,2048,0,60282.36507368117,0.041159875000005286
arhan-sunset,8,2048,1,60736.87442055925,0.03325324999997292
arhan-sunset,8,2048,2,60350.10385385295,0.036481041000001824
arhan-sunset,8,2048,3,62722.22261547516,0.037181458000020484
arhan-sunset,8,2048,4,60714.80306522758,0.039233000000024276
arhan-sunset,8,3072,0,60217.95959018877,0.048096333999978924
arhan-sunset,8,3072,1,60236.77869481433,0.0531181659999902
arhan-sunset,8,3072,2,60266.05917207808,0.057406124999999975
arhan-sunset,8,3072,3,60141.45216239638,0.050125667000031626
arhan-sunset,8,3072,4,62441.68516221975,0.062066167000011774
arhan-sunset,8,4096,0,60190.45324607637,0.06630462500004342
arhan-sunset,8,4096,1,60232.12489698749,0.07246404100004611
arhan-sunset,8,4096,2,60218.8026384236,0.07085458300002756
arhan-sunset,8,4096,3,60414.08129557804,0.060969583000030525
arhan-sunset,8,4096,4,60320.86263289702,0.05936316700001498
arhan-sunset,8,8192,0,60064.542399628495,0.08024633299999095
arhan-sunset,8,8192,1,60121.79473439968,0.088606666999965
arhan-sunset,8,8192,2,60226.992266807734,0.07622358300000087
arhan-sunset,8,8192,3,60214.57262686434,0.07844770799999878
arhan-sunset,8,8192,4,60205.20889298708,0.08557420900001489
arhan-sunset,12,64,0,50543.33572163227,0.009737874999984797
arhan-sunset,12,64,1,50312.223132230756,0.008352333000004819
arhan-sunset,12,64,2,44185.766606077246,0.008207375000040429
arhan-sunset,12,64,3,49411.35268147134,0.009129665999978442
arhan-sunset,12,64,4,40929.50936927321,0.008614249999993717
arhan-sunset,12,96,0,49247.2862528052,0.008050208000042858
arhan-sunset,12,96,1,46917.63837105842,0.00978316700002324
arhan-sunset,12,96,2,42005.3766019363,0.009183749999976953
arhan-sunset,12,96,3,39497.96941392189,0.008292874999995092
arhan-sunset,12,96,4,42508.48236092325,0.009183082999982162
arhan-sunset,12,128,0,45233.78220175171,0.008285417000024609
arhan-sunset,12,128,1,48399.54635674666,0.009153790999960165
arhan-sunset,12,128,2,38197.152729464644,0.008967708999989554
arhan-sunset,12,128,3,38860.26034361692,0.009370666999984678
arhan-sunset,12,128,4,41995.83353185417,0.009577834000026542
arhan-sunset,12,192,0,42130.919231763146,0.010229624999965381
arhan-sunset,12,192,1,44322.857994206606,0.009919458999945618
arhan-sunset,12,192,2,38095.10375532814,0.010042250000026343
arhan-sunset,12,192,3,43031.707644577866,0.010319749999951
arhan-sunset,12,192,4,40032.3956959264,0.00922237499997891
arhan-sunset,12,256,0,35865.173731882096,0.010932750000051783
arhan-sunset,12,256,1,42730.36285947999,0.010685459000001174
arhan-sunset,12,256,2,38734.7196178449,0.010639666999963993
arhan-sunset,12,256,3,38948.1789394609,0.009881124999992608
arhan-sunset,12,256,4,38653.60176404119,0.009451707999971859
arhan-sunset,12,384,0,35817.83736573093,0.013600334000045677
arhan-sunset,12,384,1,40496.9565491187,0.015177958000037961
arhan-sunset,12,384,2,37759.008548849284,0.013466750000020511
arhan-sunset,12,384,3,36292.102298266094,0.013538999999980206
arhan-sunset,12,384,4,37033.8203778499,0.014091416999974626
arhan-sunset,12,512,0,35862.68174120845,0.014139958999976443
arhan-sunset,12,512,1,40813.66181200738,0.012669333000019378
arhan-sunset,12,512,2,35429.55277808044,0.014422209000031216
arhan-sunset,12,512,3,36071.81540288351,0.015975624999953197
arhan-sunset,12,512,4,36573.70121720052,0.014323958000034054
arhan-sunset,12,768,0,36041.625983387254,0.016491667000025245
arhan-sunset,12,768,1,34968.46052651423,0.01693416700004491
arhan-sunset,12,768,2,35365.93551786392,0.019518124999990505
arhan-sunset,12,768,3,35475.852240844666,0.019606916999975965
arhan-sunset,12,768,4,35508.58968327976,0.01776129199998877
arhan-sunset,12,1024,0,36010.36382074518,0.02302700000001323
arhan-sunset,12,1024,1,34548.40457289691,0.02179466699999466
arhan-sunset,12,1024,2,34826.896031753146,0.022096750000002885
arhan-sunset,12,1024,3,35049.43948633776,0.02129354100003411
arhan-sunset,12,1024,4,34752.335141724885,0.026110583999980008
arhan-sunset,12,1536,0,35175.25153835219,0.033024707999970815
arhan-sunset,12,1536,1,34741.12992168845,0.03217712500003245
arhan-sunset,12,1536,2,34777.08273356901,0.03419108299999607
arhan-sunset,12,1536,3,34848.21797915971,0.03170529099998021
arhan-sunset,12,1536,4,34629.46584725236,0.030195375000005242
arhan-sunset,12,2048,0,35072.77488585783,0.041331667000008565
arhan-sunset,12,2048,1,34447.83596979132,0.04514841700000716
arhan-sunset,12,2048,2,34586.24132338362,0.05092937500000971
arhan-sunset,12,2048,3,34686.35829893811,0.04584195899997212
arhan-sunset,12,2048,4,34655.81577126776,0.05449712499995485
arhan-sunset,12,3072,0,34736.90785984295,0.07413879199998519
arhan-sunset,12,3072,1,34372.50560172558,0.0690296250000415
arhan-sunset,12,3072,2,34517.77413944215,0.05799266600001829
arhan-sunset,12,3072,3,34579.79876216995,0.06110729199997422
arhan-sunset,12,3072,4,34543.544908126,0.0806424579999998
arhan-sunset,12,4096,0,34523.11337886918,0.06902550000000929
arhan-sunset,12,4096,1,34689.15606958365,0.08467141699998137
arhan-sunset,12,4096,2,34441.79392621874,0.07993087500000229
arhan-sunset,12,4096,3,34473.163644106564,0.07908087499998828
arhan-sunset,12,4096,4,34426.61074231814,0.07234729200001766
arhan-sunset,12,8192,0,34542.19336261612,0.09845879099998456
arhan-sunset,12,8192,1,34370.42565103448,0.09108025000000453
arhan-sunset,12,8192,2,34334.46900516221,0.10889775000003965
arhan-sunset,12,8192,3,34366.9754332349,0.10164750000001277
arhan-sunset,12,8192,4,34375.813942209155,0.12829224999995859
arhan-sunset,16,64,0,44129.814444892065,0.009117707999962477
arhan-sunset,16,64,1,40201.99250566734,0.008943375000001197
arhan-sunset,16,64,2,34316.561869434205,0.008927542000037647
arhan-sunset,16,64,3,39362.01518256518,0.009768707999967319
arhan-sunset,16,64,4,33159.28716103232,0.009339875000023312
arhan-sunset,16,96,0,38970.81319515173,0.009009041000012985
arhan-sunset,16,96,1,38605.53411692055,0.00881041700000651
arhan-sunset,16,96,2,29430.785053120573,0.009059124999964752
arhan-sunset,16,96,3,31199.211961107176,0.00875995899997406
arhan-sunset,16,96,4,31884.432711688674,0.00889241699997001
arhan-sunset,16,128,0,37234.98563282237,0.0089625410000167
arhan-sunset,16,128,1,36338.330571735634,0.009238416000016514
arhan-sunset,16,128,2,29093.28969958207,0.009808250000048702
arhan-sunset,16,128,3,28417.73565898562,0.009282125000027008
arhan-sunset,16,128,4,30101.77582835363,0.011226375000035205
arhan-sunset,16,192,0,33311.50055377529,0.009629916999983834
arhan-sunset,16,192,1,29353.491777595573,0.010041750000027605
arhan-sunset,16,192,2,30054.47163499855,0.010290875000009692
arhan-sunset,16,192,3,27628.838586578713,0.009992667000005895
arhan-sunset,16,192,4,29577.051560861586,0.010802875000024414
arhan-sunset,16,256,0,27928.60630465955,0.010838374999991629
arhan-sunset,16,256,1,28565.50231572039,0.01147779199999377
arhan-sunset,16,256,2,28301.576953300955,0.011235582999972848
arhan-sunset,16,256,3,27113.333234603648,0.01269958300002827
arhan-sunset,16,256,4,28427.91794016702,0.011646124999970198
arhan-sunset,16,384,0,25232.318806667154,0.015656125000020893
arhan-sunset,16,384,1,27064.203087970367,0.014943083000048318
arhan-sunset,16,384,2,27100.37501252769,0.0154349590000038
arhan-sunset,16,384,3,26580.50958551198,0.016187999999999647
arhan-sunset,16,384,4,28018.1930946024,0.01450983299997688
arhan-sunset,16,512,0,27349.516374787032,0.015206083000009585
arhan-sunset,16,512,1,25721.11157143872,0.013855334000027142
arhan-sunset,16,512,2,26549.731652025992,0.013922708999984934
arhan-sunset,16,512,3,26243.224598765915,0.013712749999967855
arhan-sunset,16,512,4,26825.1025791588,0.014708832999986043
arhan-sunset,16,768,0,26200.505927191967,0.017578249999985474
arhan-sunset,16,768,1,25783.169511983942,0.021285708999982944
arhan-sunset,16,768,2,26895.63789569943,0.01982520899997553
arhan-sunset,16,768,3,25259.24913724988,0.01846387500000901
arhan-sunset,16,768,4,26254.068229254954,0.020216790999995737
arhan-sunset,16,1024,0,26735.692368868407,0.025486042000011366
arhan-sunset,16,1024,1,25059.455457431988,0.027897999999993317
arhan-sunset,16,1024,2,26272.748779616206,0.022690208000028633
arhan-sunset,16,1024,3,25333.808101768023,0.02437879100000373
arhan-sunset,16,1024,4,25654.59418163786,0.023635957999999846
arhan-sunset,16,1536,0,24926.5113338046,0.03707687499996837
arhan-sunset,16,1536,1,24720.652607951084,0.03970075000000861
arhan-sunset,16,1536,2,25389.91654101948,0.03266154099998175
arhan-sunset,16,1536,3,25326.83642811941,0.034031374999983655
arhan-sunset,16,1536,4,25644.43854840108,0.033823125000026266
arhan-sunset,16,2048,0,25592.763243122976,0.050227917000029265
arhan-sunset,16,2048,1,25027.45519594761,0.04844050000002653
arhan-sunset,16,2048,2,25405.803200313985,0.043239041999981964
arhan-sunset,16,2048,3,25168.295299266894,0.03965133299999479
arhan-sunset,16,2048,4,24774.64270282816,0.04747337499998139
arhan-sunset,16,3072,0,24569.745004238863,0.07400166700000455
arhan-sunset,16,3072,1,24728.623073276147,0.08250049999998055
arhan-sunset,16,3072,2,25356.855548866606,0.07905091699996092
arhan-sunset,16,3072,3,24660.134828842372,0.06842920799999774
arhan-sunset,16,3072,4,24756.994438208414,0.07610258399995473
arhan-sunset,16,4096,0,24475.268260168825,0.0908566250000149
arhan-sunset,16,4096,1,25031.100171136164,0.10039399999999432
arhan-sunset,16,4096,2,24595.459741371702,0.0858294589999673
arhan-sunset,16,4096,3,24640.98666548549,0.0882605830000216
arhan-sunset,16,4096,4,24556.57752113821,0.10517629100002068
arhan-sunset,16,8192,0,24459.22659468385,0.1139631660000191
arhan-sunset,16,8192,1,24639.555047620965,0.11277970800000503
arhan-sunset,16,8192,2,24508.50309896979,0.11344312500000342
arhan-sunset,16,8192,3,24842.697198322123,0.14929704100001118
arhan-sunset,16,8192,4,24543.37684905243,0.11135245899998836
arhan-sunset,24,64,0,33395.783187897774,0.011685166999996
arhan-sunset,24,64,1,31651.38472306076,0.01310204200001408
arhan-sunset,24,64,2,24138.87878131394,0.01162466700003506
arhan-sunset,24,64,3,30549.421771382207,0.012158166000006077
arhan-sunset,24,64,4,23921.59114055182,0.012408415999971112
arhan-sunset,24,96,0,30907.371710566767,0.012323416000015186
arhan-sunset,24,96,1,28897.797890722435,0.014046624999991764
arhan-sunset,24,96,2,22346.39316822444,0.012595625000017208
arhan-sunset,24,96,3,21731.06165255963,0.012612042000000656
arhan-sunset,24,96,4,23729.023609202555,0.012135333000003357
arhan-sunset,24,128,0,29786.870974558966,0.013323375000027227
arhan-sunset,24,128,1,29411.564668879313,0.012984625000001415
arhan-sunset,24,128,2,20045.955898844782,0.012649000000010346
arhan-sunset,24,128,3,20929.483107439857,0.012247208000019327
arhan-sunset,24,128,4,22911.77287839071,0.012284874999977546
arhan-sunset,24,192,0,26092.869114857167,0.012907165999990866
arhan-sunset,24,192,1,21294.565364308706,0.01310495899997477
arhan-sunset,24,192,2,19839.346555228603,0.013379166999982317
arhan-sunset,24,192,3,19583.512577022106,0.013380915999960052
arhan-sunset,24,192,4,21163.846023893213,0.01552562499995247
arhan-sunset,24,256,0,18742.44851065017,0.01463191700003108
arhan-sunset,24,256,1,19343.087890847808,0.01526287499996215
arhan-sunset,24,256,2,19822.55866357189,0.015257875000031618
arhan-sunset,24,256,3,19234.599214364214,0.014897708000034982
arhan-sunset,24,256,4,19860.703636764214,0.015663374999974167
arhan-sunset,24,384,0,18141.22424849719,0.018818457999998373
arhan-sunset,24,384,1,18814.39257335319,0.017734707999977672
arhan-sunset,24,384,2,19299.949587097868,0.018450291999954516
arhan-sunset,24,384,3,18412.570686689764,0.018485166999994362
arhan-sunset,24,384,4,18582.17110611296,0.019477249999965807
arhan-sunset,24,512,0,17957.513132410513,0.02071112499999117
arhan-sunset,24,512,1,18241.171005490563,0.019588584000018727
arhan-sunset,24,512,2,18412.923702406977,0.02017220800001951
arhan-sunset,24,512,3,18310.938879553953,0.019389042000000245
arhan-sunset,24,512,4,17711.982605521483,0.02292666700003565
arhan-sunset,24,768,0,18337.084002082483,0.023873584000000392
arhan-sunset,24,768,1,18316.12030388453,0.023198875000048247
arhan-sunset,24,768,2,18065.58259144986,0.02455441699999028
arhan-sunset,24,768,3,17780.0857494034,0.02719941700001982
arhan-sunset,24,768,4,17811.429979165234,0.026616417000013826
arhan-sunset,24,1024,0,18148.376486375437,0.030459916999973302
arhan-sunset,24,1024,1,17444.230716714173,0.02987583399999494
arhan-sunset,24,1024,2,17074.608515879154,0.028537959000004776
arhan-sunset,24,1024,3,17173.03740892786,0.029470750000029966
arhan-sunset,24,1024,4,17214.661218048608,0.029358709000007366
arhan-sunset,24,1536,0,17703.630512926462,0.04474537499999087
arhan-sunset,24,1536,1,17034.24571354675,0.04248895799997854
arhan-sunset,24,1536,2,16948.42808709297,0.048399625000001834
arhan-sunset,24,1536,3,17125.7675803533,0.0409205830000019
arhan-sunset,24,1536,4,17032.41139912306,0.04203824999996186
arhan-sunset,24,2048,0,16734.326807014386,0.0597509159999845
arhan-sunset,24,2048,1,16964.69463487938,0.05151412499998287
arhan-sunset,24,2048,2,16808.686389883806,0.05686466700001347
arhan-sunset,24,2048,3,16801.687176067313,0.05300612500002444
arhan-sunset,24,2048,4,16921.59247666593,0.05716720800000985
arhan-sunset,24,3072,0,16669.36164763977,0.07419600000002902
arhan-sunset,24,3072,1,16712.820468053134,0.08017129199998863
arhan-sunset,24,3072,2,16851.52018680194,0.07771133299996791
arhan-sunset,24,3072,3,16767.091238203077,0.08410800000001473
arhan-sunset,24,3072,4,16710.21827806268,0.08732091699999955
arhan-sunset,24,4096,0,16585.829754509425,0.09527954199995747
arhan-sunset,24,4096,1,16918.02905058278,0.09632854199998064
arhan-sunset,24,4096,2,16941.118426427736,0.11010433399997055
arhan-sunset,24,4096,3,16736.669586175864,0.10153245899999774
arhan-sunset,24,4096,4,16584.28101263155,0.0998635000000263
arhan-sunset,24,8192,0,16444.06034095227,0.1501273339999898
arhan-sunset,24,8192,1,16753.27147050583,0.12581141699996579
arhan-sunset,24,8192,2,16929.133155541473,0.12213824999997769
arhan-sunset,24,8192,3,16519.841795625238,0.13507387499998913
arhan-sunset,24,8192,4,16545.765010274594,0.15815370799998618
arhan-sunset,32,64,0,28572.81642501411,0.015434458000015638
arhan-sunset,32,64,1,28440.939338798875,0.013662208000027931
arhan-sunset,32,64,2,20985.154012337945,0.01435616700001674
arhan-sunset,32,64,3,26748.66652981927,0.012983791999999994
arhan-sunset,32,64,4,19882.01165986129,0.013371500000005199
arhan-sunset,32,96,0,24863.864511397438,0.013320375000034801
arhan-sunset,32,96,1,24771.739407411376,0.014020707999975457
arhan-sunset,32,96,2,18839.957348360495,0.01615641700004744
arhan-sunset,32,96,3,17897.638994325436,0.014148583000007875
arhan-sunset,32,96,4,18763.2434268742,0.015296666999972786
arhan-sunset,32,128,0,24680.410662633418,0.015791540999998688
arhan-sunset,32,128,1,24704.42661629434,0.01589508299997533
arhan-sunset,32,128,2,16759.509463814524,0.01509154200005014
arhan-sunset,32,128,3,17254.98102866252,0.015271166999980323
arhan-sunset,32,128,4,17880.315198219134,0.01645258400003513
arhan-sunset,32,192,0,22691.43546829915,0.01709095800003979
arhan-sunset,32,192,1,17096.72896877252,0.01694754200002535
arhan-sunset,32,192,2,16524.065335699615,0.016941625000015392
arhan-sunset,32,192,3,15798.139957653799,0.017453708000005008
arhan-sunset,32,192,4,15974.21792646839,0.016528666999988673
arhan-sunset,32,256,0,15155.475482020422,0.018104375000007167
arhan-sunset,32,256,1,15771.950953474803,0.01945412499998156
arhan-sunset,32,256,2,15719.753220033643,0.018522082999993472
arhan-sunset,32,256,3,15166.537267950782,0.017973792000020694
arhan-sunset,32,256,4,16337.503928387083,0.018089416999998775
arhan-sunset,32,384,0,13993.550804950233,0.023062707999997656
arhan-sunset,32,384,1,14517.214236661019,0.023023041999977067
arhan-sunset,32,384,2,15287.100721472183,0.023549916999968445
arhan-sunset,32,384,3,14601.497521697678,0.02433849999999893
arhan-sunset,32,384,4,14670.394696315825,0.024857624999981454
arhan-sunset,32,512,0,14303.099718769092,0.02535991700000295
arhan-sunset,32,512,1,14511.951529151864,0.02382145799998625
arhan-sunset,32,512,2,14470.894024424586,0.025087625000026037
arhan-sunset,32,512,3,13730.024909257667,0.027242124999986572
arhan-sunset,32,512,4,14257.702614187783,0.025950915999999324
arhan-sunset,32,768,0,14257.202026918636,0.03110983300001635
arhan-sunset,32,768,1,14008.587749693064,0.030790458000012677
arhan-sunset,32,768,2,13996.37453120487,0.030476750000048014
arhan-sunset,32,768,3,13592.090987908328,0.03074062499996444
arhan-sunset,32,768,4,13867.20524563813,0.02915699999999788
arhan-sunset,32,1024,0,13772.609222912344,0.03540879100000893
arhan-sunset,32,1024,1,13750.68269762879,0.03614908299999797
arhan-sunset,32,1024,2,14059.279435066464,0.03665929200002438
arhan-sunset,32,1024,3,13609.086106578774,0.03603341600000931
arhan-sunset,32,1024,4,13531.707200433966,0.035469709000039984
arhan-sunset,32,1536,0,13549.241297008453,0.05005625000001146
arhan-sunset,32,1536,1,13394.197174593995,0.04838254100002359
arhan-sunset,32,1536,2,13184.497082042235,0.04605175000000372
arhan-sunset,32,1536,3,13252.579393893735,0.04833600000000615
arhan-sunset,32,1536,4,13398.775563707539,0.04440304100000958
arhan-sunset,32,2048,0,13541.448538651744,0.06157445899998493
arhan-sunset,32,2048,1,13142.059973147974,0.06797345800003995
arhan-sunset,32,2048,2,13268.90219646532,0.06415924999998879
arhan-sunset,32,2048,3,13610.223904130626,0.06173104200001944
arhan-sunset,32,2048,4,13288.544919628184,0.061884083000052215
arhan-sunset,32,3072,0,13213.230094895964,0.0909513330000209
arhan-sunset,32,3072,1,12941.829240216022,0.0740229589999899
arhan-sunset,32,3072,2,13101.350857016932,0.0874849169999834
arhan-sunset,32,3072,3,13446.56885236383,0.08393145900004129
arhan-sunset,32,3072,4,13142.622622731842,0.09750329199999896
arhan-sunset,32,4096,0,13091.568714638026,0.10863841599996249
arhan-sunset,32,4096,1,13072.61842963599,0.10500045899999577
arhan-sunset,32,4096,2,12992.962796949085,0.1018874159999541
arhan-sunset,32,4096,3,13183.791045885027,0.10876429099999996
arhan-sunset,32,4096,4,12931.944148601406,0.10136308299996699
arhan-sunset,32,8192,0,12888.05758652269,0.15981049999999186
arhan-sunset,32,8192,1,12833.764783458548,0.13717574999998305
arhan-sunset,32,8192,2,12944.21277152929,0.13963816599999745
arhan-sunset,32,8192,3,13027.159758707137,0.15586245800000142
arhan-sunset,32,8192,4,12891.230795432839,0.13865425000000187
arhan-sunset,48,64,0,24887.945545222246,0.017476208000005045
arhan-sunset,48,64,1,26137.638350522808,0.01823729200003754
arhan-sunset,48,64,2,18701.040417960852,0.017891625000004296
arhan-sunset,48,64,3,24205.39813947801,0.0186578750000308
arhan-sunset,48,64,4,16582.010463002403,0.018198915999960263
arhan-sunset,48,96,0,21288.444237571948,0.018477249999989453
arhan-sunset,48,96,1,21143.111674810203,0.02086737499996616
arhan-sunset,48,96,2,14149.186881494563,0.020542542000043795
arhan-sunset,48,96,3,13382.75590409606,0.020018333999985316
arhan-sunset,48,96,4,15024.911836234685,0.021063542000035795
arhan-sunset,48,128,0,20026.254828704266,0.020111208999992414
arhan-sunset,48,128,1,20883.844983812283,0.021235166999986177
arhan-sunset,48,128,2,13361.36372653189,0.021023999999954412
arhan-sunset,48,128,3,12375.234078541007,0.021844999999984793
arhan-sunset,48,128,4,13470.405648421625,0.02128104199999825
arhan-sunset,48,192,0,18678.485821931077,0.023205541000038465
arhan-sunset,48,192,1,12812.419414941529,0.022919249999972635
arhan-sunset,48,192,2,12316.919708296648,0.02275983399999859
arhan-sunset,48,192,3,10962.111102378292,0.023441749999960848
arhan-sunset,48,192,4,11496.525298655648,0.02469141699998545
arhan-sunset,48,256,0,10856.886759323595,0.026935625000021446
arhan-sunset,48,256,1,11440.904311583914,0.025680915999998888
arhan-sunset,48,256,2,11936.533568366716,0.025365208000039274
arhan-sunset,48,256,3,11600.269469111676,0.02548304200001894
arhan-sunset,48,256,4,11150.537906815844,0.027942333999988023
arhan-sunset,48,384,0,10096.1632822593,0.03339266599999746
arhan-sunset,48,384,1,10438.520808974863,0.03195650000003525
arhan-sunset,48,384,2,11189.404892784218,0.03236641600000212
arhan-sunset,48,384,3,10495.871656168702,0.0331511250000176
arhan-sunset,48,384,4,11040.806057252274,0.03144870899996022
arhan-sunset,48,512,0,10032.114290190677,0.03384750000003578
arhan-sunset,48,512,1,9921.706422490844,0.03408195800000158
arhan-sunset,48,512,2,10806.974740945667,0.03424762500003453
arhan-sunset,48,512,3,10108.022142000833,0.03295741699997734
arhan-sunset,48,512,4,10152.040162264944,0.03280816700004152
arhan-sunset,48,768,0,9743.7741820554,0.038445000000024265
arhan-sunset,48,768,1,10087.534026012494,0.03852016700000149
arhan-sunset,48,768,2,10301.095391893828,0.039232749999996486
arhan-sunset,48,768,3,9775.773698615585,0.03890208399997164
arhan-sunset,48,768,4,9956.39628131509,0.037459000000012566
arhan-sunset,48,1024,0,9626.126204753007,0.04502329199999622
arhan-sunset,48,1024,1,9603.665992822533,0.04309699999998884
arhan-sunset,48,1024,2,9567.844417323997,0.04547204200002852
arhan-sunset,48,1024,3,9473.201248736066,0.04408170799996469
arhan-sunset,48,1024,4,9732.411415558012,0.04471962499997062
arhan-sunset,48,1536,0,9431.938871698729,0.05730591700000787
arhan-sunset,48,1536,1,9426.686093894376,0.055437750000010055
arhan-sunset,48,1536,2,9426.187238573073,0.05580662500000244
arhan-sunset,48,1536,3,9400.54996786561,0.05691604200001166
arhan-sunset,48,1536,4,9274.765442156999,0.057078791999970235
arhan-sunset,48,2048,0,9175.272697148475,0.07321954100001449
arhan-sunset,48,2048,1,9210.49472815177,0.06880504200000814
arhan-sunset,48,2048,2,9195.901158411385,0.07120374999999513
arhan-sunset,48,2048,3,9215.39899201834,0.06687062499997865
arhan-sunset,48,2048,4,9110.881742792135,0.06945837500001062
arhan-sunset,48,3072,0,9112.37864208417,0.10015266699997483
arhan-sunset,48,3072,1,9087.831477024698,0.09526441700000987
arhan-sunset,48,3072,2,8993.066642587784,0.09735529200003157
arhan-sunset,48,3072,3,9037.79733757602,0.08746604100002742
arhan-sunset,48,3072,4,9168.073262491698,0.09173554100004822
arhan-sunset,48,4096,0,9029.771873600259,0.11750679199997194
arhan-sunset,48,4096,1,8865.677885509955,0.11459087500003307
arhan-sunset,48,4096,2,8801.066495102486,0.12048316699997486
arhan-sunset,48,4096,3,8970.41838238686,0.1267224590000069
arhan-sunset,48,4096,4,8900.238688161333,0.12302383399998007
arhan-sunset,48,8192,0,8865.38240474092,0.1477659579999795
arhan-sunset,48,8192,1,8737.43459346502,0.14897716600000876
arhan-sunset,48,8192,2,8951.905550352065,0.15113683300000957
arhan-sunset,48,8192,3,9021.339048117085,0.154323125000019
arhan-sunset,48,8192,4,8828.236563596225,0.15135733299996446
arhan-sunset,64,96,0,19926.65364700753,0.0242804580000211
arhan-sunset,64,96,1,19686.54911782469,0.025838458000009723
arhan-sunset,64,96,2,12506.048287850002,0.02626354099999162
arhan-sunset,64,96,3,12194.733740545678,0.026476666999997178
arhan-sunset,64,96,4,13682.470271657052,0.0250072079999768
arhan-sunset,64,128,0,18149.156188592755,0.02610483299997668
arhan-sunset,64,128,1,19203.22899694607,0.026727459000028375
arhan-sunset,64,128,2,11235.193496488633,0.028485041999999794
arhan-sunset,64,128,3,10553.997196939123,0.027046000000041204
arhan-sunset,64,128,4,11803.306458595534,0.027501834000020153
arhan-sunset,64,192,0,16780.310366660156,0.02899995799998578
arhan-sunset,64,192,1,10579.854129916697,0.02936666700003343
arhan-sunset,64,192,2,10086.36715977613,0.029801708999968923
arhan-sunset,64,192,3,9552.262880898677,0.030828917000008005
arhan-sunset,64,192,4,9397.976178495732,0.03110870799997656
arhan-sunset,64,256,0,8921.914871135607,0.03181750000004513
arhan-sunset,64,256,1,9593.958953922436,0.03263924999998835
arhan-sunset,64,256,2,9776.392164228868,0.03516466600001422
arhan-sunset,64,256,3,9103.277514736357,0.03402587499999754
arhan-sunset,64,256,4,9164.955925270599,0.035302666000006866
arhan-sunset,64,384,0,8234.064839852135,0.03949241600003006
arhan-sunset,64,384,1,8331.589787056539,0.040519374999973934
arhan-sunset,64,384,2,9340.667657828402,0.04014912499997081
arhan-sunset,64,384,3,8332.830919817441,0.03917699999999513
arhan-sunset,64,384,4,8816.210936787667,0.04064299999998866
arhan-sunset,64,512,0,7860.662928139665,0.04262370800000781
arhan-sunset,64,512,1,8205.336421785134,0.040519582999991144
arhan-sunset,64,512,2,8358.45890749768,0.0423979999999915
arhan-sunset,64,512,3,7732.046513939496,0.04213766699996313
arhan-sunset,64,512,4,8349.786616452137,0.04228725000001532
arhan-sunset,64,768,0,7680.899811403313,0.046396334000007755
arhan-sunset,64,768,1,8073.93093860777,0.04726466600004642
arhan-sunset,64,768,2,8001.640365142334,0.045941999999968175
arhan-sunset,64,768,3,7778.191750889527,0.04721608400001287
arhan-sunset,64,768,4,7688.641443118552,0.04906037499995364
arhan-sunset,64,1024,0,7511.337255469629,0.052867832999993425
arhan-sunset,64,1024,1,7686.532512529865,0.05371212500000411
arhan-sunset,64,1024,2,7664.356425759572,0.05347854199999347
arhan-sunset,64,1024,3,7418.569758936518,0.05412166700000398
arhan-sunset,64,1024,4,7569.926078043849,0.054480208000029506
arhan-sunset,64,1536,0,7165.170042402993,0.06833670800000391
arhan-sunset,64,1536,1,7288.587227052709,0.06623445799999672
arhan-sunset,64,1536,2,7292.284512879388,0.06673770900005138
arhan-sunset,64,1536,3,7133.742823645956,0.06970654100001639
arhan-sunset,64,1536,4,7279.789383459016,0.06850887500002045
arhan-sunset,64,2048,0,7158.60927216855,0.08858445800001391
arhan-sunset,64,2048,1,7219.483374327607,0.0903139160000137
arhan-sunset,64,2048,2,7155.59245168308,0.08539354099997354
arhan-sunset,64,2048,3,6925.260417384683,0.08670487500000945
arhan-sunset,64,2048,4,7014.564478115391,0.08762133300001551
arhan-sunset,64,3072,0,6904.52762699134,0.11632825000003777
arhan-sunset,64,3072,1,6823.247413040827,0.11913558399999147
arhan-sunset,64,3072,2,6893.0751109180865,0.10393287499999815
arhan-sunset,64,3072,3,6894.28621092063,0.10821845799995344
arhan-sunset,64,3072,4,6957.3065469056,0.10483770799999093
arhan-sunset,64,4096,0,6800.024977083063,0.14090916699996114
arhan-sunset,64,4096,1,6753.40705246973,0.12645316599997614
arhan-sunset,64,4096,2,6858.643586042867,0.13810558299996956
arhan-sunset,64,4096,3,6819.085629518175,0.13228300000002946
arhan-sunset,64,4096,4,6786.677112287012,0.1287707910000222
arhan-sunset,64,8192,0,6658.858604823647,0.18544708299998547
arhan-sunset,64,8192,1,6667.1119433243675,0.1830837919999908
arhan-sunset,64,8192,2,6718.5329378300385,0.1797029590000534
arhan-sunset,64,8192,3,6733.632267637851,0.1886290829999666
arhan-sunset,64,8192,4,6787.253258777601,0.18088454200000115
image,2,64,0,896996.758812096,0.013903749999997217
image,2,64,1,897287.2684704023,0.014582042000029105
image,2,64,2,903819.5524019017,0.015086667000048237
image,2,64,3,898994.5977378221,0.014388833999987583
image,2,64,4,902143.6633004445,0.015214416999981495
image,2,96,0,895696.1411168989,0.015327707999972517
image,2,96,1,888288.1274972934,0.014860666999993555
image,2,96,2,897082.8584820591,0.014868334000027517
image,2,96,3,889239.4252294913,0.014654124999992746
image,2,96,4,918730.4086783567,0.016556875000048876
image,2,128,0,886896.1150284082,0.015664375000028485
image,2,128,1,890964.418539129,0.021933125000032305
image,2,128,2,894295.5987356368,0.01817429200002607
image,2,128,3,887085.7317395502,0.017984458999990238
image,2,128,4,910874.3065836746,0.01956758300002548
image,2,192,0,888435.2516631233,0.017708041000048524
image,2,192,1,890881.4406946705,0.015612750000002507
image,2,192,2,891316.316741112,0.017172625000000608
image,2,192,3,886202.1930511426,0.01636825000002773
image,2,192,4,891550.5694336316,0.015882499999975153
image,2,256,0,885494.3157403917,0.016851999999971667
image,2,256,1,890476.2299343243,0.018378541000004134
image,2,256,2,887826.5854608184,0.017025917000012214
image,2,256,3,889085.7573464857,0.01713933299998871
image,2,256,4,887473.5377473502,0.015747916000009354
image,2,384,0,889294.2342963226,0.019645874999980606
image,2,384,1,885625.6326878059,0.017844375000038326
image,2,384,2,885411.3830094328,0.019601207999983217
image,2,384,3,885826.8728510807,0.019574458000022332
image,2,384,4,884898.188003263,0.018732041000021127
image,2,512,0,885363.2357915665,0.020364583999992192
image,2,512,1,884103.3182005135,0.01873270800001592
image,2,512,2,886043.4371919136,0.020455959000003077
image,2,512,3,884081.12943576,0.01917345800001158
image,2,512,4,884601.0400818097,0.020814292000011392
image,2,768,0,886395.5850560296,0.0199087499999564
image,2,768,1,885234.9178787881,0.0244046249999883
image,2,768,2,886326.1040473899,0.020960415999979887
image,2,768,3,883984.852046343,0.023281499999995958
image,2,768,4,886320.0849362932,0.022930916999996498
image,2,1024,0,885104.946489909,0.02677583299998787
image,2,1024,1,887458.082136142,0.024997165999991466
image,2,1024,2,884554.7884297393,0.025843667000003734
image,2,1024,3,883944.9534313214,0.025366749999989224
image,2,1024,4,885982.683532369,0.025544999999965512
image,2,1536,0,884102.3368767945,0.02823762500003113
image,2,1536,1,885875.1435721018,0.03019562499997619
image,2,1536,2,883812.2920153515,0.027245790999984365
image,2,1536,3,885151.9768743484,0.027151583000033952
image,2,1536,4,884597.6307743571,0.027654167000036978
image,2,2048,0,884645.9550300798,0.03156620799995835
image,2,2048,1,884453.4432912752,0.03275949999999739
image,2,2048,2,883692.456498387,0.031189457999971637
image,2,2048,3,884492.6149109887,0.0302142499999718
image,2,2048,4,884643.4971375109,0.028312416999995094
image,2,3072,0,884623.4776081056,0.03935716600000205
image,2,3072,1,883748.0038345604,0.047205958000006376
image,2,3072,2,883879.8914464889,0.03839599999997745
image,2,3072,3,884189.0160734968,0.03921816700000136
image,2,3072,4,884063.9213704027,0.03682504099998596
image,2,4096,0,883926.2176133321,0.04748150000000351
image,2,4096,1,883657.4517528233,0.04511283300001878
image,2,4096,2,883869.9603771596,0.04129599999998845
image,2,4096,3,883629.5153655842,0.04612229100001741
image,2,4096,4,883646.7493585291,0.041646709000019655
image,2,8192,0,883866.6502072227,0.047718207999992046
image,2,8192,1,883575.7047820169,0.04874829199997066
image,2,8192,2,883588.4209470632,0.044839249999995445
image,2,8192,3,883547.0572540456,0.04775308299997505
image,2,8192,4,883507.4651698038,0.04749383400002216
image,3,64,0,499183.0404339711,0.013532917000020461
image,3,64,1,496237.0566208366,0.014382416999978886
image,3,64,2,504173.4288432099,0.01502575000000661
image,3,64,3,496303.7658976766,0.01479554200000166
image,3,64,4,505795.41903683677,0.014586208000025636
image,3,96,0,489458.8705847599,0.014816708000012113
image,3,96,1,498043.7186476959,0.014074666999988494
image,3,96,2,499826.1009130358,0.014276124999980766
image,3,96,3,493421.7571063846,0.018585749999999734
image,3,96,4,499906.70568902744,0.01698204199999509
image,3,128,0,486727.0661854895,0.015085791000046811
image,3,128,1,494177.4925267498,0.015302249999990636
image,3,128,2,492063.86250401166,0.016991999999959262
image,3,128,3,491247.17779909255,0.01614104100002578
image,3,128,4,500291.6274978942,0.015257542000028934
image,3,192,0,486529.21834729065,0.015226792000021305
image,3,192,1,490635.49946342537,0.01507125000000542
image,3,192,2,493576.7015482617,0.01648841700000503
image,3,192,3,494079.80149763584,0.01647758300003943
image,3,192,4,497863.11508936604,0.016205082999988463
image,3,256,0,487019.95594075177,0.015840166999964822
image,3,256,1,491697.3110718892,0.01747445799998104
image,3,256,2,491568.33787345194,0.017399167000007765
image,3,256,3,497950.50473523093,0.016290916999992078
image,3,256,4,497559.0722600318,0.016260624999972606
image,3,384,0,487791.01430407213,0.018492750000007163
image,3,384,1,490224.296236479,0.018889500000000226
image,3,384,2,491409.3497834877,0.02080508300002748
image,3,384,3,488368.07887846365,0.020259083999974337
image,3,384,4,497283.7605483171,0.02040799999997489
image,3,512,0,487156.6554076081,0.020452125000019805
image,3,512,1,493275.6737557908,0.01972733299999163
image,3,512,2,491619.3468574508,0.019717332999960036
image,3,512,3,488386.18055465096,0.022062667000000147
image,3,512,4,488852.5570805211,0.02038833300002807
image,3,768,0,486550.8110872304,0.02119679200001201
image,3,768,1,491334.12296846864,0.02108295900001167
image,3,768,2,490117.2292250391,0.02050629199999321
image,3,768,3,489056.46307705756,0.02452154099995596
image,3,768,4,489447.43113491184,0.022887249999996584
image,3,1024,0,485680.9625966089,0.025334832999988066
image,3,1024,1,494335.3381301143,0.02561054199998125
image,3,1024,2,487905.2461362843,0.027282540999976845
image,3,1024,3,487033.66057229345,0.026679582999975082
image,3,1024,4,489903.05778000865,0.027754582999989452
image,3,1536,0,485621.1995849245,0.02829266600002711
image,3,1536,1,490013.83704968786,0.03192004199996745
image,3,1536,2,487076.2139415981,0.033225166000022455
image,3,1536,3,486902.4834108845,0.02973925000003419
image,3,1536,4,490259.1164092871,0.03255137500002547
image,3,2048,0,486867.61043950764,0.03327112499999885
image,3,2048,1,487498.4040375093,0.03423879200005331
image,3,2048,2,486723.2139123158,0.035190374999956475
image,3,2048,3,486341.78371536074,0.036859457999980805
image,3,2048,4,487588.78154684766,0.03360604099998454
image,3,3072,0,486005.40331138775,0.039803375000019514
image,3,3072,1,486210.9575448324,0.04231337499999199
image,3,3072,2,486429.0066082358,0.04037491700000828
image,3,3072,3,485749.5226586374,0.043883291000042846
image,3,3072,4,486684.9787466461,0.04335733400000663
image,3,4096,0,485722.4047350226,0.04789466699998002
image,3,4096,1,485738.3173909156,0.0483022500000061
image,3,4096,2,485982.4552672423,0.044026125000016236
image,3,4096,3,485622.4085370424,0.05108379099999638
image,3,4096,4,486239.6590833391,0.048118334000037066
image,3,8192,0,485814.6444645862,0.04864262499995675
image,3,8192,1,485485.4996990072,0.047002832999964994
image,3,8192,2,485476.24146016565,0.04984737500001302
image,3,8192,3,485502.8802951495,0.05252116600001955
image,3,8192,4,485493.7897620857,0.04680016699995804
image,4,64,0,399298.2998861238,0.014698915999986184
image,4,64,1,401790.3816836042,0.014264792000005855
image,4,64,2,417079.57275901875,0.014418750000004366
image,4,64,3,394604.3885300157,0.015213916999982757
image,4,64,4,417643.857885054,0.014000875000022006
image,4,96,0,389855.0076438784,0.015505457999950067
image,4,96,1,404160.20314925426,0.015521750000004886
image,4,96,2,399808.05062976526,0.015850374999956784
image,4,96,3,391094.06275411096,0.01539316699995652
image,4,96,4,401668.57774195983,0.015354124999987562
image,4,128,0,386333.2541345785,0.015983666000011
image,4,128,1,414780.8237405405,0.016043542000033995
image,4,128,2,392476.39255753625,0.016147875000001477
image,4,128,3,392476.94439602917,0.016133125000010295
image,4,128,4,395999.0368487624,0.0159092079999823
image,4,192,0,385217.2938598487,0.016354166999974495
image,4,192,1,390606.5709747254,0.015756207999970684
image,4,192,2,399338.8411190144,0.015427041000009467
image,4,192,3,388029.5557366369,0.015573125000003074
image,4,192,4,389867.0527572654,0.016992540999979155
image,4,256,0,389030.06947673566,0.017506292000007306
image,4,256,1,387098.50786793366,0.01643874999996342
image,4,256,2,393349.285197772,0.016992000000016105
image,4,256,3,396441.59435493435,0.018332332999989376
image,4,256,4,396178.5046551703,0.016451291999999285
image,4,384,0,386376.89057382644,0.020644833000005747
image,4,384,1,384537.93961555144,0.020627666999985195
image,4,384,2,392575.8540179285,0.01954445800004123
image,4,384,3,386329.29639333335,0.021168624999972963
image,4,384,4,395742.7719847588,0.020206374999986565
image,4,512,0,385995.95318176626,0.020052499999962947
image,4,512,1,386295.0900621484,0.02220608400000401
image,4,512,2,388928.9608785746,0.02103829200001428
image,4,512,3,384961.3898543672,0.021983208999984072
image,4,512,4,388438.7664031576,0.019504541999992853
image,4,768,0,385298.60682053753,0.02322479200000771
image,4,768,1,383884.90904273867,0.02287187500002119
image,4,768,2,387682.8823149819,0.023014750000015738
image,4,768,3,386552.4432194431,0.024480707999998685
image,4,768,4,388544.2436023561,0.024935083999992003
image,4,1024,0,381791.50600200874,0.024946292000038284
image,4,1024,1,382899.79437115154,0.03016504099997519
image,4,1024,2,386364.3832807873,0.028398834000029183
image,4,1024,3,384734.3203922217,0.027884540999991714
image,4,1024,4,388458.47887562594,0.028083750000007512
image,4,1536,0,381956.00499255606,0.03699349999999413
image,4,1536,1,382729.1272366632,0.039044666999984656
image,4,1536,2,386207.2004574194,0.03464762499999097
image,4,1536,3,384540.4594150302,0.03458954199999198
image,4,1536,4,388638.86899033515,0.03042158300002029
image,4,2048,0,382523.45600116544,0.04865083300001061
image,4,2048,1,382120.63628719805,0.040284624999969765
image,4,2048,2,385854.1356016847,0.03721020900002259
image,4,2048,3,384428.11397267185,0.03484824999998182
image,4,2048,4,382968.60926693835,0.03944837500000631
image,4,3072,0,381924.04429883475,0.04893012499996985
image,4,3072,1,381677.386087598,0.05083133299996234
image,4,3072,2,385009.37229077984,0.05355758300004254
image,4,3072,3,382699.01208576816,0.05301491599999508
image,4,3072,4,382254.7754551685,0.050288082999998096
image,4,4096,0,381816.13170544506,0.05474041700000498
image,4,4096,1,381717.50400804763,0.05808391599998686
image,4,4096,2,384514.37794779445,0.06249741700003142
image,4,4096,3,382701.45106648287,0.05013170799998079
image,4,4096,4,381855.64911458537,0.05548312500002339
image,4,8192,0,381773.5074887983,0.08050500000001648
image,4,8192,1,381888.8855701868,0.06079679199996235
image,4,8192,2,384295.49904061825,0.06993249999999307
image,4,8192,3,381866.21480289975,0.05745145800000273
image,4,8192,4,381468.7536414611,0.06731262499999957
image,6,64,0,257526.8715218673,0.015524583000001257
image,6,64,1,305643.7295773323,0.015547207999986767
image,6,64,2,254525.59109996248,0.015134582999962731
image,6,64,3,263489.4883457087,0.016756708999992043
image,6,64,4,269713.75930774916,0.01576962500001855
image,6,96,0,238868.71889077107,0.015203374999998687
image,6,96,1,271357.35523432447,0.014712416999998368
image,6,96,2,256787.31548991302,0.015908208000041668
image,6,96,3,258458.28058375744,0.016141333000007307
image,6,96,4,247844.98530327316,0.01591400000000931
image,6,128,0,239740.76173438216,0.01532866700000568
image,6,128,1,250955.99627337686,0.016802374999997483
image,6,128,2,245648.5084766529,0.016903875000025437
image,6,128,3,256525.02115678048,0.016972083000041494
image,6,128,4,245158.7034286459,0.016836874999967222
image,6,192,0,239383.08134708667,0.017179582999972354
image,6,192,1,252840.90352857462,0.017204165999999077
image,6,192,2,239620.81064851582,0.018524333000016213
image,6,192,3,272655.9386473519,0.01763095799998382
image,6,192,4,241098.25988355954,0.017794041000001926
image,6,256,0,235873.5463863296,0.01882516700004544
image,6,256,1,246389.0820130159,0.019110665999960474
image,6,256,2,240499.39436934132,0.018713999999988573
image,6,256,3,247546.7967706669,0.01759891599999719
image,6,256,4,256829.5075001806,0.01796745799998689
image,6,384,0,236324.62150791322,0.023902499999962856
image,6,384,1,241704.16858963453,0.02565737499998022
image,6,384,2,245308.9892662219,0.02485137499996881
image,6,384,3,243218.38648268083,0.026162749999969037
image,6,384,4,242493.20976844802,0.022594708999974955
image,6,512,0,234975.5140913517,0.024400167000010242
image,6,512,1,234930.30870963936,0.025589792000005218
image,6,512,2,238315.90623345613,0.022863374999985808
image,6,512,3,239138.86681120927,0.02325749999999971
image,6,512,4,236870.32380475095,0.02463441600002625
image,6,768,0,236057.77539450992,0.030018332999986796
image,6,768,1,236177.1611712071,0.03151925000003075
image,6,768,2,237362.1557741684,0.026521333999994567
image,6,768,3,246022.88163528213,0.028683166999996956
image,6,768,4,250670.72700483576,0.025606082999956925
image,6,1024,0,234494.72914850345,0.030044041999985893
image,6,1024,1,234893.89018998318,0.033658707999961734
image,6,1024,2,237364.305722021,0.03269458299996586
image,6,1024,3,236606.8946727549,0.03670820799999319
image,6,1024,4,236384.8731960159,0.03107266699998945
image,6,1536,0,233627.07659647684,0.04014491700002054
image,6,1536,1,234810.22454130318,0.0426006249999773
image,6,1536,2,236563.88619296503,0.045408792000046105
image,6,1536,3,235473.97327943504,0.039895500000000084
image,6,1536,4,233419.89679777922,0.0374707920000219
image,6,2048,0,233548.53399248634,0.04985391599996092
image,6,2048,1,234982.66534586265,0.04498995799997374
image,6,2048,2,234679.29730578905,0.04683975000000373
image,6,2048,3,236060.33877816086,0.056876332999991064
image,6,2048,4,232996.2129262853,0.05262241599996287
image,6,3072,0,233332.71282535087,0.06237320899998622
image,6,3072,1,234734.75196571785,0.07237133299997822
image,6,3072,2,234221.6783056024,0.05773429200002056
image,6,3072,3,233590.32665677305,0.06389066700000967
image,6,3072,4,233039.34004259622,0.06863412499996002
image,6,4096,0,232931.7729655534,0.0697152089999804
image,6,4096,1,233823.15761718783,0.07011187500000915
image,6,4096,2,232784.48372478626,0.0669717080000396
image,6,4096,3,234239.01639223268,0.07237975000003871
image,6,4096,4,232614.14388993135,0.1042557079999824
image,6,8192,0,232834.32193696662,0.07843320900002482
image,6,8192,1,232655.8778426388,0.11258529199994882
image,6,8192,2,232757.77600974482,0.08721975000003113
image,6,8192,3,232788.2086362504,0.1138560829999733
image,6,8192,4,232629.67821630815,0.12106883299998117
image,8,64,0,202490.595954695,0.015490042000010362
image,8,64,1,230515.57809510196,0.01433187499998212
image,8,64,2,218220.12278365294,0.01540070799995874
image,8,64,3,211846.9104452654,0.015394624999998996
image,8,64,4,233957.80016964895,0.014593040999955065
image,8,96,0,198014.69358505204,0.015048249999949803
image,8,96,1,216434.1565608081,0.015162083000006987
image,8,96,2,207536.0764854958,0.014316208000025199
image,8,96,3,197146.75037061152,0.01633191700000225
image,8,96,4,200111.05553757393,0.015420083000037721
image,8,128,0,196264.03038350906,0.015708207999978185
image,8,128,1,208245.98536138676,0.015857874999994692
image,8,128,2,192838.9815450738,0.017397541999969235
image,8,128,3,201025.4674255634,0.017363665999994282
image,8,128,4,203066.32764267645,0.01660050000003821
image,8,192,0,197105.82933543887,0.017711833000021215
image,8,192,1,201986.42547353616,0.017169458000012128
image,8,192,2,189941.75993258072,0.017221459000040795
image,8,192,3,198849.55006992986,0.017516084000021692
image,8,192,4,200613.28862415114,0.017129709000016646
image,8,256,0,193863.8827463679,0.01764479099995242
image,8,256,1,199609.68214953196,0.019156749999979183
image,8,256,2,188378.62251572675,0.01841337499996598
image,8,256,3,197180.47978590397,0.01925779200001898
image,8,256,4,198824.19356492063,0.01715941700001622
image,8,384,0,185983.31508878374,0.022670875000017077
image,8,384,1,197323.35167608425,0.021953333999988445
image,8,384,2,190050.28154706996,0.023846083999956136
image,8,384,3,192469.1109732555,0.021848541999986537
image,8,384,4,201731.3766662525,0.021400249999999232
image,8,512,0,184468.27618689742,0.023155499999973017
image,8,512,1,182942.409972397,0.024900124999987838
image,8,512,2,187487.77019670047,0.022725167000032798
image,8,512,3,194882.12216554923,0.023480916999972123
image,8,512,4,190152.18622520854,0.024238458000013452
image,8,768,0,183217.30105866955,0.027240415999983725
image,8,768,1,195808.06971391986,0.030193542000006346
image,8,768,2,186548.67716347193,0.0284123339999951
image,8,768,3,197298.67583342895,0.027915415999984816
image,8,768,4,193947.66313603293,0.02940204200001517
image,8,1024,0,186772.93260279135,0.036184708000007504
image,8,1024,1,186283.7108202336,0.03845125000003691
image,8,1024,2,186871.40553901298,0.03180783299995937
image,8,1024,3,186457.7198734399,0.03389049999998406
image,8,1024,4,184428.15613481047,0.03257083400001193
image,8,1536,0,183633.15826985717,0.039277166999966084
image,8,1536,1,185898.37487685162,0.04785716600002843
image,8,1536,2,184776.0890099943,0.04138495900002681
image,8,1536,3,186590.75605070358,0.04612816600001679
image,8,1536,4,183295.60640132966,0.04377245799997809
image,8,2048,0,181011.60085379836,0.053485333000026
image,8,2048,1,186032.67197570836,0.05042320799998379
image,8,2048,2,181872.25916543684,0.0507475410000211
image,8,2048,3,184230.7111527567,0.06008449999995946
image,8,2048,4,181376.50976654878,0.058761124999989534
image,8,3072,0,180615.54942755625,0.06618029200001274
image,8,3072,1,182197.8014503561,0.08191079199997375
image,8,3072,2,180948.70275716356,0.06421916599998667
image,8,3072,3,182628.0463997369,0.07203658299999915
image,8,3072,4,183544.22040185233,0.06479649999999992
image,8,4096,0,180541.34480164843,0.08997504199999184
image,8,4096,1,184299.5831163687,0.08092970899997454
image,8,4096,2,180972.27152037606,0.07824200000004566
image,8,4096,3,182499.6778241959,0.08253816600000619
image,8,4096,4,180612.9925015858,0.09765558399999463
image,8,8192,0,180195.76859522116,0.11989420800000516
image,8,8192,1,182431.95240997168,0.10181970899998305
image,8,8192,2,180404.03163084114,0.098599207999996
image,8,8192,3,182296.14614548697,0.08417520799997646
image,8,8192,4,180294.9070532053,0.11411279200001445
image,12,64,0,148524.86514512793,0.01661433300000681
image,12,64,1,173861.83653077675,0.017693165999958183
image,12,64,2,170449.99119770664,0.016430624999998145
image,12,64,3,154220.03876755372,0.017438083000001825
image,12,64,4,155025.9616116892,0.017663542000036614
image,12,96,0,139511.516616558,0.016985334000025887
image,12,96,1,155024.05783971807,0.016524417000027825
image,12,96,2,155584.62127865982,0.016247250000049007
image,12,96,3,137674.37977682982,0.017444667000006575
image,12,96,4,137674.03917362576,0.01702545799997779
image,12,128,0,145204.19169796235,0.0172628749999717
image,12,128,1,141168.77227860506,0.018051958000000923
image,12,128,2,138462.00011755017,0.01876137499999686
image,12,128,3,136376.67818938344,0.018711584000016046
image,12,128,4,128852.07722544605,0.019758416000001944
image,12,192,0,132928.02012874506,0.019038125000008677
image,12,192,1,134604.99307750523,0.01988412499997594
image,12,192,2,143719.42953832925,0.020137999999974454
image,12,192,3,131249.7142766586,0.02268670899997005
image,12,192,4,129957.78518993162,0.02108795800000962
image,12,256,0,123881.51025329366,0.021500582999976814
image,12,256,1,130771.13255232791,0.02246820900001012
image,12,256,2,130530.88407596885,0.020544250000000375
image,12,256,3,140209.60113895868,0.02175908399999571
image,12,256,4,125066.18003558544,0.021456207999960952
image,12,384,0,122833.06928766104,0.026084749999995438
image,12,384,1,124558.97140606574,0.02513883300002817
image,12,384,2,130637.47767427108,0.025439709000011135
image,12,384,3,133193.8248099839,0.024163583000017752
image,12,384,4,124546.6438744548,0.025585833999969054
image,12,512,0,121740.34826860213,0.025241542000003392
image,12,512,1,122797.56150846252,0.02440599999999904
image,12,512,2,125248.44802172577,0.02676374999998643
image,12,512,3,123966.74561663855,0.027131708000013077
image,12,512,4,122776.66494508235,0.02664858399998593
image,12,768,0,118553.30478507056,0.030911624999987453
image,12,768,1,124604.14736583657,0.029593374999990374
image,12,768,2,120376.45538621237,0.030971332999968126
image,12,768,3,126932.43402064414,0.03199045799999567
image,12,768,4,122702.25792020076,0.034091084000010596
image,12,1024,0,118956.72524087585,0.037081542000009904
image,12,1024,1,120753.07422412487,0.04002749999995103
image,12,1024,2,119729.93547085715,0.03529154099999232
image,12,1024,3,118419.89792023979,0.04635550000000421
image,12,1024,4,125379.40842604009,0.03549795800000766
image,12,1536,0,118973.86988825131,0.04939845799998466
image,12,1536,1,120527.85187417909,0.04832170800000313
image,12,1536,2,118837.2830194803,0.04642358299997795
image,12,1536,3,118697.00048797221,0.04746966599998359
image,12,1536,4,118237.89010581984,0.04638987499998848
image,12,2048,0,117542.49633688605,0.05656241700000919
image,12,2048,1,120242.16092763665,0.057387708000021576
image,12,2048,2,118262.02776307688,0.05827841699999681
image,12,2048,3,118312.41597071731,0.057092334000003575
image,12,2048,4,117926.04357129421,0.0532113749999894
image,12,3072,0,117481.64358316649,0.07836462500000607
image,12,3072,1,117702.64181488114,0.07739683299996614
image,12,3072,2,118006.8281826797,0.08043504199997642
image,12,3072,3,118604.49542232048,0.07525258399999757
image,12,3072,4,118937.79817553844,0.06814200000002302
image,12,4096,0,117767.25077576336,0.10140529199998127
image,12,4096,1,118950.32861275767,0.09083341600000949
image,12,4096,2,120107.42242594004,0.08431537499996011
image,12,4096,3,117008.83082413046,0.08046654200001058
image,12,4096,4,119302.27554276572,0.09213579200002187
image,12,8192,0,118370.27815353688,0.11002795799998921
image,12,8192,1,116994.7273805743,0.09811845799998764
image,12,8192,2,117206.83728922473,0.10896275000004607
image,12,8192,3,116823.44954454142,0.13563670799999272
image,12,8192,4,116850.60910365061,0.12173645799998667
image,16,64,0,112110.08640521314,0.017502583999998933
image,16,64,1,150652.07571074297,0.019215416000008645
image,16,64,2,134406.75537720526,0.01881566700001258
image,16,64,3,117514.53691686824,0.017785707999962597
image,16,64,4,136261.5923085395,0.018765207999990707
image,16,96,0,107460.12944915853,0.018539040999996814
image,16,96,1,129680.32283591472,0.019914708999976938
image,16,96,2,116175.22742665428,0.019316917000026024
image,16,96,3,105997.6215133453,0.019685874999993302
image,16,96,4,105620.57200135494,0.019846749999999247
image,16,128,0,107060.31807836588,0.01983291599998438
image,16,128,1,115019.34991906378,0.020622624999987238
image,16,128,2,110459.46636755181,0.02010033400000566
image,16,128,3,109815.03302974068,0.020952041000043664
image,16,128,4,104028.15020201626,0.020347374999971635
image,16,192,0,111756.57954103067,0.02081537499998376
image,16,192,1,104668.80411018664,0.021207209000010607
image,16,192,2,105599.52903576916,0.031168499999978394
image,16,192,3,99698.31748192389,0.035522666999952435
image,16,192,4,99200.20324278934,0.02262604099996679
image,16,256,0,102641.3415363576,0.02218533299998171
image,16,256,1,104869.31015618726,0.023295666999956666
image,16,256,2,102375.82469924852,0.023649832999979026
image,16,256,3,100359.85964942773,0.022944375000008677
image,16,256,4,102600.77171085976,0.023349499999994805
image,16,384,0,103621.22953873394,0.028087832999972306
image,16,384,1,101290.76244073204,0.02810183400004007
image,16,384,2,97483.19671719555,0.02815320900003826
image,16,384,3,98160.66825239288,0.027790584000001672
image,16,384,4,94293.40676108909,0.027168583999980456
image,16,512,0,95171.53659480394,0.027606250000019372
image,16,512,1,90388.10562604526,0.030517083999995975
image,16,512,2,96462.51529208991,0.028505666999990353
image,16,512,3,93025.99777676821,0.029032458000017414
image,16,512,4,94941.17699625914,0.0310140830000023
image,16,768,0,94739.76600097911,0.03260870899998736
image,16,768,1,88402.50711616386,0.03456008299997393
image,16,768,2,94545.42038650649,0.034897916000034
image,16,768,3,92447.3094299295,0.03265387499999406
image,16,768,4,92989.76946266327,0.03333333300003005
image,16,1024,0,90813.26332947178,0.037083333999987644
image,16,1024,1,90657.15219676119,0.0397741250000081
image,16,1024,2,91181.36998521409,0.04077599999999393
image,16,1024,3,89778.05327155716,0.041085916999975325
image,16,1024,4,89545.25244202695,0.03651495799999793
image,16,1536,0,88685.83173928242,0.04629808400000002
image,16,1536,1,88318.24825735521,0.04663216699998429
image,16,1536,2,92604.46202515098,0.044529624999995576
image,16,1536,3,89966.85244639791,0.05656504199998835
image,16,1536,4,87049.17860553724,0.05010404199998675
image,16,2048,0,88605.68757017143,0.055199625000000196
image,16,2048,1,89938.13494365153,0.06519220800004177
image,16,2048,2,89414.85928090863,0.0591169999999579
image,16,2048,3,89671.58315586494,0.054573500000003605
image,16,2048,4,88674.6067755937,0.05298375000000988
image,16,3072,0,86838.77896365058,0.08467241699997885
image,16,3072,1,86997.87527550629,0.07790070799995874
image,16,3072,2,87367.65505399347,0.07829787499997565
image,16,3072,3,88967.19098797676,0.07815520799999831
image,16,3072,4,89346.56189993683,0.07876325000000861
image,16,4096,0,88057.45007726045,0.10289195899997594
image,16,4096,1,86607.65788594152,0.08977824999999484
image,16,4096,2,87020.07704677359,0.09394466700001658
image,16,4096,3,86686.42038410214,0.09297204200004217
image,16,4096,4,88374.01238530099,0.09477637499998082
image,16,8192,0,88229.74792710324,0.10473400000000765
image,16,8192,1,87794.26180953135,0.11385808299996825
image,16,8192,2,88015.79853546225,0.10664866700000175
image,16,8192,3,88088.00121840365,0.1091625420000355
image,16,8192,4,86713.38404880017,0.12801241600004687
image,24,64,0,80652.04672027177,0.020348500000011427
image,24,64,1,123781.93393425275,0.021460457999978644
image,24,64,2,110391.56241130258,0.01981241700002556
image,24,64,3,92575.81624425724,0.0214717910000104
image,24,64,4,107779.33587752217,0.02057491700003311
image,24,96,0,78458.64613380047,0.02131733300001315
image,24,96,1,97406.84484452465,0.02252741600000263
image,24,96,2,91288.80098223414,0.021648583000001054
image,24,96,3,79188.0747056154,0.02153116599998839
image,24,96,4,80768.33586365536,0.023039582999956565
image,24,128,0,75346.7894206744,0.02171504199998253
image,24,128,1,84094.96539912463,0.024303000000031716
image,24,128,2,80510.97714891519,0.023489666999978454
image,24,128,3,71458.06577235802,0.02412379200001169
image,24,128,4,72543.56604403025,0.023272375000033207
image,24,192,0,76696.55927297506,0.02469979099998909
image,24,192,1,78582.2739154991,0.02557312499999398
image,24,192,2,79909.44529861152,0.02582745900002692
image,24,192,3,71344.27390980814,0.02646250000003647
image,24,192,4,69210.11500261891,0.02888241700003391
image,24,256,0,70484.54093913098,0.028879249999988588
image,24,256,1,77985.52321776192,0.028769791000001987
image,24,256,2,77846.0432149206,0.029186584000001403
image,24,256,3,66432.60733435652,0.028893874999994296
image,24,256,4,72309.34295953726,0.02936499999998432
image,24,384,0,71180.63454616639,0.03371045899996261
image,24,384,1,68106.23329041753,0.0331928339999763
image,24,384,2,69658.30675868328,0.03509191699998837
image,24,384,3,66326.76721342678,0.03413691699995525
image,24,384,4,66464.15272413002,0.035116166000022986
image,24,512,0,63794.4115760441,0.034311582999976054
image,24,512,1,63876.61709227141,0.03611462499998197
image,24,512,2,69676.17527890854,0.032871458999977676
image,24,512,3,63157.671430441296,0.03247291600001745
image,24,512,4,65290.12879812716,0.03575429099998928
image,24,768,0,65110.31794840501,0.04240429099996845
image,24,768,1,65640.05193034973,0.04456275000001142
image,24,768,2,65551.13049484968,0.037496000000032836
image,24,768,3,63681.89992731272,0.038615749999962645
image,24,768,4,64916.535411800374,0.03914766700000882
image,24,1024,0,62743.849899393324,0.04548329200002854
image,24,1024,1,63907.78181952521,0.0455335000000332
image,24,1024,2,65543.80238986877,0.04156529199997294
image,24,1024,3,59933.54933556963,0.04183920900004523
image,24,1024,4,61081.76299508792,0.04311912499997561
image,24,1536,0,60643.967795740384,0.05680849999998827
image,24,1536,1,59826.19455855592,0.050916125000014745
image,24,1536,2,61674.554370533784,0.05334087500000351
image,24,1536,3,60217.6123910653,0.054863917000034235
image,24,1536,4,59015.93497487728,0.05493054200002234
image,24,2048,0,62547.87408100623,0.07127916700000014
image,24,2048,1,61099.41000465396,0.06748570799999243
image,24,2048,2,60404.07408048309,0.06713120899996738
image,24,2048,3,58196.71531678089,0.06994570799997746
image,24,2048,4,58618.56240505733,0.06734662500002742
image,24,3072,0,59091.943386307365,0.09062775000001011
image,24,3072,1,59785.63719443717,0.09302045800001224
image,24,3072,2,59080.56261481733,0.08043204099999457
image,24,3072,3,58697.61623615695,0.08707708399998637
image,24,3072,4,59602.79474516422,0.08928658299998915
image,24,4096,0,58672.19054485672,0.12277920900004347
image,24,4096,1,60124.426711906424,0.10452204099999562
image,24,4096,2,59064.4898582024,0.0979225839999458
image,24,4096,3,58703.052134260906,0.10076408300000139
image,24,4096,4,59608.63246666576,0.09610695800000713
image,24,8192,0,57496.13451272129,0.1438196249999919
image,24,8192,1,57501.59364280654,0.13630225000002838
image,24,8192,2,57658.22195984474,0.13622645799995325
image,24,8192,3,57991.44081263977,0.13721566600003143
image,24,8192,4,57939.49405462935,0.13160833300003105
image,32,64,0,71602.04689712865,0.0220156660000157
image,32,64,1,107146.27694567903,0.023168415999975878
image,32,64,2,100063.19007334267,0.024406375000012304
image,32,64,3,78925.26539021825,0.023501916999975947
image,32,64,4,92647.46948166094,0.024059834000013325
image,32,96,0,64683.39793949673,0.022771583000007922
image,32,96,1,80660.38250030213,0.024066084000025967
image,32,96,2,80622.68310900238,0.02523808299997654
image,32,96,3,65014.75235539793,0.025073958000007224
image,32,96,4,63080.07157207027,0.02548787499995342
image,32,128,0,65578.4742041631,0.026040667000017947
image,32,128,1,65920.05639421621,0.026467874999980268
image,32,128,2,63494.65544803252,0.026743749999980082
image,32,128,3,60993.221197369945,0.02813654200002702
image,32,128,4,59079.687431596656,0.028296582999985276
image,32,192,0,59157.88631267817,0.028329874999997173
image,32,192,1,61180.75143612909,0.029419791000009354
image,32,192,2,63452.73956986533,0.03160816600001226
image,32,192,3,54629.03135465371,0.032462415999987115
image,32,192,4,55330.824950644914,0.032723874999987856
image,32,256,0,54486.284839580214,0.031219542000030742
image,32,256,1,55063.20215336389,0.03231595800002651
image,32,256,2,64493.36476836654,0.032364916000005906
image,32,256,3,53160.58718319766,0.03337966700001971
image,32,256,4,58054.24804683794,0.033441041000003224
image,32,384,0,54316.16959689955,0.03928783300000305
image,32,384,1,53236.61417685335,0.03714237500003037
image,32,384,2,60611.32157896354,0.03775437499996315
image,32,384,3,51372.969288623586,0.03636204200000748
image,32,384,4,52775.899140482994,0.03684883300002184
image,32,512,0,49443.725818896804,0.03867208299999447
image,32,512,1,51619.736192752884,0.03762704199999689
image,32,512,2,52531.83266260154,0.036796291000030124
image,32,512,3,49338.77990960944,0.03768262499994535
image,32,512,4,50422.01464287175,0.036436500000036176
image,32,768,0,48731.05518978255,0.04375579199995627
image,32,768,1,50206.81584387294,0.04179775000000063
image,32,768,2,49743.16998347106,0.04106879100004335
image,32,768,3,48271.840268741886,0.04444366699999591
image,32,768,4,48314.375812556114,0.04234991600003468
image,32,1024,0,47114.423780999896,0.04777649999999767
image,32,1024,1,47530.61464629731,0.04869545899998684
image,32,1024,2,48662.76587585284,0.04425300000002608
image,32,1024,3,46787.9475061197,0.046258582999996634
image,32,1024,4,47358.92313735169,0.05079562500003476
image,32,1536,0,45797.674174466185,0.058094957999969665
image,32,1536,1,46992.27424247765,0.06122229099997867
image,32,1536,2,49065.357807594206,0.05923245799999677
image,32,1536,3,46262.069571386135,0.06037749999995867
image,32,1536,4,46327.72195981831,0.060564499999998134
image,32,2048,0,45266.05533343542,0.06644816699997591
image,32,2048,1,46281.69903656215,0.06796900000000505
image,32,2048,2,46848.6623267738,0.06728158300001041
image,32,2048,3,46822.580938061925,0.07197116599996889
image,32,2048,4,45923.46100812898,0.07525637499998084
image,32,3072,0,45035.29955966797,0.09661962500001664
image,32,3072,1,45982.60068844569,0.08960087500003056
image,32,3072,2,46692.44170140695,0.09632033299999421
image,32,3072,3,45352.945691558605,0.09523887500000683
image,32,3072,4,46479.82516525006,0.09126449999996566
image,32,4096,0,44475.27534048716,0.11138212499997735
image,32,4096,1,45317.64496832833,0.10775812500003212
image,32,4096,2,45034.52374114501,0.10164754100003393
image,32,4096,3,45171.82371932633,0.1159891249999987
image,32,4096,4,45415.29444784935,0.1258876250000185
image,32,8192,0,44209.750175058005,0.13876666700002716
image,32,8192,1,44571.47600250865,0.1463327920000097
image,32,8192,2,45460.15070818422,0.142776667000021
image,32,8192,3,43682.00848024964,0.1533653329999538
image,32,8192,4,45020.295927711944,0.14961545900001738
image,48,64,0,63204.46196650199,0.02579350000002023
image,48,64,1,100250.3633206515,0.025521916999991845
image,48,64,2,95676.84059273223,0.027093165999986013
image,48,64,3,68974.41894680863,0.027251250000006166
image,48,64,4,82312.78468114209,0.027448375000005854
image,48,96,0,54470.84471807662,0.029675417000021298
image,48,96,1,65872.17756484031,0.0293125839999675
image,48,96,2,70157.35735009062,0.029248083000027236
image,48,96,3,49050.79168668816,0.03669629099999838
image,48,96,4,47367.08600818718,0.032752875000028325
image,48,128,0,49482.69952689998,0.030917541000007986
image,48,128,1,53906.345723565246,0.03315541699998903
image,48,128,2,50747.053908489164,0.03289120799996681
image,48,128,3,46910.81323742951,0.033822500000042055
image,48,128,4,42408.697647862115,0.03688766699997359
image,48,192,0,44519.067947277916,0.03962591700002349
image,48,192,1,44453.9789878107,0.03571487499999648
image,48,192,2,49486.5835900662,0.038523458000042865
image,48,192,3,40122.25904269752,0.04750054099997669
image,48,192,4,41801.34529636171,0.037705374999973174
image,48,256,0,39131.5551861559,0.03726433399998541
image,48,256,1,41627.80128213962,0.0396342079999954
image,48,256,2,42890.06310795022,0.03781258300000445
image,48,256,3,38477.79809832401,0.03826820799997677
image,48,256,4,38419.032420411546,0.03944933399998263
image,48,384,0,38650.70544936427,0.04335200000002715
image,48,384,1,38698.252065033535,0.04073945800001866
image,48,384,2,42336.77911826688,0.04395499999998265
image,48,384,3,37149.52702219101,0.043139042000007066
image,48,384,4,37215.825816375414,0.04576550000001589
image,48,512,0,35717.5052266989,0.044800542000018595
image,48,512,1,35722.564004096566,0.04325787499999478
image,48,512,2,37697.92879504391,0.04951641700000664
image,48,512,3,35209.026000804064,0.045752417000016976
image,48,512,4,36847.54982775017,0.04528479199996127
image,48,768,0,34674.340332365384,0.04976508400000057
image,48,768,1,34673.69103150113,0.04753479200002175
image,48,768,2,34791.1461337793,0.04944145799998978
image,48,768,3,34054.05015459554,0.051098791999947935
image,48,768,4,34008.56367104091,0.050452500000005784
image,48,1024,0,32879.31024318133,0.05474741700004415
image,48,1024,1,34508.184421949045,0.05539125000001377
image,48,1024,2,33391.226100816966,0.05536754199999905
image,48,1024,3,33672.421318718894,0.05774591700003384
image,48,1024,4,33300.32533814932,0.05778591700004654
image,48,1536,0,32199.48348192479,0.06658770799998592
image,48,1536,1,32981.73908944757,0.07400716699999066
image,48,1536,2,31955.16479338438,0.06971370899998419
image,48,1536,3,32703.421525202702,0.06647012500002347
image,48,1536,4,32821.32876741546,0.06772333300000355
image,48,2048,0,31738.254731867404,0.11959516699999995
image,48,2048,1,32222.231817555097,0.07887099999999236
image,48,2048,2,32548.31155012751,0.08211391700001514
image,48,2048,3,32389.337986800696,0.0800692500000082
image,48,2048,4,32015.13629589848,0.0833857920000014
image,48,3072,0,31089.722302264607,0.10958299999998644
image,48,3072,1,32051.236169774333,0.11297291699997913
image,48,3072,2,30900.73950466179,0.1168208340000092
image,48,3072,3,31197.69293352938,0.10564141700001528
image,48,3072,4,30954.36762446918,0.10704804200003082
image,48,4096,0,31163.058408700905,0.13015849999999318
image,48,4096,1,31340.124654148607,0.12355320900002198
image,48,4096,2,30829.634577717665,0.12405866699998569
image,48,4096,3,31112.567660871493,0.13282091700000365
image,48,4096,4,30947.517506892265,0.12667249999998376
image,48,8192,0,29837.455292026592,0.16476145899997618
image,48,8192,1,30802.081785938735,0.1875275829999623
image,48,8192,2,30421.57988425586,0.16305737499999395
image,48,8192,3,30653.114154872517,0.15568933400004425
image,48,8192,4,30170.113709850386,0.17158899999998312
image,64,96,0,50817.18468828182,0.035633582999992086
image,64,96,1,62135.25251689619,0.03326941700004227
image,64,96,2,66680.71112242296,0.03473804100002553
image,64,96,3,45817.03200395749,0.03450104200004489
image,64,96,4,43793.88694655155,0.03467783299998928
image,64,128,0,45421.188620031135,0.0377716669999586
image,64,128,1,47234.69276658512,0.03890004200002295
image,64,128,2,46414.79832915052,0.042063999999982116
image,64,128,3,41751.97663540518,0.04058783299996094
image,64,128,4,36449.66997894412,0.04043533400005117
image,64,192,0,35663.988479906526,0.04138000000000375
image,64,192,1,37556.408023272284,0.045221958000013274
image,64,192,2,42549.66200454714,0.043993082999975286
image,64,192,3,33434.975971896354,0.04462920800000347
image,64,192,4,35323.47626731286,0.04453983399997696
image,64,256,0,32171.444428720068,0.0470140420000007
image,64,256,1,33549.404634573286,0.04513420899996845
image,64,256,2,37883.53091008814,0.04502804100002322
image,64,256,3,31682.193940744575,0.0470427500000028
image,64,256,4,31829.136981873045,0.04555420899998808
image,64,384,0,31688.289490846742,0.04939891700001908
image,64,384,1,28384.06735636832,0.049353666000001795
image,64,384,2,35458.323698054046,0.04870433299998922
image,64,384,3,28929.573020205327,0.05060570899996719
image,64,384,4,30706.91447555341,0.05124129199998606
image,64,512,0,28398.332884274307,0.05244520800005148
image,64,512,1,27115.12818469747,0.05126062499999762
image,64,512,2,30578.53790380684,0.053423042000019905
image,64,512,3,28521.496364337218,0.05183404100000644
image,64,512,4,29441.571222949202,0.05147833300003413
image,64,768,0,27183.73996579983,0.05824175000003606
image,64,768,1,26317.129338649644,0.061237500000004275
image,64,768,2,27295.247468917412,0.05985579200000757
image,64,768,3,26574.841701080764,0.06141995799998767
image,64,768,4,26810.690956947677,0.056774291000010635
image,64,1024,0,25226.153786701954,0.06395266700002367
image,64,1024,1,26449.138685672253,0.06521620800003802
image,64,1024,2,25933.130382743177,0.06895608299998912
image,64,1024,3,25969.66421941173,0.06622391700000207
image,64,1024,4,25440.70724206735,0.0653325000000109
image,64,1536,0,24464.776841410727,0.08131762499999695
image,64,1536,1,25644.847536682923,0.0784120419999681
image,64,1536,2,24866.343767585156,0.08005250000002206
image,64,1536,3,25409.22029863897,0.07956904200000281
image,64,1536,4,24786.460711010688,0.0802100420000329
image,64,2048,0,23817.66568515002,0.09394154099999241
image,64,2048,1,24986.9735557033,0.09500004199998102
image,64,2048,2,23680.90494934658,0.10729558299999553
image,64,2048,3,24895.70547541697,0.09673541699999078
image,64,2048,4,24455.536282831217,0.091959667000026
image,64,3072,0,23439.33972443844,0.12593604200003483
image,64,3072,1,23817.339531424994,0.1257547499999987
image,64,3072,2,23823.092735868417,0.12060316700001295
image,64,3072,3,23982.716635192148,0.12007216700004619
image,64,3072,4,23680.56222345156,0.12204937500001733
image,64,4096,0,23136.47502075056,0.1384869590000335
image,64,4096,1,23268.76637100486,0.15308579200001304
image,64,4096,2,23317.90698658692,0.14912866600002417
image,64,4096,3,23345.967507104506,0.13202799999999115
image,64,4096,4,23750.798453601907,0.14340099999998301
image,64,8192,0,22857.06147491255,0.18097199999999702
image,64,8192,1,22686.88469253927,0.1924353750000023
image,64,8192,2,22943.35351924093,0.1935011250000116
image,64,8192,3,23091.264324655047,0.18346449999995684
image,64,8192,4,22823.998319365786,0.18982083299999886
